18:26:22.156 [main] [INFO ] c.e.a.l.p.PostLedgerProcessorTest.logStarting:55 - Starting PostLedgerProcessorTest using Java 11.0.29 on Sunsunsun with PID 28132 (started by Sun in D:\TestProgram\Java\JavaEE\z-exchange\ledger-service)
18:26:22.159 [main] [INFO ] c.e.a.l.p.PostLedgerProcessorTest.logStartupProfileInfo:631 - No active profile set, falling back to 1 default profile: "default"
18:26:22.782 [main] [INFO ] o.s.d.r.c.RepositoryConfigurationDelegate.multipleStoresDetected:262 - Multiple Spring Data modules found, entering strict repository configuration mode
18:26:22.784 [main] [INFO ] o.s.d.r.c.RepositoryConfigurationDelegate.registerRepositoriesIn:132 - Bootstrapping Spring Data Redis repositories in DEFAULT mode.
18:26:22.806 [main] [INFO ] o.s.d.r.c.RepositoryConfigurationDelegate.registerRepositoriesIn:201 - Finished Spring Data repository scanning in 9 ms. Found 0 Redis repository interfaces.
18:26:24.997 [main] [INFO ] n.d.b.g.s.a.GrpcServerFactoryAutoConfiguration.shadedNettyGrpcServerFactory:74 - Detected grpc-netty-shaded: Creating ShadedNettyGrpcServerFactory
18:26:25.345 [main] [INFO ] o.a.k.c.consumer.ConsumerConfig.logAll:376 - ConsumerConfig values: 
	allow.auto.create.topics = true
	auto.commit.interval.ms = 5000
	auto.offset.reset = latest
	bootstrap.servers = [192.168.52.100:9092]
	check.crcs = true
	client.dns.lookup = use_all_dns_ips
	client.id = consumer-wallet-post-1
	client.rack = 
	connections.max.idle.ms = 540000
	default.api.timeout.ms = 60000
	enable.auto.commit = false
	exclude.internal.topics = true
	fetch.max.bytes = 52428800
	fetch.max.wait.ms = 500
	fetch.min.bytes = 1
	group.id = wallet-post
	group.instance.id = null
	heartbeat.interval.ms = 3000
	interceptor.classes = []
	internal.leave.group.on.close = true
	internal.throw.on.fetch.stable.offset.unsupported = false
	isolation.level = read_uncommitted
	key.deserializer = class org.apache.kafka.common.serialization.StringDeserializer
	max.partition.fetch.bytes = 1048576
	max.poll.interval.ms = 300000
	max.poll.records = 500
	metadata.max.age.ms = 300000
	metric.reporters = []
	metrics.num.samples = 2
	metrics.recording.level = INFO
	metrics.sample.window.ms = 30000
	partition.assignment.strategy = [class org.apache.kafka.clients.consumer.RangeAssignor, class org.apache.kafka.clients.consumer.CooperativeStickyAssignor]
	receive.buffer.bytes = 65536
	reconnect.backoff.max.ms = 1000
	reconnect.backoff.ms = 50
	request.timeout.ms = 30000
	retry.backoff.ms = 100
	sasl.client.callback.handler.class = null
	sasl.jaas.config = null
	sasl.kerberos.kinit.cmd = /usr/bin/kinit
	sasl.kerberos.min.time.before.relogin = 60000
	sasl.kerberos.service.name = null
	sasl.kerberos.ticket.renew.jitter = 0.05
	sasl.kerberos.ticket.renew.window.factor = 0.8
	sasl.login.callback.handler.class = null
	sasl.login.class = null
	sasl.login.connect.timeout.ms = null
	sasl.login.read.timeout.ms = null
	sasl.login.refresh.buffer.seconds = 300
	sasl.login.refresh.min.period.seconds = 60
	sasl.login.refresh.window.factor = 0.8
	sasl.login.refresh.window.jitter = 0.05
	sasl.login.retry.backoff.max.ms = 10000
	sasl.login.retry.backoff.ms = 100
	sasl.mechanism = GSSAPI
	sasl.oauthbearer.clock.skew.seconds = 30
	sasl.oauthbearer.expected.audience = null
	sasl.oauthbearer.expected.issuer = null
	sasl.oauthbearer.jwks.endpoint.refresh.ms = 3600000
	sasl.oauthbearer.jwks.endpoint.retry.backoff.max.ms = 10000
	sasl.oauthbearer.jwks.endpoint.retry.backoff.ms = 100
	sasl.oauthbearer.jwks.endpoint.url = null
	sasl.oauthbearer.scope.claim.name = scope
	sasl.oauthbearer.sub.claim.name = sub
	sasl.oauthbearer.token.endpoint.url = null
	security.protocol = PLAINTEXT
	security.providers = null
	send.buffer.bytes = 131072
	session.timeout.ms = 45000
	socket.connection.setup.timeout.max.ms = 30000
	socket.connection.setup.timeout.ms = 10000
	ssl.cipher.suites = null
	ssl.enabled.protocols = [TLSv1.2, TLSv1.3]
	ssl.endpoint.identification.algorithm = https
	ssl.engine.factory.class = null
	ssl.key.password = null
	ssl.keymanager.algorithm = SunX509
	ssl.keystore.certificate.chain = null
	ssl.keystore.key = null
	ssl.keystore.location = null
	ssl.keystore.password = null
	ssl.keystore.type = JKS
	ssl.protocol = TLSv1.3
	ssl.provider = null
	ssl.secure.random.implementation = null
	ssl.trustmanager.algorithm = PKIX
	ssl.truststore.certificates = null
	ssl.truststore.location = null
	ssl.truststore.password = null
	ssl.truststore.type = JKS
	value.deserializer = class org.apache.kafka.common.serialization.ByteArrayDeserializer

18:26:25.430 [main] [INFO ] o.a.kafka.common.utils.AppInfoParser.<init>:119 - Kafka version: 3.1.2
18:26:25.431 [main] [INFO ] o.a.kafka.common.utils.AppInfoParser.<init>:120 - Kafka commitId: f8c67dc3ae0a3265
18:26:25.431 [main] [INFO ] o.a.kafka.common.utils.AppInfoParser.<init>:121 - Kafka startTimeMs: 1772619985428
18:26:25.434 [main] [INFO ] o.a.k.clients.consumer.KafkaConsumer.subscribe:966 - [Consumer clientId=consumer-wallet-post-1, groupId=wallet-post] Subscribed to topic(s): wallet.ledger.command.posting
18:26:25.438 [main] [INFO ] o.a.k.c.consumer.ConsumerConfig.logAll:376 - ConsumerConfig values: 
	allow.auto.create.topics = true
	auto.commit.interval.ms = 5000
	auto.offset.reset = latest
	bootstrap.servers = [192.168.52.100:9092]
	check.crcs = true
	client.dns.lookup = use_all_dns_ips
	client.id = consumer-wallet-post-2
	client.rack = 
	connections.max.idle.ms = 540000
	default.api.timeout.ms = 60000
	enable.auto.commit = false
	exclude.internal.topics = true
	fetch.max.bytes = 52428800
	fetch.max.wait.ms = 500
	fetch.min.bytes = 1
	group.id = wallet-post
	group.instance.id = null
	heartbeat.interval.ms = 3000
	interceptor.classes = []
	internal.leave.group.on.close = true
	internal.throw.on.fetch.stable.offset.unsupported = false
	isolation.level = read_uncommitted
	key.deserializer = class org.apache.kafka.common.serialization.StringDeserializer
	max.partition.fetch.bytes = 1048576
	max.poll.interval.ms = 300000
	max.poll.records = 500
	metadata.max.age.ms = 300000
	metric.reporters = []
	metrics.num.samples = 2
	metrics.recording.level = INFO
	metrics.sample.window.ms = 30000
	partition.assignment.strategy = [class org.apache.kafka.clients.consumer.RangeAssignor, class org.apache.kafka.clients.consumer.CooperativeStickyAssignor]
	receive.buffer.bytes = 65536
	reconnect.backoff.max.ms = 1000
	reconnect.backoff.ms = 50
	request.timeout.ms = 30000
	retry.backoff.ms = 100
	sasl.client.callback.handler.class = null
	sasl.jaas.config = null
	sasl.kerberos.kinit.cmd = /usr/bin/kinit
	sasl.kerberos.min.time.before.relogin = 60000
	sasl.kerberos.service.name = null
	sasl.kerberos.ticket.renew.jitter = 0.05
	sasl.kerberos.ticket.renew.window.factor = 0.8
	sasl.login.callback.handler.class = null
	sasl.login.class = null
	sasl.login.connect.timeout.ms = null
	sasl.login.read.timeout.ms = null
	sasl.login.refresh.buffer.seconds = 300
	sasl.login.refresh.min.period.seconds = 60
	sasl.login.refresh.window.factor = 0.8
	sasl.login.refresh.window.jitter = 0.05
	sasl.login.retry.backoff.max.ms = 10000
	sasl.login.retry.backoff.ms = 100
	sasl.mechanism = GSSAPI
	sasl.oauthbearer.clock.skew.seconds = 30
	sasl.oauthbearer.expected.audience = null
	sasl.oauthbearer.expected.issuer = null
	sasl.oauthbearer.jwks.endpoint.refresh.ms = 3600000
	sasl.oauthbearer.jwks.endpoint.retry.backoff.max.ms = 10000
	sasl.oauthbearer.jwks.endpoint.retry.backoff.ms = 100
	sasl.oauthbearer.jwks.endpoint.url = null
	sasl.oauthbearer.scope.claim.name = scope
	sasl.oauthbearer.sub.claim.name = sub
	sasl.oauthbearer.token.endpoint.url = null
	security.protocol = PLAINTEXT
	security.providers = null
	send.buffer.bytes = 131072
	session.timeout.ms = 45000
	socket.connection.setup.timeout.max.ms = 30000
	socket.connection.setup.timeout.ms = 10000
	ssl.cipher.suites = null
	ssl.enabled.protocols = [TLSv1.2, TLSv1.3]
	ssl.endpoint.identification.algorithm = https
	ssl.engine.factory.class = null
	ssl.key.password = null
	ssl.keymanager.algorithm = SunX509
	ssl.keystore.certificate.chain = null
	ssl.keystore.key = null
	ssl.keystore.location = null
	ssl.keystore.password = null
	ssl.keystore.type = JKS
	ssl.protocol = TLSv1.3
	ssl.provider = null
	ssl.secure.random.implementation = null
	ssl.trustmanager.algorithm = PKIX
	ssl.truststore.certificates = null
	ssl.truststore.location = null
	ssl.truststore.password = null
	ssl.truststore.type = JKS
	value.deserializer = class org.apache.kafka.common.serialization.ByteArrayDeserializer

18:26:25.445 [main] [INFO ] o.a.kafka.common.utils.AppInfoParser.<init>:119 - Kafka version: 3.1.2
18:26:25.445 [main] [INFO ] o.a.kafka.common.utils.AppInfoParser.<init>:120 - Kafka commitId: f8c67dc3ae0a3265
18:26:25.445 [main] [INFO ] o.a.kafka.common.utils.AppInfoParser.<init>:121 - Kafka startTimeMs: 1772619985445
18:26:25.446 [main] [INFO ] o.a.k.clients.consumer.KafkaConsumer.subscribe:966 - [Consumer clientId=consumer-wallet-post-2, groupId=wallet-post] Subscribed to topic(s): wallet.ledger.command.posting
18:26:25.449 [main] [INFO ] o.a.k.c.consumer.ConsumerConfig.logAll:376 - ConsumerConfig values: 
	allow.auto.create.topics = true
	auto.commit.interval.ms = 5000
	auto.offset.reset = latest
	bootstrap.servers = [192.168.52.100:9092]
	check.crcs = true
	client.dns.lookup = use_all_dns_ips
	client.id = consumer-wallet-post-3
	client.rack = 
	connections.max.idle.ms = 540000
	default.api.timeout.ms = 60000
	enable.auto.commit = false
	exclude.internal.topics = true
	fetch.max.bytes = 52428800
	fetch.max.wait.ms = 500
	fetch.min.bytes = 1
	group.id = wallet-post
	group.instance.id = null
	heartbeat.interval.ms = 3000
	interceptor.classes = []
	internal.leave.group.on.close = true
	internal.throw.on.fetch.stable.offset.unsupported = false
	isolation.level = read_uncommitted
	key.deserializer = class org.apache.kafka.common.serialization.StringDeserializer
	max.partition.fetch.bytes = 1048576
	max.poll.interval.ms = 300000
	max.poll.records = 500
	metadata.max.age.ms = 300000
	metric.reporters = []
	metrics.num.samples = 2
	metrics.recording.level = INFO
	metrics.sample.window.ms = 30000
	partition.assignment.strategy = [class org.apache.kafka.clients.consumer.RangeAssignor, class org.apache.kafka.clients.consumer.CooperativeStickyAssignor]
	receive.buffer.bytes = 65536
	reconnect.backoff.max.ms = 1000
	reconnect.backoff.ms = 50
	request.timeout.ms = 30000
	retry.backoff.ms = 100
	sasl.client.callback.handler.class = null
	sasl.jaas.config = null
	sasl.kerberos.kinit.cmd = /usr/bin/kinit
	sasl.kerberos.min.time.before.relogin = 60000
	sasl.kerberos.service.name = null
	sasl.kerberos.ticket.renew.jitter = 0.05
	sasl.kerberos.ticket.renew.window.factor = 0.8
	sasl.login.callback.handler.class = null
	sasl.login.class = null
	sasl.login.connect.timeout.ms = null
	sasl.login.read.timeout.ms = null
	sasl.login.refresh.buffer.seconds = 300
	sasl.login.refresh.min.period.seconds = 60
	sasl.login.refresh.window.factor = 0.8
	sasl.login.refresh.window.jitter = 0.05
	sasl.login.retry.backoff.max.ms = 10000
	sasl.login.retry.backoff.ms = 100
	sasl.mechanism = GSSAPI
	sasl.oauthbearer.clock.skew.seconds = 30
	sasl.oauthbearer.expected.audience = null
	sasl.oauthbearer.expected.issuer = null
	sasl.oauthbearer.jwks.endpoint.refresh.ms = 3600000
	sasl.oauthbearer.jwks.endpoint.retry.backoff.max.ms = 10000
	sasl.oauthbearer.jwks.endpoint.retry.backoff.ms = 100
	sasl.oauthbearer.jwks.endpoint.url = null
	sasl.oauthbearer.scope.claim.name = scope
	sasl.oauthbearer.sub.claim.name = sub
	sasl.oauthbearer.token.endpoint.url = null
	security.protocol = PLAINTEXT
	security.providers = null
	send.buffer.bytes = 131072
	session.timeout.ms = 45000
	socket.connection.setup.timeout.max.ms = 30000
	socket.connection.setup.timeout.ms = 10000
	ssl.cipher.suites = null
	ssl.enabled.protocols = [TLSv1.2, TLSv1.3]
	ssl.endpoint.identification.algorithm = https
	ssl.engine.factory.class = null
	ssl.key.password = null
	ssl.keymanager.algorithm = SunX509
	ssl.keystore.certificate.chain = null
	ssl.keystore.key = null
	ssl.keystore.location = null
	ssl.keystore.password = null
	ssl.keystore.type = JKS
	ssl.protocol = TLSv1.3
	ssl.provider = null
	ssl.secure.random.implementation = null
	ssl.trustmanager.algorithm = PKIX
	ssl.truststore.certificates = null
	ssl.truststore.location = null
	ssl.truststore.password = null
	ssl.truststore.type = JKS
	value.deserializer = class org.apache.kafka.common.serialization.ByteArrayDeserializer

18:26:25.453 [main] [INFO ] o.a.kafka.common.utils.AppInfoParser.<init>:119 - Kafka version: 3.1.2
18:26:25.454 [main] [INFO ] o.a.kafka.common.utils.AppInfoParser.<init>:120 - Kafka commitId: f8c67dc3ae0a3265
18:26:25.455 [main] [INFO ] o.a.kafka.common.utils.AppInfoParser.<init>:121 - Kafka startTimeMs: 1772619985453
18:26:25.456 [main] [INFO ] o.a.k.clients.consumer.KafkaConsumer.subscribe:966 - [Consumer clientId=consumer-wallet-post-3, groupId=wallet-post] Subscribed to topic(s): wallet.ledger.command.posting
18:26:25.567 [main] [INFO ] n.d.b.g.s.s.AbstractGrpcServerFactory.configureServices:108 - Registered gRPC service: ledger.AccountService, bean: accountServiceImpl, class: com.exchange.app.ledger.service.AccountServiceImpl
18:26:25.567 [main] [INFO ] n.d.b.g.s.s.AbstractGrpcServerFactory.configureServices:108 - Registered gRPC service: ledger.PostService, bean: postServiceImpl, class: com.exchange.app.ledger.service.PostServiceImpl
18:26:25.568 [main] [INFO ] n.d.b.g.s.s.AbstractGrpcServerFactory.configureServices:108 - Registered gRPC service: grpc.health.v1.Health, bean: grpcHealthService, class: io.grpc.protobuf.services.HealthServiceImpl
18:26:25.568 [main] [INFO ] n.d.b.g.s.s.AbstractGrpcServerFactory.configureServices:108 - Registered gRPC service: grpc.reflection.v1alpha.ServerReflection, bean: protoReflectionService, class: io.grpc.protobuf.services.ProtoReflectionService
18:26:25.849 [org.springframework.kafka.KafkaListenerEndpointContainer#0-0-C-1] [INFO ] org.apache.kafka.clients.Metadata.updateLatestMetadata:402 - [Consumer clientId=consumer-wallet-post-1, groupId=wallet-post] Resetting the last seen epoch of partition wallet.ledger.command.posting-0 to 0 since the associated topicId changed from null to 6CMdvSfjT4i9qNvLK0rz0g
18:26:25.849 [org.springframework.kafka.KafkaListenerEndpointContainer#0-2-C-1] [INFO ] org.apache.kafka.clients.Metadata.updateLatestMetadata:402 - [Consumer clientId=consumer-wallet-post-3, groupId=wallet-post] Resetting the last seen epoch of partition wallet.ledger.command.posting-0 to 0 since the associated topicId changed from null to 6CMdvSfjT4i9qNvLK0rz0g
18:26:25.849 [org.springframework.kafka.KafkaListenerEndpointContainer#0-1-C-1] [INFO ] org.apache.kafka.clients.Metadata.updateLatestMetadata:402 - [Consumer clientId=consumer-wallet-post-2, groupId=wallet-post] Resetting the last seen epoch of partition wallet.ledger.command.posting-0 to 0 since the associated topicId changed from null to 6CMdvSfjT4i9qNvLK0rz0g
18:26:25.853 [org.springframework.kafka.KafkaListenerEndpointContainer#0-2-C-1] [INFO ] org.apache.kafka.clients.Metadata.update:287 - [Consumer clientId=consumer-wallet-post-3, groupId=wallet-post] Cluster ID: xhieLtErTGiHtNba1-gbcg
18:26:25.853 [org.springframework.kafka.KafkaListenerEndpointContainer#0-0-C-1] [INFO ] org.apache.kafka.clients.Metadata.update:287 - [Consumer clientId=consumer-wallet-post-1, groupId=wallet-post] Cluster ID: xhieLtErTGiHtNba1-gbcg
18:26:25.853 [org.springframework.kafka.KafkaListenerEndpointContainer#0-1-C-1] [INFO ] org.apache.kafka.clients.Metadata.update:287 - [Consumer clientId=consumer-wallet-post-2, groupId=wallet-post] Cluster ID: xhieLtErTGiHtNba1-gbcg
18:26:25.854 [org.springframework.kafka.KafkaListenerEndpointContainer#0-2-C-1] [INFO ] o.a.k.c.c.i.ConsumerCoordinator.onSuccess:853 - [Consumer clientId=consumer-wallet-post-3, groupId=wallet-post] Discovered group coordinator 192.168.52.100:9092 (id: 2147483647 rack: null)
18:26:25.854 [org.springframework.kafka.KafkaListenerEndpointContainer#0-0-C-1] [INFO ] o.a.k.c.c.i.ConsumerCoordinator.onSuccess:853 - [Consumer clientId=consumer-wallet-post-1, groupId=wallet-post] Discovered group coordinator 192.168.52.100:9092 (id: 2147483647 rack: null)
18:26:25.854 [org.springframework.kafka.KafkaListenerEndpointContainer#0-1-C-1] [INFO ] o.a.k.c.c.i.ConsumerCoordinator.onSuccess:853 - [Consumer clientId=consumer-wallet-post-2, groupId=wallet-post] Discovered group coordinator 192.168.52.100:9092 (id: 2147483647 rack: null)
18:26:25.857 [org.springframework.kafka.KafkaListenerEndpointContainer#0-1-C-1] [INFO ] o.a.k.c.c.i.ConsumerCoordinator.sendJoinGroupRequest:535 - [Consumer clientId=consumer-wallet-post-2, groupId=wallet-post] (Re-)joining group
18:26:25.857 [org.springframework.kafka.KafkaListenerEndpointContainer#0-0-C-1] [INFO ] o.a.k.c.c.i.ConsumerCoordinator.sendJoinGroupRequest:535 - [Consumer clientId=consumer-wallet-post-1, groupId=wallet-post] (Re-)joining group
18:26:25.857 [org.springframework.kafka.KafkaListenerEndpointContainer#0-2-C-1] [INFO ] o.a.k.c.c.i.ConsumerCoordinator.sendJoinGroupRequest:535 - [Consumer clientId=consumer-wallet-post-3, groupId=wallet-post] (Re-)joining group
18:26:25.874 [org.springframework.kafka.KafkaListenerEndpointContainer#0-0-C-1] [INFO ] o.a.k.c.c.i.ConsumerCoordinator.requestRejoin:1000 - [Consumer clientId=consumer-wallet-post-1, groupId=wallet-post] Request joining group due to: need to re-join with the given member-id
18:26:25.874 [org.springframework.kafka.KafkaListenerEndpointContainer#0-0-C-1] [INFO ] o.a.k.c.c.i.ConsumerCoordinator.sendJoinGroupRequest:535 - [Consumer clientId=consumer-wallet-post-1, groupId=wallet-post] (Re-)joining group
18:26:25.875 [org.springframework.kafka.KafkaListenerEndpointContainer#0-1-C-1] [INFO ] o.a.k.c.c.i.ConsumerCoordinator.requestRejoin:1000 - [Consumer clientId=consumer-wallet-post-2, groupId=wallet-post] Request joining group due to: need to re-join with the given member-id
18:26:25.875 [org.springframework.kafka.KafkaListenerEndpointContainer#0-1-C-1] [INFO ] o.a.k.c.c.i.ConsumerCoordinator.sendJoinGroupRequest:535 - [Consumer clientId=consumer-wallet-post-2, groupId=wallet-post] (Re-)joining group
18:26:25.875 [org.springframework.kafka.KafkaListenerEndpointContainer#0-2-C-1] [INFO ] o.a.k.c.c.i.ConsumerCoordinator.requestRejoin:1000 - [Consumer clientId=consumer-wallet-post-3, groupId=wallet-post] Request joining group due to: need to re-join with the given member-id
18:26:25.876 [org.springframework.kafka.KafkaListenerEndpointContainer#0-2-C-1] [INFO ] o.a.k.c.c.i.ConsumerCoordinator.sendJoinGroupRequest:535 - [Consumer clientId=consumer-wallet-post-3, groupId=wallet-post] (Re-)joining group
18:26:25.881 [org.springframework.kafka.KafkaListenerEndpointContainer#0-2-C-1] [INFO ] o.a.k.c.c.i.ConsumerCoordinator.handle:595 - [Consumer clientId=consumer-wallet-post-3, groupId=wallet-post] Successfully joined group with generation Generation{generationId=31, memberId='consumer-wallet-post-3-2d5077b6-d745-41ce-9813-0812b9b3502a', protocol='range'}
18:26:25.881 [org.springframework.kafka.KafkaListenerEndpointContainer#0-1-C-1] [INFO ] o.a.k.c.c.i.ConsumerCoordinator.handle:595 - [Consumer clientId=consumer-wallet-post-2, groupId=wallet-post] Successfully joined group with generation Generation{generationId=31, memberId='consumer-wallet-post-2-1082e6f4-e069-417c-b30a-b10282643f8f', protocol='range'}
18:26:25.883 [org.springframework.kafka.KafkaListenerEndpointContainer#0-0-C-1] [INFO ] o.a.k.c.c.i.ConsumerCoordinator.handle:595 - [Consumer clientId=consumer-wallet-post-1, groupId=wallet-post] Successfully joined group with generation Generation{generationId=31, memberId='consumer-wallet-post-1-db0b78a4-5e60-4150-abbc-430b208fdeb9', protocol='range'}
18:26:25.885 [org.springframework.kafka.KafkaListenerEndpointContainer#0-0-C-1] [INFO ] o.a.k.c.c.i.ConsumerCoordinator.performAssignment:659 - [Consumer clientId=consumer-wallet-post-1, groupId=wallet-post] Finished assignment for group at generation 31: {consumer-wallet-post-3-2d5077b6-d745-41ce-9813-0812b9b3502a=Assignment(partitions=[]), consumer-wallet-post-1-db0b78a4-5e60-4150-abbc-430b208fdeb9=Assignment(partitions=[wallet.ledger.command.posting-0]), consumer-wallet-post-2-1082e6f4-e069-417c-b30a-b10282643f8f=Assignment(partitions=[])}
18:26:25.910 [org.springframework.kafka.KafkaListenerEndpointContainer#0-2-C-1] [INFO ] o.a.k.c.c.i.ConsumerCoordinator.handle:761 - [Consumer clientId=consumer-wallet-post-3, groupId=wallet-post] Successfully synced group in generation Generation{generationId=31, memberId='consumer-wallet-post-3-2d5077b6-d745-41ce-9813-0812b9b3502a', protocol='range'}
18:26:25.910 [org.springframework.kafka.KafkaListenerEndpointContainer#0-1-C-1] [INFO ] o.a.k.c.c.i.ConsumerCoordinator.handle:761 - [Consumer clientId=consumer-wallet-post-2, groupId=wallet-post] Successfully synced group in generation Generation{generationId=31, memberId='consumer-wallet-post-2-1082e6f4-e069-417c-b30a-b10282643f8f', protocol='range'}
18:26:25.911 [org.springframework.kafka.KafkaListenerEndpointContainer#0-2-C-1] [INFO ] o.a.k.c.c.i.ConsumerCoordinator.invokeOnAssignment:280 - [Consumer clientId=consumer-wallet-post-3, groupId=wallet-post] Notifying assignor about the new Assignment(partitions=[])
18:26:25.912 [org.springframework.kafka.KafkaListenerEndpointContainer#0-2-C-1] [INFO ] o.a.k.c.c.i.ConsumerCoordinator.invokePartitionsAssigned:292 - [Consumer clientId=consumer-wallet-post-3, groupId=wallet-post] Adding newly assigned partitions: 
18:26:25.912 [org.springframework.kafka.KafkaListenerEndpointContainer#0-1-C-1] [INFO ] o.a.k.c.c.i.ConsumerCoordinator.invokeOnAssignment:280 - [Consumer clientId=consumer-wallet-post-2, groupId=wallet-post] Notifying assignor about the new Assignment(partitions=[])
18:26:25.912 [org.springframework.kafka.KafkaListenerEndpointContainer#0-1-C-1] [INFO ] o.a.k.c.c.i.ConsumerCoordinator.invokePartitionsAssigned:292 - [Consumer clientId=consumer-wallet-post-2, groupId=wallet-post] Adding newly assigned partitions: 
18:26:25.912 [org.springframework.kafka.KafkaListenerEndpointContainer#0-0-C-1] [INFO ] o.a.k.c.c.i.ConsumerCoordinator.handle:761 - [Consumer clientId=consumer-wallet-post-1, groupId=wallet-post] Successfully synced group in generation Generation{generationId=31, memberId='consumer-wallet-post-1-db0b78a4-5e60-4150-abbc-430b208fdeb9', protocol='range'}
18:26:25.912 [org.springframework.kafka.KafkaListenerEndpointContainer#0-2-C-1] [INFO ] o.s.k.l.KafkaMessageListenerContainer.info:292 - wallet-post: partitions assigned: []
18:26:25.912 [org.springframework.kafka.KafkaListenerEndpointContainer#0-1-C-1] [INFO ] o.s.k.l.KafkaMessageListenerContainer.info:292 - wallet-post: partitions assigned: []
18:26:25.912 [org.springframework.kafka.KafkaListenerEndpointContainer#0-0-C-1] [INFO ] o.a.k.c.c.i.ConsumerCoordinator.invokeOnAssignment:280 - [Consumer clientId=consumer-wallet-post-1, groupId=wallet-post] Notifying assignor about the new Assignment(partitions=[wallet.ledger.command.posting-0])
18:26:25.915 [org.springframework.kafka.KafkaListenerEndpointContainer#0-0-C-1] [INFO ] o.a.k.c.c.i.ConsumerCoordinator.invokePartitionsAssigned:292 - [Consumer clientId=consumer-wallet-post-1, groupId=wallet-post] Adding newly assigned partitions: wallet.ledger.command.posting-0
18:26:25.927 [org.springframework.kafka.KafkaListenerEndpointContainer#0-0-C-1] [INFO ] o.a.k.c.c.i.ConsumerCoordinator.refreshCommittedOffsetsIfNeeded:851 - [Consumer clientId=consumer-wallet-post-1, groupId=wallet-post] Setting offset for partition wallet.ledger.command.posting-0 to the committed offset FetchPosition{offset=64, offsetEpoch=Optional.empty, currentLeader=LeaderAndEpoch{leader=Optional[192.168.52.100:9092 (id: 0 rack: null)], epoch=0}}
18:26:25.929 [org.springframework.kafka.KafkaListenerEndpointContainer#0-0-C-1] [INFO ] o.s.k.l.KafkaMessageListenerContainer.info:292 - wallet-post: partitions assigned: [wallet.ledger.command.posting-0]
18:26:26.061 [main] [INFO ] n.d.b.g.s.s.GrpcServerLifecycle.createAndStartGrpcServer:116 - gRPC Server started, listening on address: *, port: 9091
18:26:26.071 [main] [INFO ] c.e.a.l.p.PostLedgerProcessorTest.logStarted:61 - Started PostLedgerProcessorTest in 4.313 seconds (JVM running for 5.515)
18:26:26.880 [main] [INFO ] com.zaxxer.hikari.HikariDataSource.getConnection:110 - HikariPool-1 - Starting...
18:26:27.015 [main] [INFO ] com.zaxxer.hikari.HikariDataSource.getConnection:123 - HikariPool-1 - Start completed.
18:26:27.062 [main] [INFO ] c.e.a.l.p.PostLedgerProcessorTest.testPostTxnSuccess:63 - reply: error {
  code: ERROR_INTERNAL
  message: "unknown_error"
  detail: "MOCK"
}

18:26:27.164 [SpringApplicationShutdownHook] [INFO ] n.d.b.g.s.s.GrpcServerLifecycle.stopAndReleaseGrpcServer:160 - Completed gRPC server shutdown
18:26:27.165 [org.springframework.kafka.KafkaListenerEndpointContainer#0-2-C-1] [INFO ] o.a.k.c.c.i.ConsumerCoordinator.maybeLeaveGroup:1060 - [Consumer clientId=consumer-wallet-post-3, groupId=wallet-post] Member consumer-wallet-post-3-2d5077b6-d745-41ce-9813-0812b9b3502a sending LeaveGroup request to coordinator 192.168.52.100:9092 (id: 2147483647 rack: null) due to the consumer unsubscribed from all topics
18:26:27.165 [org.springframework.kafka.KafkaListenerEndpointContainer#0-1-C-1] [INFO ] o.a.k.c.c.i.ConsumerCoordinator.maybeLeaveGroup:1060 - [Consumer clientId=consumer-wallet-post-2, groupId=wallet-post] Member consumer-wallet-post-2-1082e6f4-e069-417c-b30a-b10282643f8f sending LeaveGroup request to coordinator 192.168.52.100:9092 (id: 2147483647 rack: null) due to the consumer unsubscribed from all topics
18:26:27.165 [org.springframework.kafka.KafkaListenerEndpointContainer#0-0-C-1] [INFO ] o.a.k.c.c.i.ConsumerCoordinator.invokePartitionsRevoked:311 - [Consumer clientId=consumer-wallet-post-1, groupId=wallet-post] Revoke previously assigned partitions wallet.ledger.command.posting-0
18:26:27.166 [org.springframework.kafka.KafkaListenerEndpointContainer#0-0-C-1] [INFO ] o.s.k.l.KafkaMessageListenerContainer.info:292 - wallet-post: partitions revoked: [wallet.ledger.command.posting-0]
18:26:27.167 [org.springframework.kafka.KafkaListenerEndpointContainer#0-2-C-1] [INFO ] o.a.k.c.c.i.ConsumerCoordinator.resetStateAndGeneration:972 - [Consumer clientId=consumer-wallet-post-3, groupId=wallet-post] Resetting generation due to: consumer pro-actively leaving the group
18:26:27.167 [org.springframework.kafka.KafkaListenerEndpointContainer#0-1-C-1] [INFO ] o.a.k.c.c.i.ConsumerCoordinator.resetStateAndGeneration:972 - [Consumer clientId=consumer-wallet-post-2, groupId=wallet-post] Resetting generation due to: consumer pro-actively leaving the group
18:26:27.167 [org.springframework.kafka.KafkaListenerEndpointContainer#0-0-C-1] [INFO ] o.a.k.c.c.i.ConsumerCoordinator.maybeLeaveGroup:1060 - [Consumer clientId=consumer-wallet-post-1, groupId=wallet-post] Member consumer-wallet-post-1-db0b78a4-5e60-4150-abbc-430b208fdeb9 sending LeaveGroup request to coordinator 192.168.52.100:9092 (id: 2147483647 rack: null) due to the consumer unsubscribed from all topics
18:26:27.167 [org.springframework.kafka.KafkaListenerEndpointContainer#0-2-C-1] [INFO ] o.a.k.c.c.i.ConsumerCoordinator.requestRejoin:1000 - [Consumer clientId=consumer-wallet-post-3, groupId=wallet-post] Request joining group due to: consumer pro-actively leaving the group
18:26:27.167 [org.springframework.kafka.KafkaListenerEndpointContainer#0-1-C-1] [INFO ] o.a.k.c.c.i.ConsumerCoordinator.requestRejoin:1000 - [Consumer clientId=consumer-wallet-post-2, groupId=wallet-post] Request joining group due to: consumer pro-actively leaving the group
18:26:27.167 [org.springframework.kafka.KafkaListenerEndpointContainer#0-2-C-1] [INFO ] o.a.k.clients.consumer.KafkaConsumer.unsubscribe:1075 - [Consumer clientId=consumer-wallet-post-3, groupId=wallet-post] Unsubscribed all topics or patterns and assigned partitions
18:26:27.167 [org.springframework.kafka.KafkaListenerEndpointContainer#0-1-C-1] [INFO ] o.a.k.clients.consumer.KafkaConsumer.unsubscribe:1075 - [Consumer clientId=consumer-wallet-post-2, groupId=wallet-post] Unsubscribed all topics or patterns and assigned partitions
18:26:27.167 [org.springframework.kafka.KafkaListenerEndpointContainer#0-0-C-1] [INFO ] o.a.k.c.c.i.ConsumerCoordinator.resetStateAndGeneration:972 - [Consumer clientId=consumer-wallet-post-1, groupId=wallet-post] Resetting generation due to: consumer pro-actively leaving the group
18:26:27.167 [org.springframework.kafka.KafkaListenerEndpointContainer#0-0-C-1] [INFO ] o.a.k.c.c.i.ConsumerCoordinator.requestRejoin:1000 - [Consumer clientId=consumer-wallet-post-1, groupId=wallet-post] Request joining group due to: consumer pro-actively leaving the group
18:26:27.167 [org.springframework.kafka.KafkaListenerEndpointContainer#0-0-C-1] [INFO ] o.a.k.clients.consumer.KafkaConsumer.unsubscribe:1075 - [Consumer clientId=consumer-wallet-post-1, groupId=wallet-post] Unsubscribed all topics or patterns and assigned partitions
18:26:27.167 [org.springframework.kafka.KafkaListenerEndpointContainer#0-2-C-1] [INFO ] o.a.k.c.c.i.ConsumerCoordinator.resetStateAndGeneration:972 - [Consumer clientId=consumer-wallet-post-3, groupId=wallet-post] Resetting generation due to: consumer pro-actively leaving the group
18:26:27.167 [org.springframework.kafka.KafkaListenerEndpointContainer#0-1-C-1] [INFO ] o.a.k.c.c.i.ConsumerCoordinator.resetStateAndGeneration:972 - [Consumer clientId=consumer-wallet-post-2, groupId=wallet-post] Resetting generation due to: consumer pro-actively leaving the group
18:26:27.168 [org.springframework.kafka.KafkaListenerEndpointContainer#0-0-C-1] [INFO ] o.a.k.c.c.i.ConsumerCoordinator.resetStateAndGeneration:972 - [Consumer clientId=consumer-wallet-post-1, groupId=wallet-post] Resetting generation due to: consumer pro-actively leaving the group
18:26:27.168 [org.springframework.kafka.KafkaListenerEndpointContainer#0-2-C-1] [INFO ] o.a.k.c.c.i.ConsumerCoordinator.requestRejoin:1000 - [Consumer clientId=consumer-wallet-post-3, groupId=wallet-post] Request joining group due to: consumer pro-actively leaving the group
18:26:27.168 [org.springframework.kafka.KafkaListenerEndpointContainer#0-1-C-1] [INFO ] o.a.k.c.c.i.ConsumerCoordinator.requestRejoin:1000 - [Consumer clientId=consumer-wallet-post-2, groupId=wallet-post] Request joining group due to: consumer pro-actively leaving the group
18:26:27.168 [org.springframework.kafka.KafkaListenerEndpointContainer#0-0-C-1] [INFO ] o.a.k.c.c.i.ConsumerCoordinator.requestRejoin:1000 - [Consumer clientId=consumer-wallet-post-1, groupId=wallet-post] Request joining group due to: consumer pro-actively leaving the group
18:26:27.177 [org.springframework.kafka.KafkaListenerEndpointContainer#0-2-C-1] [INFO ] o.a.kafka.common.metrics.Metrics.close:659 - Metrics scheduler closed
18:26:27.177 [org.springframework.kafka.KafkaListenerEndpointContainer#0-2-C-1] [INFO ] o.a.kafka.common.metrics.Metrics.close:663 - Closing reporter org.apache.kafka.common.metrics.JmxReporter
18:26:27.177 [org.springframework.kafka.KafkaListenerEndpointContainer#0-2-C-1] [INFO ] o.a.kafka.common.metrics.Metrics.close:669 - Metrics reporters closed
18:26:27.178 [org.springframework.kafka.KafkaListenerEndpointContainer#0-1-C-1] [INFO ] o.a.kafka.common.metrics.Metrics.close:659 - Metrics scheduler closed
18:26:27.178 [org.springframework.kafka.KafkaListenerEndpointContainer#0-1-C-1] [INFO ] o.a.kafka.common.metrics.Metrics.close:663 - Closing reporter org.apache.kafka.common.metrics.JmxReporter
18:26:27.178 [org.springframework.kafka.KafkaListenerEndpointContainer#0-0-C-1] [INFO ] o.a.kafka.common.metrics.Metrics.close:659 - Metrics scheduler closed
18:26:27.178 [org.springframework.kafka.KafkaListenerEndpointContainer#0-1-C-1] [INFO ] o.a.kafka.common.metrics.Metrics.close:669 - Metrics reporters closed
18:26:27.178 [org.springframework.kafka.KafkaListenerEndpointContainer#0-0-C-1] [INFO ] o.a.kafka.common.metrics.Metrics.close:663 - Closing reporter org.apache.kafka.common.metrics.JmxReporter
18:26:27.179 [org.springframework.kafka.KafkaListenerEndpointContainer#0-0-C-1] [INFO ] o.a.kafka.common.metrics.Metrics.close:669 - Metrics reporters closed
18:26:27.181 [org.springframework.kafka.KafkaListenerEndpointContainer#0-2-C-1] [INFO ] o.a.kafka.common.utils.AppInfoParser.unregisterAppInfo:83 - App info kafka.consumer for consumer-wallet-post-3 unregistered
18:26:27.182 [org.springframework.kafka.KafkaListenerEndpointContainer#0-0-C-1] [INFO ] o.a.kafka.common.utils.AppInfoParser.unregisterAppInfo:83 - App info kafka.consumer for consumer-wallet-post-1 unregistered
18:26:27.182 [org.springframework.kafka.KafkaListenerEndpointContainer#0-1-C-1] [INFO ] o.a.kafka.common.utils.AppInfoParser.unregisterAppInfo:83 - App info kafka.consumer for consumer-wallet-post-2 unregistered
18:26:27.182 [org.springframework.kafka.KafkaListenerEndpointContainer#0-2-C-1] [INFO ] o.s.k.l.KafkaMessageListenerContainer.info:292 - wallet-post: Consumer stopped
18:26:27.182 [org.springframework.kafka.KafkaListenerEndpointContainer#0-1-C-1] [INFO ] o.s.k.l.KafkaMessageListenerContainer.info:292 - wallet-post: Consumer stopped
18:26:27.182 [org.springframework.kafka.KafkaListenerEndpointContainer#0-0-C-1] [INFO ] o.s.k.l.KafkaMessageListenerContainer.info:292 - wallet-post: Consumer stopped
18:26:27.316 [SpringApplicationShutdownHook] [INFO ] com.zaxxer.hikari.HikariDataSource.close:350 - HikariPool-1 - Shutdown initiated...
18:26:27.328 [SpringApplicationShutdownHook] [INFO ] com.zaxxer.hikari.HikariDataSource.close:352 - HikariPool-1 - Shutdown completed.
18:26:45.581 [main] [INFO ] c.e.a.l.p.PostLedgerProcessorTest.logStarting:55 - Starting PostLedgerProcessorTest using Java 11.0.29 on Sunsunsun with PID 39928 (started by Sun in D:\TestProgram\Java\JavaEE\z-exchange\ledger-service)
18:26:45.582 [main] [INFO ] c.e.a.l.p.PostLedgerProcessorTest.logStartupProfileInfo:631 - No active profile set, falling back to 1 default profile: "default"
18:26:46.162 [main] [INFO ] o.s.d.r.c.RepositoryConfigurationDelegate.multipleStoresDetected:262 - Multiple Spring Data modules found, entering strict repository configuration mode
18:26:46.164 [main] [INFO ] o.s.d.r.c.RepositoryConfigurationDelegate.registerRepositoriesIn:132 - Bootstrapping Spring Data Redis repositories in DEFAULT mode.
18:26:46.181 [main] [INFO ] o.s.d.r.c.RepositoryConfigurationDelegate.registerRepositoriesIn:201 - Finished Spring Data repository scanning in 8 ms. Found 0 Redis repository interfaces.
18:26:48.102 [main] [INFO ] n.d.b.g.s.a.GrpcServerFactoryAutoConfiguration.shadedNettyGrpcServerFactory:74 - Detected grpc-netty-shaded: Creating ShadedNettyGrpcServerFactory
18:26:48.549 [main] [INFO ] o.a.k.c.consumer.ConsumerConfig.logAll:376 - ConsumerConfig values: 
	allow.auto.create.topics = true
	auto.commit.interval.ms = 5000
	auto.offset.reset = latest
	bootstrap.servers = [192.168.52.100:9092]
	check.crcs = true
	client.dns.lookup = use_all_dns_ips
	client.id = consumer-wallet-post-1
	client.rack = 
	connections.max.idle.ms = 540000
	default.api.timeout.ms = 60000
	enable.auto.commit = false
	exclude.internal.topics = true
	fetch.max.bytes = 52428800
	fetch.max.wait.ms = 500
	fetch.min.bytes = 1
	group.id = wallet-post
	group.instance.id = null
	heartbeat.interval.ms = 3000
	interceptor.classes = []
	internal.leave.group.on.close = true
	internal.throw.on.fetch.stable.offset.unsupported = false
	isolation.level = read_uncommitted
	key.deserializer = class org.apache.kafka.common.serialization.StringDeserializer
	max.partition.fetch.bytes = 1048576
	max.poll.interval.ms = 300000
	max.poll.records = 500
	metadata.max.age.ms = 300000
	metric.reporters = []
	metrics.num.samples = 2
	metrics.recording.level = INFO
	metrics.sample.window.ms = 30000
	partition.assignment.strategy = [class org.apache.kafka.clients.consumer.RangeAssignor, class org.apache.kafka.clients.consumer.CooperativeStickyAssignor]
	receive.buffer.bytes = 65536
	reconnect.backoff.max.ms = 1000
	reconnect.backoff.ms = 50
	request.timeout.ms = 30000
	retry.backoff.ms = 100
	sasl.client.callback.handler.class = null
	sasl.jaas.config = null
	sasl.kerberos.kinit.cmd = /usr/bin/kinit
	sasl.kerberos.min.time.before.relogin = 60000
	sasl.kerberos.service.name = null
	sasl.kerberos.ticket.renew.jitter = 0.05
	sasl.kerberos.ticket.renew.window.factor = 0.8
	sasl.login.callback.handler.class = null
	sasl.login.class = null
	sasl.login.connect.timeout.ms = null
	sasl.login.read.timeout.ms = null
	sasl.login.refresh.buffer.seconds = 300
	sasl.login.refresh.min.period.seconds = 60
	sasl.login.refresh.window.factor = 0.8
	sasl.login.refresh.window.jitter = 0.05
	sasl.login.retry.backoff.max.ms = 10000
	sasl.login.retry.backoff.ms = 100
	sasl.mechanism = GSSAPI
	sasl.oauthbearer.clock.skew.seconds = 30
	sasl.oauthbearer.expected.audience = null
	sasl.oauthbearer.expected.issuer = null
	sasl.oauthbearer.jwks.endpoint.refresh.ms = 3600000
	sasl.oauthbearer.jwks.endpoint.retry.backoff.max.ms = 10000
	sasl.oauthbearer.jwks.endpoint.retry.backoff.ms = 100
	sasl.oauthbearer.jwks.endpoint.url = null
	sasl.oauthbearer.scope.claim.name = scope
	sasl.oauthbearer.sub.claim.name = sub
	sasl.oauthbearer.token.endpoint.url = null
	security.protocol = PLAINTEXT
	security.providers = null
	send.buffer.bytes = 131072
	session.timeout.ms = 45000
	socket.connection.setup.timeout.max.ms = 30000
	socket.connection.setup.timeout.ms = 10000
	ssl.cipher.suites = null
	ssl.enabled.protocols = [TLSv1.2, TLSv1.3]
	ssl.endpoint.identification.algorithm = https
	ssl.engine.factory.class = null
	ssl.key.password = null
	ssl.keymanager.algorithm = SunX509
	ssl.keystore.certificate.chain = null
	ssl.keystore.key = null
	ssl.keystore.location = null
	ssl.keystore.password = null
	ssl.keystore.type = JKS
	ssl.protocol = TLSv1.3
	ssl.provider = null
	ssl.secure.random.implementation = null
	ssl.trustmanager.algorithm = PKIX
	ssl.truststore.certificates = null
	ssl.truststore.location = null
	ssl.truststore.password = null
	ssl.truststore.type = JKS
	value.deserializer = class org.apache.kafka.common.serialization.ByteArrayDeserializer

18:26:48.656 [main] [INFO ] o.a.kafka.common.utils.AppInfoParser.<init>:119 - Kafka version: 3.1.2
18:26:48.658 [main] [INFO ] o.a.kafka.common.utils.AppInfoParser.<init>:120 - Kafka commitId: f8c67dc3ae0a3265
18:26:48.658 [main] [INFO ] o.a.kafka.common.utils.AppInfoParser.<init>:121 - Kafka startTimeMs: 1772620008654
18:26:48.663 [main] [INFO ] o.a.k.clients.consumer.KafkaConsumer.subscribe:966 - [Consumer clientId=consumer-wallet-post-1, groupId=wallet-post] Subscribed to topic(s): wallet.ledger.command.posting
18:26:48.671 [main] [INFO ] o.a.k.c.consumer.ConsumerConfig.logAll:376 - ConsumerConfig values: 
	allow.auto.create.topics = true
	auto.commit.interval.ms = 5000
	auto.offset.reset = latest
	bootstrap.servers = [192.168.52.100:9092]
	check.crcs = true
	client.dns.lookup = use_all_dns_ips
	client.id = consumer-wallet-post-2
	client.rack = 
	connections.max.idle.ms = 540000
	default.api.timeout.ms = 60000
	enable.auto.commit = false
	exclude.internal.topics = true
	fetch.max.bytes = 52428800
	fetch.max.wait.ms = 500
	fetch.min.bytes = 1
	group.id = wallet-post
	group.instance.id = null
	heartbeat.interval.ms = 3000
	interceptor.classes = []
	internal.leave.group.on.close = true
	internal.throw.on.fetch.stable.offset.unsupported = false
	isolation.level = read_uncommitted
	key.deserializer = class org.apache.kafka.common.serialization.StringDeserializer
	max.partition.fetch.bytes = 1048576
	max.poll.interval.ms = 300000
	max.poll.records = 500
	metadata.max.age.ms = 300000
	metric.reporters = []
	metrics.num.samples = 2
	metrics.recording.level = INFO
	metrics.sample.window.ms = 30000
	partition.assignment.strategy = [class org.apache.kafka.clients.consumer.RangeAssignor, class org.apache.kafka.clients.consumer.CooperativeStickyAssignor]
	receive.buffer.bytes = 65536
	reconnect.backoff.max.ms = 1000
	reconnect.backoff.ms = 50
	request.timeout.ms = 30000
	retry.backoff.ms = 100
	sasl.client.callback.handler.class = null
	sasl.jaas.config = null
	sasl.kerberos.kinit.cmd = /usr/bin/kinit
	sasl.kerberos.min.time.before.relogin = 60000
	sasl.kerberos.service.name = null
	sasl.kerberos.ticket.renew.jitter = 0.05
	sasl.kerberos.ticket.renew.window.factor = 0.8
	sasl.login.callback.handler.class = null
	sasl.login.class = null
	sasl.login.connect.timeout.ms = null
	sasl.login.read.timeout.ms = null
	sasl.login.refresh.buffer.seconds = 300
	sasl.login.refresh.min.period.seconds = 60
	sasl.login.refresh.window.factor = 0.8
	sasl.login.refresh.window.jitter = 0.05
	sasl.login.retry.backoff.max.ms = 10000
	sasl.login.retry.backoff.ms = 100
	sasl.mechanism = GSSAPI
	sasl.oauthbearer.clock.skew.seconds = 30
	sasl.oauthbearer.expected.audience = null
	sasl.oauthbearer.expected.issuer = null
	sasl.oauthbearer.jwks.endpoint.refresh.ms = 3600000
	sasl.oauthbearer.jwks.endpoint.retry.backoff.max.ms = 10000
	sasl.oauthbearer.jwks.endpoint.retry.backoff.ms = 100
	sasl.oauthbearer.jwks.endpoint.url = null
	sasl.oauthbearer.scope.claim.name = scope
	sasl.oauthbearer.sub.claim.name = sub
	sasl.oauthbearer.token.endpoint.url = null
	security.protocol = PLAINTEXT
	security.providers = null
	send.buffer.bytes = 131072
	session.timeout.ms = 45000
	socket.connection.setup.timeout.max.ms = 30000
	socket.connection.setup.timeout.ms = 10000
	ssl.cipher.suites = null
	ssl.enabled.protocols = [TLSv1.2, TLSv1.3]
	ssl.endpoint.identification.algorithm = https
	ssl.engine.factory.class = null
	ssl.key.password = null
	ssl.keymanager.algorithm = SunX509
	ssl.keystore.certificate.chain = null
	ssl.keystore.key = null
	ssl.keystore.location = null
	ssl.keystore.password = null
	ssl.keystore.type = JKS
	ssl.protocol = TLSv1.3
	ssl.provider = null
	ssl.secure.random.implementation = null
	ssl.trustmanager.algorithm = PKIX
	ssl.truststore.certificates = null
	ssl.truststore.location = null
	ssl.truststore.password = null
	ssl.truststore.type = JKS
	value.deserializer = class org.apache.kafka.common.serialization.ByteArrayDeserializer

18:26:48.680 [main] [INFO ] o.a.kafka.common.utils.AppInfoParser.<init>:119 - Kafka version: 3.1.2
18:26:48.681 [main] [INFO ] o.a.kafka.common.utils.AppInfoParser.<init>:120 - Kafka commitId: f8c67dc3ae0a3265
18:26:48.681 [main] [INFO ] o.a.kafka.common.utils.AppInfoParser.<init>:121 - Kafka startTimeMs: 1772620008680
18:26:48.682 [main] [INFO ] o.a.k.clients.consumer.KafkaConsumer.subscribe:966 - [Consumer clientId=consumer-wallet-post-2, groupId=wallet-post] Subscribed to topic(s): wallet.ledger.command.posting
18:26:48.685 [main] [INFO ] o.a.k.c.consumer.ConsumerConfig.logAll:376 - ConsumerConfig values: 
	allow.auto.create.topics = true
	auto.commit.interval.ms = 5000
	auto.offset.reset = latest
	bootstrap.servers = [192.168.52.100:9092]
	check.crcs = true
	client.dns.lookup = use_all_dns_ips
	client.id = consumer-wallet-post-3
	client.rack = 
	connections.max.idle.ms = 540000
	default.api.timeout.ms = 60000
	enable.auto.commit = false
	exclude.internal.topics = true
	fetch.max.bytes = 52428800
	fetch.max.wait.ms = 500
	fetch.min.bytes = 1
	group.id = wallet-post
	group.instance.id = null
	heartbeat.interval.ms = 3000
	interceptor.classes = []
	internal.leave.group.on.close = true
	internal.throw.on.fetch.stable.offset.unsupported = false
	isolation.level = read_uncommitted
	key.deserializer = class org.apache.kafka.common.serialization.StringDeserializer
	max.partition.fetch.bytes = 1048576
	max.poll.interval.ms = 300000
	max.poll.records = 500
	metadata.max.age.ms = 300000
	metric.reporters = []
	metrics.num.samples = 2
	metrics.recording.level = INFO
	metrics.sample.window.ms = 30000
	partition.assignment.strategy = [class org.apache.kafka.clients.consumer.RangeAssignor, class org.apache.kafka.clients.consumer.CooperativeStickyAssignor]
	receive.buffer.bytes = 65536
	reconnect.backoff.max.ms = 1000
	reconnect.backoff.ms = 50
	request.timeout.ms = 30000
	retry.backoff.ms = 100
	sasl.client.callback.handler.class = null
	sasl.jaas.config = null
	sasl.kerberos.kinit.cmd = /usr/bin/kinit
	sasl.kerberos.min.time.before.relogin = 60000
	sasl.kerberos.service.name = null
	sasl.kerberos.ticket.renew.jitter = 0.05
	sasl.kerberos.ticket.renew.window.factor = 0.8
	sasl.login.callback.handler.class = null
	sasl.login.class = null
	sasl.login.connect.timeout.ms = null
	sasl.login.read.timeout.ms = null
	sasl.login.refresh.buffer.seconds = 300
	sasl.login.refresh.min.period.seconds = 60
	sasl.login.refresh.window.factor = 0.8
	sasl.login.refresh.window.jitter = 0.05
	sasl.login.retry.backoff.max.ms = 10000
	sasl.login.retry.backoff.ms = 100
	sasl.mechanism = GSSAPI
	sasl.oauthbearer.clock.skew.seconds = 30
	sasl.oauthbearer.expected.audience = null
	sasl.oauthbearer.expected.issuer = null
	sasl.oauthbearer.jwks.endpoint.refresh.ms = 3600000
	sasl.oauthbearer.jwks.endpoint.retry.backoff.max.ms = 10000
	sasl.oauthbearer.jwks.endpoint.retry.backoff.ms = 100
	sasl.oauthbearer.jwks.endpoint.url = null
	sasl.oauthbearer.scope.claim.name = scope
	sasl.oauthbearer.sub.claim.name = sub
	sasl.oauthbearer.token.endpoint.url = null
	security.protocol = PLAINTEXT
	security.providers = null
	send.buffer.bytes = 131072
	session.timeout.ms = 45000
	socket.connection.setup.timeout.max.ms = 30000
	socket.connection.setup.timeout.ms = 10000
	ssl.cipher.suites = null
	ssl.enabled.protocols = [TLSv1.2, TLSv1.3]
	ssl.endpoint.identification.algorithm = https
	ssl.engine.factory.class = null
	ssl.key.password = null
	ssl.keymanager.algorithm = SunX509
	ssl.keystore.certificate.chain = null
	ssl.keystore.key = null
	ssl.keystore.location = null
	ssl.keystore.password = null
	ssl.keystore.type = JKS
	ssl.protocol = TLSv1.3
	ssl.provider = null
	ssl.secure.random.implementation = null
	ssl.trustmanager.algorithm = PKIX
	ssl.truststore.certificates = null
	ssl.truststore.location = null
	ssl.truststore.password = null
	ssl.truststore.type = JKS
	value.deserializer = class org.apache.kafka.common.serialization.ByteArrayDeserializer

18:26:48.690 [main] [INFO ] o.a.kafka.common.utils.AppInfoParser.<init>:119 - Kafka version: 3.1.2
18:26:48.691 [main] [INFO ] o.a.kafka.common.utils.AppInfoParser.<init>:120 - Kafka commitId: f8c67dc3ae0a3265
18:26:48.691 [main] [INFO ] o.a.kafka.common.utils.AppInfoParser.<init>:121 - Kafka startTimeMs: 1772620008690
18:26:48.692 [main] [INFO ] o.a.k.clients.consumer.KafkaConsumer.subscribe:966 - [Consumer clientId=consumer-wallet-post-3, groupId=wallet-post] Subscribed to topic(s): wallet.ledger.command.posting
18:26:48.830 [main] [INFO ] n.d.b.g.s.s.AbstractGrpcServerFactory.configureServices:108 - Registered gRPC service: ledger.AccountService, bean: accountServiceImpl, class: com.exchange.app.ledger.service.AccountServiceImpl
18:26:48.831 [main] [INFO ] n.d.b.g.s.s.AbstractGrpcServerFactory.configureServices:108 - Registered gRPC service: ledger.PostService, bean: postServiceImpl, class: com.exchange.app.ledger.service.PostServiceImpl
18:26:48.832 [main] [INFO ] n.d.b.g.s.s.AbstractGrpcServerFactory.configureServices:108 - Registered gRPC service: grpc.health.v1.Health, bean: grpcHealthService, class: io.grpc.protobuf.services.HealthServiceImpl
18:26:48.832 [main] [INFO ] n.d.b.g.s.s.AbstractGrpcServerFactory.configureServices:108 - Registered gRPC service: grpc.reflection.v1alpha.ServerReflection, bean: protoReflectionService, class: io.grpc.protobuf.services.ProtoReflectionService
18:26:49.014 [org.springframework.kafka.KafkaListenerEndpointContainer#0-0-C-1] [INFO ] org.apache.kafka.clients.Metadata.updateLatestMetadata:402 - [Consumer clientId=consumer-wallet-post-1, groupId=wallet-post] Resetting the last seen epoch of partition wallet.ledger.command.posting-0 to 0 since the associated topicId changed from null to 6CMdvSfjT4i9qNvLK0rz0g
18:26:49.014 [org.springframework.kafka.KafkaListenerEndpointContainer#0-1-C-1] [INFO ] org.apache.kafka.clients.Metadata.updateLatestMetadata:402 - [Consumer clientId=consumer-wallet-post-2, groupId=wallet-post] Resetting the last seen epoch of partition wallet.ledger.command.posting-0 to 0 since the associated topicId changed from null to 6CMdvSfjT4i9qNvLK0rz0g
18:26:49.014 [org.springframework.kafka.KafkaListenerEndpointContainer#0-2-C-1] [INFO ] org.apache.kafka.clients.Metadata.updateLatestMetadata:402 - [Consumer clientId=consumer-wallet-post-3, groupId=wallet-post] Resetting the last seen epoch of partition wallet.ledger.command.posting-0 to 0 since the associated topicId changed from null to 6CMdvSfjT4i9qNvLK0rz0g
18:26:49.018 [org.springframework.kafka.KafkaListenerEndpointContainer#0-2-C-1] [INFO ] org.apache.kafka.clients.Metadata.update:287 - [Consumer clientId=consumer-wallet-post-3, groupId=wallet-post] Cluster ID: xhieLtErTGiHtNba1-gbcg
18:26:49.018 [org.springframework.kafka.KafkaListenerEndpointContainer#0-1-C-1] [INFO ] org.apache.kafka.clients.Metadata.update:287 - [Consumer clientId=consumer-wallet-post-2, groupId=wallet-post] Cluster ID: xhieLtErTGiHtNba1-gbcg
18:26:49.018 [org.springframework.kafka.KafkaListenerEndpointContainer#0-0-C-1] [INFO ] org.apache.kafka.clients.Metadata.update:287 - [Consumer clientId=consumer-wallet-post-1, groupId=wallet-post] Cluster ID: xhieLtErTGiHtNba1-gbcg
18:26:49.021 [org.springframework.kafka.KafkaListenerEndpointContainer#0-2-C-1] [INFO ] o.a.k.c.c.i.ConsumerCoordinator.onSuccess:853 - [Consumer clientId=consumer-wallet-post-3, groupId=wallet-post] Discovered group coordinator 192.168.52.100:9092 (id: 2147483647 rack: null)
18:26:49.021 [org.springframework.kafka.KafkaListenerEndpointContainer#0-0-C-1] [INFO ] o.a.k.c.c.i.ConsumerCoordinator.onSuccess:853 - [Consumer clientId=consumer-wallet-post-1, groupId=wallet-post] Discovered group coordinator 192.168.52.100:9092 (id: 2147483647 rack: null)
18:26:49.021 [org.springframework.kafka.KafkaListenerEndpointContainer#0-1-C-1] [INFO ] o.a.k.c.c.i.ConsumerCoordinator.onSuccess:853 - [Consumer clientId=consumer-wallet-post-2, groupId=wallet-post] Discovered group coordinator 192.168.52.100:9092 (id: 2147483647 rack: null)
18:26:49.024 [org.springframework.kafka.KafkaListenerEndpointContainer#0-2-C-1] [INFO ] o.a.k.c.c.i.ConsumerCoordinator.sendJoinGroupRequest:535 - [Consumer clientId=consumer-wallet-post-3, groupId=wallet-post] (Re-)joining group
18:26:49.024 [org.springframework.kafka.KafkaListenerEndpointContainer#0-1-C-1] [INFO ] o.a.k.c.c.i.ConsumerCoordinator.sendJoinGroupRequest:535 - [Consumer clientId=consumer-wallet-post-2, groupId=wallet-post] (Re-)joining group
18:26:49.024 [org.springframework.kafka.KafkaListenerEndpointContainer#0-0-C-1] [INFO ] o.a.k.c.c.i.ConsumerCoordinator.sendJoinGroupRequest:535 - [Consumer clientId=consumer-wallet-post-1, groupId=wallet-post] (Re-)joining group
18:26:49.036 [org.springframework.kafka.KafkaListenerEndpointContainer#0-2-C-1] [INFO ] o.a.k.c.c.i.ConsumerCoordinator.requestRejoin:1000 - [Consumer clientId=consumer-wallet-post-3, groupId=wallet-post] Request joining group due to: need to re-join with the given member-id
18:26:49.037 [org.springframework.kafka.KafkaListenerEndpointContainer#0-2-C-1] [INFO ] o.a.k.c.c.i.ConsumerCoordinator.sendJoinGroupRequest:535 - [Consumer clientId=consumer-wallet-post-3, groupId=wallet-post] (Re-)joining group
18:26:49.037 [org.springframework.kafka.KafkaListenerEndpointContainer#0-1-C-1] [INFO ] o.a.k.c.c.i.ConsumerCoordinator.requestRejoin:1000 - [Consumer clientId=consumer-wallet-post-2, groupId=wallet-post] Request joining group due to: need to re-join with the given member-id
18:26:49.037 [org.springframework.kafka.KafkaListenerEndpointContainer#0-1-C-1] [INFO ] o.a.k.c.c.i.ConsumerCoordinator.sendJoinGroupRequest:535 - [Consumer clientId=consumer-wallet-post-2, groupId=wallet-post] (Re-)joining group
18:26:49.042 [org.springframework.kafka.KafkaListenerEndpointContainer#0-1-C-1] [INFO ] o.a.k.c.c.i.ConsumerCoordinator.handle:595 - [Consumer clientId=consumer-wallet-post-2, groupId=wallet-post] Successfully joined group with generation Generation{generationId=33, memberId='consumer-wallet-post-2-73005f33-8142-45d7-b3da-14d565170887', protocol='range'}
18:26:49.043 [org.springframework.kafka.KafkaListenerEndpointContainer#0-0-C-1] [INFO ] o.a.k.c.c.i.ConsumerCoordinator.requestRejoin:1000 - [Consumer clientId=consumer-wallet-post-1, groupId=wallet-post] Request joining group due to: need to re-join with the given member-id
18:26:49.044 [org.springframework.kafka.KafkaListenerEndpointContainer#0-0-C-1] [INFO ] o.a.k.c.c.i.ConsumerCoordinator.sendJoinGroupRequest:535 - [Consumer clientId=consumer-wallet-post-1, groupId=wallet-post] (Re-)joining group
18:26:49.044 [org.springframework.kafka.KafkaListenerEndpointContainer#0-2-C-1] [INFO ] o.a.k.c.c.i.ConsumerCoordinator.handle:595 - [Consumer clientId=consumer-wallet-post-3, groupId=wallet-post] Successfully joined group with generation Generation{generationId=33, memberId='consumer-wallet-post-3-3cee902d-4a26-48df-ac15-00d6acc2927c', protocol='range'}
18:26:49.046 [org.springframework.kafka.KafkaListenerEndpointContainer#0-2-C-1] [INFO ] o.a.k.c.c.i.ConsumerCoordinator.performAssignment:659 - [Consumer clientId=consumer-wallet-post-3, groupId=wallet-post] Finished assignment for group at generation 33: {consumer-wallet-post-2-73005f33-8142-45d7-b3da-14d565170887=Assignment(partitions=[wallet.ledger.command.posting-0]), consumer-wallet-post-3-3cee902d-4a26-48df-ac15-00d6acc2927c=Assignment(partitions=[])}
18:26:49.046 [org.springframework.kafka.KafkaListenerEndpointContainer#0-1-C-1] [INFO ] o.a.k.c.c.i.ConsumerCoordinator.handle:784 - [Consumer clientId=consumer-wallet-post-2, groupId=wallet-post] SyncGroup failed: The group began another rebalance. Need to re-join the group. Sent generation was Generation{generationId=33, memberId='consumer-wallet-post-2-73005f33-8142-45d7-b3da-14d565170887', protocol='range'}
18:26:49.046 [org.springframework.kafka.KafkaListenerEndpointContainer#0-1-C-1] [INFO ] o.a.k.c.c.i.ConsumerCoordinator.sendJoinGroupRequest:535 - [Consumer clientId=consumer-wallet-post-2, groupId=wallet-post] (Re-)joining group
18:26:49.050 [org.springframework.kafka.KafkaListenerEndpointContainer#0-2-C-1] [INFO ] o.a.k.c.c.i.ConsumerCoordinator.handle:784 - [Consumer clientId=consumer-wallet-post-3, groupId=wallet-post] SyncGroup failed: The group began another rebalance. Need to re-join the group. Sent generation was Generation{generationId=33, memberId='consumer-wallet-post-3-3cee902d-4a26-48df-ac15-00d6acc2927c', protocol='range'}
18:26:49.051 [org.springframework.kafka.KafkaListenerEndpointContainer#0-2-C-1] [INFO ] o.a.k.c.c.i.ConsumerCoordinator.sendJoinGroupRequest:535 - [Consumer clientId=consumer-wallet-post-3, groupId=wallet-post] (Re-)joining group
18:26:49.055 [org.springframework.kafka.KafkaListenerEndpointContainer#0-1-C-1] [INFO ] o.a.k.c.c.i.ConsumerCoordinator.handle:595 - [Consumer clientId=consumer-wallet-post-2, groupId=wallet-post] Successfully joined group with generation Generation{generationId=34, memberId='consumer-wallet-post-2-73005f33-8142-45d7-b3da-14d565170887', protocol='range'}
18:26:49.055 [org.springframework.kafka.KafkaListenerEndpointContainer#0-0-C-1] [INFO ] o.a.k.c.c.i.ConsumerCoordinator.handle:595 - [Consumer clientId=consumer-wallet-post-1, groupId=wallet-post] Successfully joined group with generation Generation{generationId=34, memberId='consumer-wallet-post-1-4e63e9b0-2957-457a-949e-431e03ff7c91', protocol='range'}
18:26:49.056 [org.springframework.kafka.KafkaListenerEndpointContainer#0-2-C-1] [INFO ] o.a.k.c.c.i.ConsumerCoordinator.handle:595 - [Consumer clientId=consumer-wallet-post-3, groupId=wallet-post] Successfully joined group with generation Generation{generationId=34, memberId='consumer-wallet-post-3-3cee902d-4a26-48df-ac15-00d6acc2927c', protocol='range'}
18:26:49.056 [org.springframework.kafka.KafkaListenerEndpointContainer#0-2-C-1] [INFO ] o.a.k.c.c.i.ConsumerCoordinator.performAssignment:659 - [Consumer clientId=consumer-wallet-post-3, groupId=wallet-post] Finished assignment for group at generation 34: {consumer-wallet-post-1-4e63e9b0-2957-457a-949e-431e03ff7c91=Assignment(partitions=[wallet.ledger.command.posting-0]), consumer-wallet-post-2-73005f33-8142-45d7-b3da-14d565170887=Assignment(partitions=[]), consumer-wallet-post-3-3cee902d-4a26-48df-ac15-00d6acc2927c=Assignment(partitions=[])}
18:26:49.059 [org.springframework.kafka.KafkaListenerEndpointContainer#0-0-C-1] [INFO ] o.a.k.c.c.i.ConsumerCoordinator.handle:761 - [Consumer clientId=consumer-wallet-post-1, groupId=wallet-post] Successfully synced group in generation Generation{generationId=34, memberId='consumer-wallet-post-1-4e63e9b0-2957-457a-949e-431e03ff7c91', protocol='range'}
18:26:49.060 [org.springframework.kafka.KafkaListenerEndpointContainer#0-0-C-1] [INFO ] o.a.k.c.c.i.ConsumerCoordinator.invokeOnAssignment:280 - [Consumer clientId=consumer-wallet-post-1, groupId=wallet-post] Notifying assignor about the new Assignment(partitions=[wallet.ledger.command.posting-0])
18:26:49.060 [org.springframework.kafka.KafkaListenerEndpointContainer#0-1-C-1] [INFO ] o.a.k.c.c.i.ConsumerCoordinator.handle:761 - [Consumer clientId=consumer-wallet-post-2, groupId=wallet-post] Successfully synced group in generation Generation{generationId=34, memberId='consumer-wallet-post-2-73005f33-8142-45d7-b3da-14d565170887', protocol='range'}
18:26:49.061 [org.springframework.kafka.KafkaListenerEndpointContainer#0-1-C-1] [INFO ] o.a.k.c.c.i.ConsumerCoordinator.invokeOnAssignment:280 - [Consumer clientId=consumer-wallet-post-2, groupId=wallet-post] Notifying assignor about the new Assignment(partitions=[])
18:26:49.061 [org.springframework.kafka.KafkaListenerEndpointContainer#0-1-C-1] [INFO ] o.a.k.c.c.i.ConsumerCoordinator.invokePartitionsAssigned:292 - [Consumer clientId=consumer-wallet-post-2, groupId=wallet-post] Adding newly assigned partitions: 
18:26:49.062 [org.springframework.kafka.KafkaListenerEndpointContainer#0-0-C-1] [INFO ] o.a.k.c.c.i.ConsumerCoordinator.invokePartitionsAssigned:292 - [Consumer clientId=consumer-wallet-post-1, groupId=wallet-post] Adding newly assigned partitions: wallet.ledger.command.posting-0
18:26:49.062 [org.springframework.kafka.KafkaListenerEndpointContainer#0-2-C-1] [INFO ] o.a.k.c.c.i.ConsumerCoordinator.handle:761 - [Consumer clientId=consumer-wallet-post-3, groupId=wallet-post] Successfully synced group in generation Generation{generationId=34, memberId='consumer-wallet-post-3-3cee902d-4a26-48df-ac15-00d6acc2927c', protocol='range'}
18:26:49.062 [org.springframework.kafka.KafkaListenerEndpointContainer#0-1-C-1] [INFO ] o.s.k.l.KafkaMessageListenerContainer.info:292 - wallet-post: partitions assigned: []
18:26:49.062 [org.springframework.kafka.KafkaListenerEndpointContainer#0-2-C-1] [INFO ] o.a.k.c.c.i.ConsumerCoordinator.invokeOnAssignment:280 - [Consumer clientId=consumer-wallet-post-3, groupId=wallet-post] Notifying assignor about the new Assignment(partitions=[])
18:26:49.062 [org.springframework.kafka.KafkaListenerEndpointContainer#0-2-C-1] [INFO ] o.a.k.c.c.i.ConsumerCoordinator.invokePartitionsAssigned:292 - [Consumer clientId=consumer-wallet-post-3, groupId=wallet-post] Adding newly assigned partitions: 
18:26:49.062 [org.springframework.kafka.KafkaListenerEndpointContainer#0-2-C-1] [INFO ] o.s.k.l.KafkaMessageListenerContainer.info:292 - wallet-post: partitions assigned: []
18:26:49.074 [org.springframework.kafka.KafkaListenerEndpointContainer#0-0-C-1] [INFO ] o.a.k.c.c.i.ConsumerCoordinator.refreshCommittedOffsetsIfNeeded:851 - [Consumer clientId=consumer-wallet-post-1, groupId=wallet-post] Setting offset for partition wallet.ledger.command.posting-0 to the committed offset FetchPosition{offset=64, offsetEpoch=Optional.empty, currentLeader=LeaderAndEpoch{leader=Optional[192.168.52.100:9092 (id: 0 rack: null)], epoch=0}}
18:26:49.075 [org.springframework.kafka.KafkaListenerEndpointContainer#0-0-C-1] [INFO ] o.s.k.l.KafkaMessageListenerContainer.info:292 - wallet-post: partitions assigned: [wallet.ledger.command.posting-0]
18:26:49.258 [main] [INFO ] n.d.b.g.s.s.GrpcServerLifecycle.createAndStartGrpcServer:116 - gRPC Server started, listening on address: *, port: 9091
18:26:49.268 [main] [INFO ] c.e.a.l.p.PostLedgerProcessorTest.logStarted:61 - Started PostLedgerProcessorTest in 4.119 seconds (JVM running for 4.942)
18:26:50.012 [scheduling-1] [INFO ] c.e.a.l.c.outbox.OutboxDispatcher.dispatch:18 - outbox dispatch start
18:26:50.017 [scheduling-1] [INFO ] com.zaxxer.hikari.HikariDataSource.getConnection:110 - HikariPool-1 - Starting...
18:26:50.150 [scheduling-1] [INFO ] com.zaxxer.hikari.HikariDataSource.getConnection:123 - HikariPool-1 - Start completed.
18:26:50.055 [main] [ERROR] c.e.a.l.p.post.PostLedgerProcessor.idempCheckAndReqValidate:115 - another same request in processing, request:referenceId: "txn-a-6"
description: "description"
entries {
  accountRef: "5367025801-1"
  direction: LedgerDirection_Debit
  amount: 100
  assetId: "asset-1"
}
entries {
  accountRef: "5367025801-1"
  direction: LedgerDirection_Credit
  amount: 100
  assetId: "asset-1"
}
, idempValue:IdempValue(status=PENDING, hash=6769634288331186002, content=null)
18:26:50.176 [main] [INFO ] c.e.a.l.p.PostLedgerProcessorTest.testPostTxnSuccess:63 - reply: error {
  code: ERROR_PROCESSING
  message: "request_in_processing"
  detail: "request still processing"
}

18:26:50.198 [SpringApplicationShutdownHook] [INFO ] n.d.b.g.s.s.GrpcServerLifecycle.stopAndReleaseGrpcServer:160 - Completed gRPC server shutdown
18:26:50.200 [org.springframework.kafka.KafkaListenerEndpointContainer#0-1-C-1] [INFO ] o.a.k.c.c.i.ConsumerCoordinator.maybeLeaveGroup:1060 - [Consumer clientId=consumer-wallet-post-2, groupId=wallet-post] Member consumer-wallet-post-2-73005f33-8142-45d7-b3da-14d565170887 sending LeaveGroup request to coordinator 192.168.52.100:9092 (id: 2147483647 rack: null) due to the consumer unsubscribed from all topics
18:26:50.200 [org.springframework.kafka.KafkaListenerEndpointContainer#0-0-C-1] [INFO ] o.a.k.c.c.i.ConsumerCoordinator.invokePartitionsRevoked:311 - [Consumer clientId=consumer-wallet-post-1, groupId=wallet-post] Revoke previously assigned partitions wallet.ledger.command.posting-0
18:26:50.200 [org.springframework.kafka.KafkaListenerEndpointContainer#0-2-C-1] [INFO ] o.a.k.c.c.i.ConsumerCoordinator.maybeLeaveGroup:1060 - [Consumer clientId=consumer-wallet-post-3, groupId=wallet-post] Member consumer-wallet-post-3-3cee902d-4a26-48df-ac15-00d6acc2927c sending LeaveGroup request to coordinator 192.168.52.100:9092 (id: 2147483647 rack: null) due to the consumer unsubscribed from all topics
18:26:50.201 [org.springframework.kafka.KafkaListenerEndpointContainer#0-0-C-1] [INFO ] o.s.k.l.KafkaMessageListenerContainer.info:292 - wallet-post: partitions revoked: [wallet.ledger.command.posting-0]
18:26:50.202 [org.springframework.kafka.KafkaListenerEndpointContainer#0-1-C-1] [INFO ] o.a.k.c.c.i.ConsumerCoordinator.resetStateAndGeneration:972 - [Consumer clientId=consumer-wallet-post-2, groupId=wallet-post] Resetting generation due to: consumer pro-actively leaving the group
18:26:50.202 [org.springframework.kafka.KafkaListenerEndpointContainer#0-2-C-1] [INFO ] o.a.k.c.c.i.ConsumerCoordinator.resetStateAndGeneration:972 - [Consumer clientId=consumer-wallet-post-3, groupId=wallet-post] Resetting generation due to: consumer pro-actively leaving the group
18:26:50.202 [org.springframework.kafka.KafkaListenerEndpointContainer#0-1-C-1] [INFO ] o.a.k.c.c.i.ConsumerCoordinator.requestRejoin:1000 - [Consumer clientId=consumer-wallet-post-2, groupId=wallet-post] Request joining group due to: consumer pro-actively leaving the group
18:26:50.202 [org.springframework.kafka.KafkaListenerEndpointContainer#0-2-C-1] [INFO ] o.a.k.c.c.i.ConsumerCoordinator.requestRejoin:1000 - [Consumer clientId=consumer-wallet-post-3, groupId=wallet-post] Request joining group due to: consumer pro-actively leaving the group
18:26:50.202 [org.springframework.kafka.KafkaListenerEndpointContainer#0-1-C-1] [INFO ] o.a.k.clients.consumer.KafkaConsumer.unsubscribe:1075 - [Consumer clientId=consumer-wallet-post-2, groupId=wallet-post] Unsubscribed all topics or patterns and assigned partitions
18:26:50.202 [org.springframework.kafka.KafkaListenerEndpointContainer#0-0-C-1] [INFO ] o.a.k.c.c.i.ConsumerCoordinator.maybeLeaveGroup:1060 - [Consumer clientId=consumer-wallet-post-1, groupId=wallet-post] Member consumer-wallet-post-1-4e63e9b0-2957-457a-949e-431e03ff7c91 sending LeaveGroup request to coordinator 192.168.52.100:9092 (id: 2147483647 rack: null) due to the consumer unsubscribed from all topics
18:26:50.202 [org.springframework.kafka.KafkaListenerEndpointContainer#0-2-C-1] [INFO ] o.a.k.clients.consumer.KafkaConsumer.unsubscribe:1075 - [Consumer clientId=consumer-wallet-post-3, groupId=wallet-post] Unsubscribed all topics or patterns and assigned partitions
18:26:50.202 [org.springframework.kafka.KafkaListenerEndpointContainer#0-2-C-1] [INFO ] o.a.k.c.c.i.ConsumerCoordinator.resetStateAndGeneration:972 - [Consumer clientId=consumer-wallet-post-3, groupId=wallet-post] Resetting generation due to: consumer pro-actively leaving the group
18:26:50.202 [org.springframework.kafka.KafkaListenerEndpointContainer#0-1-C-1] [INFO ] o.a.k.c.c.i.ConsumerCoordinator.resetStateAndGeneration:972 - [Consumer clientId=consumer-wallet-post-2, groupId=wallet-post] Resetting generation due to: consumer pro-actively leaving the group
18:26:50.202 [org.springframework.kafka.KafkaListenerEndpointContainer#0-0-C-1] [INFO ] o.a.k.c.c.i.ConsumerCoordinator.resetStateAndGeneration:972 - [Consumer clientId=consumer-wallet-post-1, groupId=wallet-post] Resetting generation due to: consumer pro-actively leaving the group
18:26:50.202 [org.springframework.kafka.KafkaListenerEndpointContainer#0-2-C-1] [INFO ] o.a.k.c.c.i.ConsumerCoordinator.requestRejoin:1000 - [Consumer clientId=consumer-wallet-post-3, groupId=wallet-post] Request joining group due to: consumer pro-actively leaving the group
18:26:50.203 [org.springframework.kafka.KafkaListenerEndpointContainer#0-1-C-1] [INFO ] o.a.k.c.c.i.ConsumerCoordinator.requestRejoin:1000 - [Consumer clientId=consumer-wallet-post-2, groupId=wallet-post] Request joining group due to: consumer pro-actively leaving the group
18:26:50.203 [org.springframework.kafka.KafkaListenerEndpointContainer#0-0-C-1] [INFO ] o.a.k.c.c.i.ConsumerCoordinator.requestRejoin:1000 - [Consumer clientId=consumer-wallet-post-1, groupId=wallet-post] Request joining group due to: consumer pro-actively leaving the group
18:26:50.203 [org.springframework.kafka.KafkaListenerEndpointContainer#0-0-C-1] [INFO ] o.a.k.clients.consumer.KafkaConsumer.unsubscribe:1075 - [Consumer clientId=consumer-wallet-post-1, groupId=wallet-post] Unsubscribed all topics or patterns and assigned partitions
18:26:50.203 [org.springframework.kafka.KafkaListenerEndpointContainer#0-0-C-1] [INFO ] o.a.k.c.c.i.ConsumerCoordinator.resetStateAndGeneration:972 - [Consumer clientId=consumer-wallet-post-1, groupId=wallet-post] Resetting generation due to: consumer pro-actively leaving the group
18:26:50.204 [org.springframework.kafka.KafkaListenerEndpointContainer#0-0-C-1] [INFO ] o.a.k.c.c.i.ConsumerCoordinator.requestRejoin:1000 - [Consumer clientId=consumer-wallet-post-1, groupId=wallet-post] Request joining group due to: consumer pro-actively leaving the group
18:26:50.205 [org.springframework.kafka.KafkaListenerEndpointContainer#0-2-C-1] [INFO ] o.a.kafka.common.metrics.Metrics.close:659 - Metrics scheduler closed
18:26:50.206 [org.springframework.kafka.KafkaListenerEndpointContainer#0-2-C-1] [INFO ] o.a.kafka.common.metrics.Metrics.close:663 - Closing reporter org.apache.kafka.common.metrics.JmxReporter
18:26:50.206 [org.springframework.kafka.KafkaListenerEndpointContainer#0-2-C-1] [INFO ] o.a.kafka.common.metrics.Metrics.close:669 - Metrics reporters closed
18:26:50.209 [org.springframework.kafka.KafkaListenerEndpointContainer#0-1-C-1] [INFO ] o.a.kafka.common.metrics.Metrics.close:659 - Metrics scheduler closed
18:26:50.210 [org.springframework.kafka.KafkaListenerEndpointContainer#0-1-C-1] [INFO ] o.a.kafka.common.metrics.Metrics.close:663 - Closing reporter org.apache.kafka.common.metrics.JmxReporter
18:26:50.210 [org.springframework.kafka.KafkaListenerEndpointContainer#0-2-C-1] [INFO ] o.a.kafka.common.utils.AppInfoParser.unregisterAppInfo:83 - App info kafka.consumer for consumer-wallet-post-3 unregistered
18:26:50.210 [org.springframework.kafka.KafkaListenerEndpointContainer#0-1-C-1] [INFO ] o.a.kafka.common.metrics.Metrics.close:669 - Metrics reporters closed
18:26:50.211 [org.springframework.kafka.KafkaListenerEndpointContainer#0-2-C-1] [INFO ] o.s.k.l.KafkaMessageListenerContainer.info:292 - wallet-post: Consumer stopped
18:26:50.211 [org.springframework.kafka.KafkaListenerEndpointContainer#0-1-C-1] [INFO ] o.a.kafka.common.utils.AppInfoParser.unregisterAppInfo:83 - App info kafka.consumer for consumer-wallet-post-2 unregistered
18:26:50.211 [org.springframework.kafka.KafkaListenerEndpointContainer#0-1-C-1] [INFO ] o.s.k.l.KafkaMessageListenerContainer.info:292 - wallet-post: Consumer stopped
18:26:50.213 [org.springframework.kafka.KafkaListenerEndpointContainer#0-0-C-1] [INFO ] o.a.kafka.common.metrics.Metrics.close:659 - Metrics scheduler closed
18:26:50.214 [org.springframework.kafka.KafkaListenerEndpointContainer#0-0-C-1] [INFO ] o.a.kafka.common.metrics.Metrics.close:663 - Closing reporter org.apache.kafka.common.metrics.JmxReporter
18:26:50.214 [org.springframework.kafka.KafkaListenerEndpointContainer#0-0-C-1] [INFO ] o.a.kafka.common.metrics.Metrics.close:669 - Metrics reporters closed
18:26:50.215 [org.springframework.kafka.KafkaListenerEndpointContainer#0-0-C-1] [INFO ] o.a.kafka.common.utils.AppInfoParser.unregisterAppInfo:83 - App info kafka.consumer for consumer-wallet-post-1 unregistered
18:26:50.215 [org.springframework.kafka.KafkaListenerEndpointContainer#0-0-C-1] [INFO ] o.s.k.l.KafkaMessageListenerContainer.info:292 - wallet-post: Consumer stopped
18:26:50.289 [scheduling-1] [INFO ] c.e.c.o.retry.OutboxRetryHandler.retry:86 - outbox retry success: 0, failed: 0
18:26:50.290 [scheduling-1] [INFO ] c.e.a.l.c.outbox.OutboxDispatcher.dispatch:20 - outbox dispatch end
18:26:50.360 [SpringApplicationShutdownHook] [INFO ] com.zaxxer.hikari.HikariDataSource.close:350 - HikariPool-1 - Shutdown initiated...
18:26:50.369 [SpringApplicationShutdownHook] [INFO ] com.zaxxer.hikari.HikariDataSource.close:352 - HikariPool-1 - Shutdown completed.
21:07:07.809 [main] [INFO ] c.e.a.l.p.PostLedgerProcessorTest.logStarting:55 - Starting PostLedgerProcessorTest using Java 11.0.29 on Sunsunsun with PID 22964 (started by Sun in D:\TestProgram\Java\JavaEE\z-exchange\ledger-service)
21:07:07.810 [main] [INFO ] c.e.a.l.p.PostLedgerProcessorTest.logStartupProfileInfo:631 - No active profile set, falling back to 1 default profile: "default"
21:07:08.556 [main] [INFO ] o.s.d.r.c.RepositoryConfigurationDelegate.multipleStoresDetected:262 - Multiple Spring Data modules found, entering strict repository configuration mode
21:07:08.558 [main] [INFO ] o.s.d.r.c.RepositoryConfigurationDelegate.registerRepositoriesIn:132 - Bootstrapping Spring Data Redis repositories in DEFAULT mode.
21:07:08.585 [main] [INFO ] o.s.d.r.c.RepositoryConfigurationDelegate.registerRepositoriesIn:201 - Finished Spring Data repository scanning in 18 ms. Found 0 Redis repository interfaces.
21:07:10.171 [main] [INFO ] org.redisson.Version.logVersion:41 - Redisson 3.17.7
21:07:10.470 [redisson-netty-2-5] [INFO ] o.r.c.p.MasterPubSubConnectionPool.lambda$createConnection$1:161 - 1 connections initialized for 192.168.52.100/192.168.52.100:6379
21:07:10.515 [redisson-netty-2-19] [INFO ] o.r.c.pool.MasterConnectionPool.lambda$createConnection$1:161 - 24 connections initialized for 192.168.52.100/192.168.52.100:6379
21:07:11.553 [main] [INFO ] n.d.b.g.s.a.GrpcServerFactoryAutoConfiguration.shadedNettyGrpcServerFactory:74 - Detected grpc-netty-shaded: Creating ShadedNettyGrpcServerFactory
21:07:12.039 [main] [INFO ] o.s.b.a.e.web.EndpointLinksResolver.<init>:58 - Exposing 1 endpoint(s) beneath base path '/actuator'
21:07:12.158 [main] [INFO ] o.a.k.c.consumer.ConsumerConfig.logAll:376 - ConsumerConfig values: 
	allow.auto.create.topics = true
	auto.commit.interval.ms = 5000
	auto.offset.reset = latest
	bootstrap.servers = [192.168.52.100:9092]
	check.crcs = true
	client.dns.lookup = use_all_dns_ips
	client.id = consumer-wallet-post-1
	client.rack = 
	connections.max.idle.ms = 540000
	default.api.timeout.ms = 60000
	enable.auto.commit = false
	exclude.internal.topics = true
	fetch.max.bytes = 52428800
	fetch.max.wait.ms = 500
	fetch.min.bytes = 1
	group.id = wallet-post
	group.instance.id = null
	heartbeat.interval.ms = 3000
	interceptor.classes = []
	internal.leave.group.on.close = true
	internal.throw.on.fetch.stable.offset.unsupported = false
	isolation.level = read_uncommitted
	key.deserializer = class org.apache.kafka.common.serialization.StringDeserializer
	max.partition.fetch.bytes = 1048576
	max.poll.interval.ms = 300000
	max.poll.records = 500
	metadata.max.age.ms = 300000
	metric.reporters = []
	metrics.num.samples = 2
	metrics.recording.level = INFO
	metrics.sample.window.ms = 30000
	partition.assignment.strategy = [class org.apache.kafka.clients.consumer.RangeAssignor, class org.apache.kafka.clients.consumer.CooperativeStickyAssignor]
	receive.buffer.bytes = 65536
	reconnect.backoff.max.ms = 1000
	reconnect.backoff.ms = 50
	request.timeout.ms = 30000
	retry.backoff.ms = 100
	sasl.client.callback.handler.class = null
	sasl.jaas.config = null
	sasl.kerberos.kinit.cmd = /usr/bin/kinit
	sasl.kerberos.min.time.before.relogin = 60000
	sasl.kerberos.service.name = null
	sasl.kerberos.ticket.renew.jitter = 0.05
	sasl.kerberos.ticket.renew.window.factor = 0.8
	sasl.login.callback.handler.class = null
	sasl.login.class = null
	sasl.login.connect.timeout.ms = null
	sasl.login.read.timeout.ms = null
	sasl.login.refresh.buffer.seconds = 300
	sasl.login.refresh.min.period.seconds = 60
	sasl.login.refresh.window.factor = 0.8
	sasl.login.refresh.window.jitter = 0.05
	sasl.login.retry.backoff.max.ms = 10000
	sasl.login.retry.backoff.ms = 100
	sasl.mechanism = GSSAPI
	sasl.oauthbearer.clock.skew.seconds = 30
	sasl.oauthbearer.expected.audience = null
	sasl.oauthbearer.expected.issuer = null
	sasl.oauthbearer.jwks.endpoint.refresh.ms = 3600000
	sasl.oauthbearer.jwks.endpoint.retry.backoff.max.ms = 10000
	sasl.oauthbearer.jwks.endpoint.retry.backoff.ms = 100
	sasl.oauthbearer.jwks.endpoint.url = null
	sasl.oauthbearer.scope.claim.name = scope
	sasl.oauthbearer.sub.claim.name = sub
	sasl.oauthbearer.token.endpoint.url = null
	security.protocol = PLAINTEXT
	security.providers = null
	send.buffer.bytes = 131072
	session.timeout.ms = 45000
	socket.connection.setup.timeout.max.ms = 30000
	socket.connection.setup.timeout.ms = 10000
	ssl.cipher.suites = null
	ssl.enabled.protocols = [TLSv1.2, TLSv1.3]
	ssl.endpoint.identification.algorithm = https
	ssl.engine.factory.class = null
	ssl.key.password = null
	ssl.keymanager.algorithm = SunX509
	ssl.keystore.certificate.chain = null
	ssl.keystore.key = null
	ssl.keystore.location = null
	ssl.keystore.password = null
	ssl.keystore.type = JKS
	ssl.protocol = TLSv1.3
	ssl.provider = null
	ssl.secure.random.implementation = null
	ssl.trustmanager.algorithm = PKIX
	ssl.truststore.certificates = null
	ssl.truststore.location = null
	ssl.truststore.password = null
	ssl.truststore.type = JKS
	value.deserializer = class org.apache.kafka.common.serialization.ByteArrayDeserializer

21:07:12.221 [main] [INFO ] o.a.kafka.common.utils.AppInfoParser.<init>:119 - Kafka version: 3.1.2
21:07:12.221 [main] [INFO ] o.a.kafka.common.utils.AppInfoParser.<init>:120 - Kafka commitId: f8c67dc3ae0a3265
21:07:12.221 [main] [INFO ] o.a.kafka.common.utils.AppInfoParser.<init>:121 - Kafka startTimeMs: 1772629632220
21:07:12.241 [main] [INFO ] o.a.k.clients.consumer.KafkaConsumer.subscribe:966 - [Consumer clientId=consumer-wallet-post-1, groupId=wallet-post] Subscribed to topic(s): wallet.ledger.command.posting
21:07:12.247 [main] [INFO ] o.a.k.c.consumer.ConsumerConfig.logAll:376 - ConsumerConfig values: 
	allow.auto.create.topics = true
	auto.commit.interval.ms = 5000
	auto.offset.reset = latest
	bootstrap.servers = [192.168.52.100:9092]
	check.crcs = true
	client.dns.lookup = use_all_dns_ips
	client.id = consumer-wallet-post-2
	client.rack = 
	connections.max.idle.ms = 540000
	default.api.timeout.ms = 60000
	enable.auto.commit = false
	exclude.internal.topics = true
	fetch.max.bytes = 52428800
	fetch.max.wait.ms = 500
	fetch.min.bytes = 1
	group.id = wallet-post
	group.instance.id = null
	heartbeat.interval.ms = 3000
	interceptor.classes = []
	internal.leave.group.on.close = true
	internal.throw.on.fetch.stable.offset.unsupported = false
	isolation.level = read_uncommitted
	key.deserializer = class org.apache.kafka.common.serialization.StringDeserializer
	max.partition.fetch.bytes = 1048576
	max.poll.interval.ms = 300000
	max.poll.records = 500
	metadata.max.age.ms = 300000
	metric.reporters = []
	metrics.num.samples = 2
	metrics.recording.level = INFO
	metrics.sample.window.ms = 30000
	partition.assignment.strategy = [class org.apache.kafka.clients.consumer.RangeAssignor, class org.apache.kafka.clients.consumer.CooperativeStickyAssignor]
	receive.buffer.bytes = 65536
	reconnect.backoff.max.ms = 1000
	reconnect.backoff.ms = 50
	request.timeout.ms = 30000
	retry.backoff.ms = 100
	sasl.client.callback.handler.class = null
	sasl.jaas.config = null
	sasl.kerberos.kinit.cmd = /usr/bin/kinit
	sasl.kerberos.min.time.before.relogin = 60000
	sasl.kerberos.service.name = null
	sasl.kerberos.ticket.renew.jitter = 0.05
	sasl.kerberos.ticket.renew.window.factor = 0.8
	sasl.login.callback.handler.class = null
	sasl.login.class = null
	sasl.login.connect.timeout.ms = null
	sasl.login.read.timeout.ms = null
	sasl.login.refresh.buffer.seconds = 300
	sasl.login.refresh.min.period.seconds = 60
	sasl.login.refresh.window.factor = 0.8
	sasl.login.refresh.window.jitter = 0.05
	sasl.login.retry.backoff.max.ms = 10000
	sasl.login.retry.backoff.ms = 100
	sasl.mechanism = GSSAPI
	sasl.oauthbearer.clock.skew.seconds = 30
	sasl.oauthbearer.expected.audience = null
	sasl.oauthbearer.expected.issuer = null
	sasl.oauthbearer.jwks.endpoint.refresh.ms = 3600000
	sasl.oauthbearer.jwks.endpoint.retry.backoff.max.ms = 10000
	sasl.oauthbearer.jwks.endpoint.retry.backoff.ms = 100
	sasl.oauthbearer.jwks.endpoint.url = null
	sasl.oauthbearer.scope.claim.name = scope
	sasl.oauthbearer.sub.claim.name = sub
	sasl.oauthbearer.token.endpoint.url = null
	security.protocol = PLAINTEXT
	security.providers = null
	send.buffer.bytes = 131072
	session.timeout.ms = 45000
	socket.connection.setup.timeout.max.ms = 30000
	socket.connection.setup.timeout.ms = 10000
	ssl.cipher.suites = null
	ssl.enabled.protocols = [TLSv1.2, TLSv1.3]
	ssl.endpoint.identification.algorithm = https
	ssl.engine.factory.class = null
	ssl.key.password = null
	ssl.keymanager.algorithm = SunX509
	ssl.keystore.certificate.chain = null
	ssl.keystore.key = null
	ssl.keystore.location = null
	ssl.keystore.password = null
	ssl.keystore.type = JKS
	ssl.protocol = TLSv1.3
	ssl.provider = null
	ssl.secure.random.implementation = null
	ssl.trustmanager.algorithm = PKIX
	ssl.truststore.certificates = null
	ssl.truststore.location = null
	ssl.truststore.password = null
	ssl.truststore.type = JKS
	value.deserializer = class org.apache.kafka.common.serialization.ByteArrayDeserializer

21:07:12.255 [main] [INFO ] o.a.kafka.common.utils.AppInfoParser.<init>:119 - Kafka version: 3.1.2
21:07:12.256 [main] [INFO ] o.a.kafka.common.utils.AppInfoParser.<init>:120 - Kafka commitId: f8c67dc3ae0a3265
21:07:12.256 [main] [INFO ] o.a.kafka.common.utils.AppInfoParser.<init>:121 - Kafka startTimeMs: 1772629632255
21:07:12.260 [main] [INFO ] o.a.k.clients.consumer.KafkaConsumer.subscribe:966 - [Consumer clientId=consumer-wallet-post-2, groupId=wallet-post] Subscribed to topic(s): wallet.ledger.command.posting
21:07:12.265 [main] [INFO ] o.a.k.c.consumer.ConsumerConfig.logAll:376 - ConsumerConfig values: 
	allow.auto.create.topics = true
	auto.commit.interval.ms = 5000
	auto.offset.reset = latest
	bootstrap.servers = [192.168.52.100:9092]
	check.crcs = true
	client.dns.lookup = use_all_dns_ips
	client.id = consumer-wallet-post-3
	client.rack = 
	connections.max.idle.ms = 540000
	default.api.timeout.ms = 60000
	enable.auto.commit = false
	exclude.internal.topics = true
	fetch.max.bytes = 52428800
	fetch.max.wait.ms = 500
	fetch.min.bytes = 1
	group.id = wallet-post
	group.instance.id = null
	heartbeat.interval.ms = 3000
	interceptor.classes = []
	internal.leave.group.on.close = true
	internal.throw.on.fetch.stable.offset.unsupported = false
	isolation.level = read_uncommitted
	key.deserializer = class org.apache.kafka.common.serialization.StringDeserializer
	max.partition.fetch.bytes = 1048576
	max.poll.interval.ms = 300000
	max.poll.records = 500
	metadata.max.age.ms = 300000
	metric.reporters = []
	metrics.num.samples = 2
	metrics.recording.level = INFO
	metrics.sample.window.ms = 30000
	partition.assignment.strategy = [class org.apache.kafka.clients.consumer.RangeAssignor, class org.apache.kafka.clients.consumer.CooperativeStickyAssignor]
	receive.buffer.bytes = 65536
	reconnect.backoff.max.ms = 1000
	reconnect.backoff.ms = 50
	request.timeout.ms = 30000
	retry.backoff.ms = 100
	sasl.client.callback.handler.class = null
	sasl.jaas.config = null
	sasl.kerberos.kinit.cmd = /usr/bin/kinit
	sasl.kerberos.min.time.before.relogin = 60000
	sasl.kerberos.service.name = null
	sasl.kerberos.ticket.renew.jitter = 0.05
	sasl.kerberos.ticket.renew.window.factor = 0.8
	sasl.login.callback.handler.class = null
	sasl.login.class = null
	sasl.login.connect.timeout.ms = null
	sasl.login.read.timeout.ms = null
	sasl.login.refresh.buffer.seconds = 300
	sasl.login.refresh.min.period.seconds = 60
	sasl.login.refresh.window.factor = 0.8
	sasl.login.refresh.window.jitter = 0.05
	sasl.login.retry.backoff.max.ms = 10000
	sasl.login.retry.backoff.ms = 100
	sasl.mechanism = GSSAPI
	sasl.oauthbearer.clock.skew.seconds = 30
	sasl.oauthbearer.expected.audience = null
	sasl.oauthbearer.expected.issuer = null
	sasl.oauthbearer.jwks.endpoint.refresh.ms = 3600000
	sasl.oauthbearer.jwks.endpoint.retry.backoff.max.ms = 10000
	sasl.oauthbearer.jwks.endpoint.retry.backoff.ms = 100
	sasl.oauthbearer.jwks.endpoint.url = null
	sasl.oauthbearer.scope.claim.name = scope
	sasl.oauthbearer.sub.claim.name = sub
	sasl.oauthbearer.token.endpoint.url = null
	security.protocol = PLAINTEXT
	security.providers = null
	send.buffer.bytes = 131072
	session.timeout.ms = 45000
	socket.connection.setup.timeout.max.ms = 30000
	socket.connection.setup.timeout.ms = 10000
	ssl.cipher.suites = null
	ssl.enabled.protocols = [TLSv1.2, TLSv1.3]
	ssl.endpoint.identification.algorithm = https
	ssl.engine.factory.class = null
	ssl.key.password = null
	ssl.keymanager.algorithm = SunX509
	ssl.keystore.certificate.chain = null
	ssl.keystore.key = null
	ssl.keystore.location = null
	ssl.keystore.password = null
	ssl.keystore.type = JKS
	ssl.protocol = TLSv1.3
	ssl.provider = null
	ssl.secure.random.implementation = null
	ssl.trustmanager.algorithm = PKIX
	ssl.truststore.certificates = null
	ssl.truststore.location = null
	ssl.truststore.password = null
	ssl.truststore.type = JKS
	value.deserializer = class org.apache.kafka.common.serialization.ByteArrayDeserializer

21:07:12.270 [main] [INFO ] o.a.kafka.common.utils.AppInfoParser.<init>:119 - Kafka version: 3.1.2
21:07:12.271 [main] [INFO ] o.a.kafka.common.utils.AppInfoParser.<init>:120 - Kafka commitId: f8c67dc3ae0a3265
21:07:12.272 [main] [INFO ] o.a.kafka.common.utils.AppInfoParser.<init>:121 - Kafka startTimeMs: 1772629632270
21:07:12.276 [main] [INFO ] o.a.k.clients.consumer.KafkaConsumer.subscribe:966 - [Consumer clientId=consumer-wallet-post-3, groupId=wallet-post] Subscribed to topic(s): wallet.ledger.command.posting
21:07:12.364 [main] [INFO ] n.d.b.g.s.s.AbstractGrpcServerFactory.configureServices:108 - Registered gRPC service: ledger.AccountService, bean: accountServiceImpl, class: com.exchange.app.ledger.service.AccountServiceImpl
21:07:12.364 [main] [INFO ] n.d.b.g.s.s.AbstractGrpcServerFactory.configureServices:108 - Registered gRPC service: ledger.PostService, bean: postServiceImpl, class: com.exchange.app.ledger.service.PostServiceImpl
21:07:12.364 [main] [INFO ] n.d.b.g.s.s.AbstractGrpcServerFactory.configureServices:108 - Registered gRPC service: grpc.health.v1.Health, bean: grpcHealthService, class: io.grpc.protobuf.services.HealthServiceImpl
21:07:12.364 [main] [INFO ] n.d.b.g.s.s.AbstractGrpcServerFactory.configureServices:108 - Registered gRPC service: grpc.reflection.v1alpha.ServerReflection, bean: protoReflectionService, class: io.grpc.protobuf.services.ProtoReflectionService
21:07:12.608 [org.springframework.kafka.KafkaListenerEndpointContainer#0-2-C-1] [INFO ] org.apache.kafka.clients.Metadata.updateLatestMetadata:402 - [Consumer clientId=consumer-wallet-post-3, groupId=wallet-post] Resetting the last seen epoch of partition wallet.ledger.command.posting-0 to 0 since the associated topicId changed from null to 6CMdvSfjT4i9qNvLK0rz0g
21:07:12.608 [org.springframework.kafka.KafkaListenerEndpointContainer#0-0-C-1] [INFO ] org.apache.kafka.clients.Metadata.updateLatestMetadata:402 - [Consumer clientId=consumer-wallet-post-1, groupId=wallet-post] Resetting the last seen epoch of partition wallet.ledger.command.posting-0 to 0 since the associated topicId changed from null to 6CMdvSfjT4i9qNvLK0rz0g
21:07:12.609 [org.springframework.kafka.KafkaListenerEndpointContainer#0-1-C-1] [INFO ] org.apache.kafka.clients.Metadata.updateLatestMetadata:402 - [Consumer clientId=consumer-wallet-post-2, groupId=wallet-post] Resetting the last seen epoch of partition wallet.ledger.command.posting-0 to 0 since the associated topicId changed from null to 6CMdvSfjT4i9qNvLK0rz0g
21:07:12.611 [org.springframework.kafka.KafkaListenerEndpointContainer#0-2-C-1] [INFO ] org.apache.kafka.clients.Metadata.update:287 - [Consumer clientId=consumer-wallet-post-3, groupId=wallet-post] Cluster ID: xhieLtErTGiHtNba1-gbcg
21:07:12.611 [org.springframework.kafka.KafkaListenerEndpointContainer#0-1-C-1] [INFO ] org.apache.kafka.clients.Metadata.update:287 - [Consumer clientId=consumer-wallet-post-2, groupId=wallet-post] Cluster ID: xhieLtErTGiHtNba1-gbcg
21:07:12.611 [org.springframework.kafka.KafkaListenerEndpointContainer#0-0-C-1] [INFO ] org.apache.kafka.clients.Metadata.update:287 - [Consumer clientId=consumer-wallet-post-1, groupId=wallet-post] Cluster ID: xhieLtErTGiHtNba1-gbcg
21:07:12.612 [org.springframework.kafka.KafkaListenerEndpointContainer#0-1-C-1] [INFO ] o.a.k.c.c.i.ConsumerCoordinator.onSuccess:853 - [Consumer clientId=consumer-wallet-post-2, groupId=wallet-post] Discovered group coordinator 192.168.52.100:9092 (id: 2147483647 rack: null)
21:07:12.612 [org.springframework.kafka.KafkaListenerEndpointContainer#0-0-C-1] [INFO ] o.a.k.c.c.i.ConsumerCoordinator.onSuccess:853 - [Consumer clientId=consumer-wallet-post-1, groupId=wallet-post] Discovered group coordinator 192.168.52.100:9092 (id: 2147483647 rack: null)
21:07:12.612 [org.springframework.kafka.KafkaListenerEndpointContainer#0-2-C-1] [INFO ] o.a.k.c.c.i.ConsumerCoordinator.onSuccess:853 - [Consumer clientId=consumer-wallet-post-3, groupId=wallet-post] Discovered group coordinator 192.168.52.100:9092 (id: 2147483647 rack: null)
21:07:12.616 [org.springframework.kafka.KafkaListenerEndpointContainer#0-0-C-1] [INFO ] o.a.k.c.c.i.ConsumerCoordinator.sendJoinGroupRequest:535 - [Consumer clientId=consumer-wallet-post-1, groupId=wallet-post] (Re-)joining group
21:07:12.616 [org.springframework.kafka.KafkaListenerEndpointContainer#0-2-C-1] [INFO ] o.a.k.c.c.i.ConsumerCoordinator.sendJoinGroupRequest:535 - [Consumer clientId=consumer-wallet-post-3, groupId=wallet-post] (Re-)joining group
21:07:12.616 [org.springframework.kafka.KafkaListenerEndpointContainer#0-1-C-1] [INFO ] o.a.k.c.c.i.ConsumerCoordinator.sendJoinGroupRequest:535 - [Consumer clientId=consumer-wallet-post-2, groupId=wallet-post] (Re-)joining group
21:07:12.632 [org.springframework.kafka.KafkaListenerEndpointContainer#0-1-C-1] [INFO ] o.a.k.c.c.i.ConsumerCoordinator.requestRejoin:1000 - [Consumer clientId=consumer-wallet-post-2, groupId=wallet-post] Request joining group due to: need to re-join with the given member-id
21:07:12.633 [org.springframework.kafka.KafkaListenerEndpointContainer#0-1-C-1] [INFO ] o.a.k.c.c.i.ConsumerCoordinator.sendJoinGroupRequest:535 - [Consumer clientId=consumer-wallet-post-2, groupId=wallet-post] (Re-)joining group
21:07:12.634 [org.springframework.kafka.KafkaListenerEndpointContainer#0-2-C-1] [INFO ] o.a.k.c.c.i.ConsumerCoordinator.requestRejoin:1000 - [Consumer clientId=consumer-wallet-post-3, groupId=wallet-post] Request joining group due to: need to re-join with the given member-id
21:07:12.634 [org.springframework.kafka.KafkaListenerEndpointContainer#0-2-C-1] [INFO ] o.a.k.c.c.i.ConsumerCoordinator.sendJoinGroupRequest:535 - [Consumer clientId=consumer-wallet-post-3, groupId=wallet-post] (Re-)joining group
21:07:12.634 [org.springframework.kafka.KafkaListenerEndpointContainer#0-0-C-1] [INFO ] o.a.k.c.c.i.ConsumerCoordinator.requestRejoin:1000 - [Consumer clientId=consumer-wallet-post-1, groupId=wallet-post] Request joining group due to: need to re-join with the given member-id
21:07:12.635 [org.springframework.kafka.KafkaListenerEndpointContainer#0-0-C-1] [INFO ] o.a.k.c.c.i.ConsumerCoordinator.sendJoinGroupRequest:535 - [Consumer clientId=consumer-wallet-post-1, groupId=wallet-post] (Re-)joining group
21:07:12.639 [org.springframework.kafka.KafkaListenerEndpointContainer#0-0-C-1] [INFO ] o.a.k.c.c.i.ConsumerCoordinator.handle:595 - [Consumer clientId=consumer-wallet-post-1, groupId=wallet-post] Successfully joined group with generation Generation{generationId=36, memberId='consumer-wallet-post-1-bfdeae91-8871-47e6-9e3f-2ee3b36b6e8e', protocol='range'}
21:07:12.639 [org.springframework.kafka.KafkaListenerEndpointContainer#0-2-C-1] [INFO ] o.a.k.c.c.i.ConsumerCoordinator.handle:595 - [Consumer clientId=consumer-wallet-post-3, groupId=wallet-post] Successfully joined group with generation Generation{generationId=36, memberId='consumer-wallet-post-3-e0ff18c3-29d4-4003-84fb-02e7296a4d53', protocol='range'}
21:07:12.639 [org.springframework.kafka.KafkaListenerEndpointContainer#0-1-C-1] [INFO ] o.a.k.c.c.i.ConsumerCoordinator.handle:595 - [Consumer clientId=consumer-wallet-post-2, groupId=wallet-post] Successfully joined group with generation Generation{generationId=36, memberId='consumer-wallet-post-2-8cfb109c-53be-47c4-b738-51448b6e9179', protocol='range'}
21:07:12.643 [org.springframework.kafka.KafkaListenerEndpointContainer#0-1-C-1] [INFO ] o.a.k.c.c.i.ConsumerCoordinator.performAssignment:659 - [Consumer clientId=consumer-wallet-post-2, groupId=wallet-post] Finished assignment for group at generation 36: {consumer-wallet-post-1-bfdeae91-8871-47e6-9e3f-2ee3b36b6e8e=Assignment(partitions=[wallet.ledger.command.posting-0]), consumer-wallet-post-3-e0ff18c3-29d4-4003-84fb-02e7296a4d53=Assignment(partitions=[]), consumer-wallet-post-2-8cfb109c-53be-47c4-b738-51448b6e9179=Assignment(partitions=[])}
21:07:12.650 [org.springframework.kafka.KafkaListenerEndpointContainer#0-0-C-1] [INFO ] o.a.k.c.c.i.ConsumerCoordinator.handle:761 - [Consumer clientId=consumer-wallet-post-1, groupId=wallet-post] Successfully synced group in generation Generation{generationId=36, memberId='consumer-wallet-post-1-bfdeae91-8871-47e6-9e3f-2ee3b36b6e8e', protocol='range'}
21:07:12.650 [org.springframework.kafka.KafkaListenerEndpointContainer#0-0-C-1] [INFO ] o.a.k.c.c.i.ConsumerCoordinator.invokeOnAssignment:280 - [Consumer clientId=consumer-wallet-post-1, groupId=wallet-post] Notifying assignor about the new Assignment(partitions=[wallet.ledger.command.posting-0])
21:07:12.650 [org.springframework.kafka.KafkaListenerEndpointContainer#0-2-C-1] [INFO ] o.a.k.c.c.i.ConsumerCoordinator.handle:761 - [Consumer clientId=consumer-wallet-post-3, groupId=wallet-post] Successfully synced group in generation Generation{generationId=36, memberId='consumer-wallet-post-3-e0ff18c3-29d4-4003-84fb-02e7296a4d53', protocol='range'}
21:07:12.650 [org.springframework.kafka.KafkaListenerEndpointContainer#0-2-C-1] [INFO ] o.a.k.c.c.i.ConsumerCoordinator.invokeOnAssignment:280 - [Consumer clientId=consumer-wallet-post-3, groupId=wallet-post] Notifying assignor about the new Assignment(partitions=[])
21:07:12.650 [org.springframework.kafka.KafkaListenerEndpointContainer#0-2-C-1] [INFO ] o.a.k.c.c.i.ConsumerCoordinator.invokePartitionsAssigned:292 - [Consumer clientId=consumer-wallet-post-3, groupId=wallet-post] Adding newly assigned partitions: 
21:07:12.651 [org.springframework.kafka.KafkaListenerEndpointContainer#0-1-C-1] [INFO ] o.a.k.c.c.i.ConsumerCoordinator.handle:761 - [Consumer clientId=consumer-wallet-post-2, groupId=wallet-post] Successfully synced group in generation Generation{generationId=36, memberId='consumer-wallet-post-2-8cfb109c-53be-47c4-b738-51448b6e9179', protocol='range'}
21:07:12.651 [org.springframework.kafka.KafkaListenerEndpointContainer#0-1-C-1] [INFO ] o.a.k.c.c.i.ConsumerCoordinator.invokeOnAssignment:280 - [Consumer clientId=consumer-wallet-post-2, groupId=wallet-post] Notifying assignor about the new Assignment(partitions=[])
21:07:12.651 [org.springframework.kafka.KafkaListenerEndpointContainer#0-1-C-1] [INFO ] o.a.k.c.c.i.ConsumerCoordinator.invokePartitionsAssigned:292 - [Consumer clientId=consumer-wallet-post-2, groupId=wallet-post] Adding newly assigned partitions: 
21:07:12.651 [org.springframework.kafka.KafkaListenerEndpointContainer#0-2-C-1] [INFO ] o.s.k.l.KafkaMessageListenerContainer.info:292 - wallet-post: partitions assigned: []
21:07:12.652 [org.springframework.kafka.KafkaListenerEndpointContainer#0-1-C-1] [INFO ] o.s.k.l.KafkaMessageListenerContainer.info:292 - wallet-post: partitions assigned: []
21:07:12.652 [org.springframework.kafka.KafkaListenerEndpointContainer#0-0-C-1] [INFO ] o.a.k.c.c.i.ConsumerCoordinator.invokePartitionsAssigned:292 - [Consumer clientId=consumer-wallet-post-1, groupId=wallet-post] Adding newly assigned partitions: wallet.ledger.command.posting-0
21:07:12.657 [org.springframework.kafka.KafkaListenerEndpointContainer#0-0-C-1] [INFO ] o.a.k.c.c.i.ConsumerCoordinator.refreshCommittedOffsetsIfNeeded:851 - [Consumer clientId=consumer-wallet-post-1, groupId=wallet-post] Setting offset for partition wallet.ledger.command.posting-0 to the committed offset FetchPosition{offset=64, offsetEpoch=Optional.empty, currentLeader=LeaderAndEpoch{leader=Optional[192.168.52.100:9092 (id: 0 rack: null)], epoch=0}}
21:07:12.659 [org.springframework.kafka.KafkaListenerEndpointContainer#0-0-C-1] [INFO ] o.s.k.l.KafkaMessageListenerContainer.info:292 - wallet-post: partitions assigned: [wallet.ledger.command.posting-0]
21:07:12.801 [main] [INFO ] n.d.b.g.s.s.GrpcServerLifecycle.createAndStartGrpcServer:116 - gRPC Server started, listening on address: *, port: 9091
21:07:12.817 [main] [INFO ] c.e.a.l.p.PostLedgerProcessorTest.logStarted:61 - Started PostLedgerProcessorTest in 5.454 seconds (JVM running for 6.211)
21:07:13.216 [main] [INFO ] com.zaxxer.hikari.HikariDataSource.getConnection:110 - HikariPool-1 - Starting...
21:07:13.370 [main] [INFO ] com.zaxxer.hikari.HikariDataSource.getConnection:123 - HikariPool-1 - Start completed.
21:07:13.442 [main] [INFO ] c.e.a.l.p.PostLedgerProcessorTest.testPostTxnSuccess:63 - reply: referenceId: "txn-a-7"
ledgerTxnId: "008197633403-1"
error {
  message: "success"
  detail: "success"
}

21:07:13.538 [main] [INFO ] c.e.a.l.p.PostLedgerProcessorTest.testPostTxnSuccess:79 - txn: [LedgerTxn(id=55, txnId=008197633403-1, referenceId=txn-a-7, extraData=TODO)]
21:07:13.543 [main] [INFO ] c.e.a.l.p.PostLedgerProcessorTest.testPostTxnSuccess:80 - entry: [LedgerEntry(id=203, entryId=008197633409-2, txnId=008197633403-1, assetId=asset-1, accountId=005367059-1, amount=100, direction=DEBIT), LedgerEntry(id=204, entryId=008197633409-3, txnId=008197633403-1, assetId=asset-1, accountId=005367059-1, amount=100, direction=CREDIT)]
21:07:13.551 [main] [INFO ] c.e.a.l.p.PostLedgerProcessorTest.testPostTxnSuccess:81 - reply: referenceId: "txn-a-7"
ledgerTxnId: "008197633403-1"
error {
  message: "success"
  detail: "success"
}

21:07:13.563 [SpringApplicationShutdownHook] [INFO ] n.d.b.g.s.s.GrpcServerLifecycle.stopAndReleaseGrpcServer:160 - Completed gRPC server shutdown
21:07:13.565 [org.springframework.kafka.KafkaListenerEndpointContainer#0-0-C-1] [INFO ] o.a.k.c.c.i.ConsumerCoordinator.invokePartitionsRevoked:311 - [Consumer clientId=consumer-wallet-post-1, groupId=wallet-post] Revoke previously assigned partitions wallet.ledger.command.posting-0
21:07:13.565 [org.springframework.kafka.KafkaListenerEndpointContainer#0-2-C-1] [INFO ] o.a.k.c.c.i.ConsumerCoordinator.maybeLeaveGroup:1060 - [Consumer clientId=consumer-wallet-post-3, groupId=wallet-post] Member consumer-wallet-post-3-e0ff18c3-29d4-4003-84fb-02e7296a4d53 sending LeaveGroup request to coordinator 192.168.52.100:9092 (id: 2147483647 rack: null) due to the consumer unsubscribed from all topics
21:07:13.565 [org.springframework.kafka.KafkaListenerEndpointContainer#0-1-C-1] [INFO ] o.a.k.c.c.i.ConsumerCoordinator.maybeLeaveGroup:1060 - [Consumer clientId=consumer-wallet-post-2, groupId=wallet-post] Member consumer-wallet-post-2-8cfb109c-53be-47c4-b738-51448b6e9179 sending LeaveGroup request to coordinator 192.168.52.100:9092 (id: 2147483647 rack: null) due to the consumer unsubscribed from all topics
21:07:13.565 [org.springframework.kafka.KafkaListenerEndpointContainer#0-0-C-1] [INFO ] o.s.k.l.KafkaMessageListenerContainer.info:292 - wallet-post: partitions revoked: [wallet.ledger.command.posting-0]
21:07:13.566 [org.springframework.kafka.KafkaListenerEndpointContainer#0-2-C-1] [INFO ] o.a.k.c.c.i.ConsumerCoordinator.resetStateAndGeneration:972 - [Consumer clientId=consumer-wallet-post-3, groupId=wallet-post] Resetting generation due to: consumer pro-actively leaving the group
21:07:13.566 [org.springframework.kafka.KafkaListenerEndpointContainer#0-1-C-1] [INFO ] o.a.k.c.c.i.ConsumerCoordinator.resetStateAndGeneration:972 - [Consumer clientId=consumer-wallet-post-2, groupId=wallet-post] Resetting generation due to: consumer pro-actively leaving the group
21:07:13.566 [org.springframework.kafka.KafkaListenerEndpointContainer#0-0-C-1] [INFO ] o.a.k.c.c.i.ConsumerCoordinator.maybeLeaveGroup:1060 - [Consumer clientId=consumer-wallet-post-1, groupId=wallet-post] Member consumer-wallet-post-1-bfdeae91-8871-47e6-9e3f-2ee3b36b6e8e sending LeaveGroup request to coordinator 192.168.52.100:9092 (id: 2147483647 rack: null) due to the consumer unsubscribed from all topics
21:07:13.566 [org.springframework.kafka.KafkaListenerEndpointContainer#0-2-C-1] [INFO ] o.a.k.c.c.i.ConsumerCoordinator.requestRejoin:1000 - [Consumer clientId=consumer-wallet-post-3, groupId=wallet-post] Request joining group due to: consumer pro-actively leaving the group
21:07:13.566 [org.springframework.kafka.KafkaListenerEndpointContainer#0-1-C-1] [INFO ] o.a.k.c.c.i.ConsumerCoordinator.requestRejoin:1000 - [Consumer clientId=consumer-wallet-post-2, groupId=wallet-post] Request joining group due to: consumer pro-actively leaving the group
21:07:13.566 [org.springframework.kafka.KafkaListenerEndpointContainer#0-2-C-1] [INFO ] o.a.k.clients.consumer.KafkaConsumer.unsubscribe:1075 - [Consumer clientId=consumer-wallet-post-3, groupId=wallet-post] Unsubscribed all topics or patterns and assigned partitions
21:07:13.566 [org.springframework.kafka.KafkaListenerEndpointContainer#0-0-C-1] [INFO ] o.a.k.c.c.i.ConsumerCoordinator.resetStateAndGeneration:972 - [Consumer clientId=consumer-wallet-post-1, groupId=wallet-post] Resetting generation due to: consumer pro-actively leaving the group
21:07:13.566 [org.springframework.kafka.KafkaListenerEndpointContainer#0-1-C-1] [INFO ] o.a.k.clients.consumer.KafkaConsumer.unsubscribe:1075 - [Consumer clientId=consumer-wallet-post-2, groupId=wallet-post] Unsubscribed all topics or patterns and assigned partitions
21:07:13.566 [org.springframework.kafka.KafkaListenerEndpointContainer#0-0-C-1] [INFO ] o.a.k.c.c.i.ConsumerCoordinator.requestRejoin:1000 - [Consumer clientId=consumer-wallet-post-1, groupId=wallet-post] Request joining group due to: consumer pro-actively leaving the group
21:07:13.566 [org.springframework.kafka.KafkaListenerEndpointContainer#0-0-C-1] [INFO ] o.a.k.clients.consumer.KafkaConsumer.unsubscribe:1075 - [Consumer clientId=consumer-wallet-post-1, groupId=wallet-post] Unsubscribed all topics or patterns and assigned partitions
21:07:13.568 [org.springframework.kafka.KafkaListenerEndpointContainer#0-0-C-1] [INFO ] o.a.k.c.c.i.ConsumerCoordinator.resetStateAndGeneration:972 - [Consumer clientId=consumer-wallet-post-1, groupId=wallet-post] Resetting generation due to: consumer pro-actively leaving the group
21:07:13.568 [org.springframework.kafka.KafkaListenerEndpointContainer#0-1-C-1] [INFO ] o.a.k.c.c.i.ConsumerCoordinator.resetStateAndGeneration:972 - [Consumer clientId=consumer-wallet-post-2, groupId=wallet-post] Resetting generation due to: consumer pro-actively leaving the group
21:07:13.568 [org.springframework.kafka.KafkaListenerEndpointContainer#0-0-C-1] [INFO ] o.a.k.c.c.i.ConsumerCoordinator.requestRejoin:1000 - [Consumer clientId=consumer-wallet-post-1, groupId=wallet-post] Request joining group due to: consumer pro-actively leaving the group
21:07:13.568 [org.springframework.kafka.KafkaListenerEndpointContainer#0-2-C-1] [INFO ] o.a.k.c.c.i.ConsumerCoordinator.resetStateAndGeneration:972 - [Consumer clientId=consumer-wallet-post-3, groupId=wallet-post] Resetting generation due to: consumer pro-actively leaving the group
21:07:13.569 [org.springframework.kafka.KafkaListenerEndpointContainer#0-1-C-1] [INFO ] o.a.k.c.c.i.ConsumerCoordinator.requestRejoin:1000 - [Consumer clientId=consumer-wallet-post-2, groupId=wallet-post] Request joining group due to: consumer pro-actively leaving the group
21:07:13.569 [org.springframework.kafka.KafkaListenerEndpointContainer#0-2-C-1] [INFO ] o.a.k.c.c.i.ConsumerCoordinator.requestRejoin:1000 - [Consumer clientId=consumer-wallet-post-3, groupId=wallet-post] Request joining group due to: consumer pro-actively leaving the group
21:07:13.571 [org.springframework.kafka.KafkaListenerEndpointContainer#0-1-C-1] [INFO ] o.a.kafka.common.metrics.Metrics.close:659 - Metrics scheduler closed
21:07:13.572 [org.springframework.kafka.KafkaListenerEndpointContainer#0-1-C-1] [INFO ] o.a.kafka.common.metrics.Metrics.close:663 - Closing reporter org.apache.kafka.common.metrics.JmxReporter
21:07:13.572 [org.springframework.kafka.KafkaListenerEndpointContainer#0-1-C-1] [INFO ] o.a.kafka.common.metrics.Metrics.close:669 - Metrics reporters closed
21:07:13.573 [org.springframework.kafka.KafkaListenerEndpointContainer#0-0-C-1] [INFO ] o.a.kafka.common.metrics.Metrics.close:659 - Metrics scheduler closed
21:07:13.573 [org.springframework.kafka.KafkaListenerEndpointContainer#0-0-C-1] [INFO ] o.a.kafka.common.metrics.Metrics.close:663 - Closing reporter org.apache.kafka.common.metrics.JmxReporter
21:07:13.574 [org.springframework.kafka.KafkaListenerEndpointContainer#0-0-C-1] [INFO ] o.a.kafka.common.metrics.Metrics.close:669 - Metrics reporters closed
21:07:13.578 [org.springframework.kafka.KafkaListenerEndpointContainer#0-2-C-1] [INFO ] o.a.kafka.common.metrics.Metrics.close:659 - Metrics scheduler closed
21:07:13.578 [org.springframework.kafka.KafkaListenerEndpointContainer#0-1-C-1] [INFO ] o.a.kafka.common.utils.AppInfoParser.unregisterAppInfo:83 - App info kafka.consumer for consumer-wallet-post-2 unregistered
21:07:13.578 [org.springframework.kafka.KafkaListenerEndpointContainer#0-2-C-1] [INFO ] o.a.kafka.common.metrics.Metrics.close:663 - Closing reporter org.apache.kafka.common.metrics.JmxReporter
21:07:13.578 [org.springframework.kafka.KafkaListenerEndpointContainer#0-2-C-1] [INFO ] o.a.kafka.common.metrics.Metrics.close:669 - Metrics reporters closed
21:07:13.579 [org.springframework.kafka.KafkaListenerEndpointContainer#0-1-C-1] [INFO ] o.s.k.l.KafkaMessageListenerContainer.info:292 - wallet-post: Consumer stopped
21:07:13.581 [org.springframework.kafka.KafkaListenerEndpointContainer#0-0-C-1] [INFO ] o.a.kafka.common.utils.AppInfoParser.unregisterAppInfo:83 - App info kafka.consumer for consumer-wallet-post-1 unregistered
21:07:13.582 [org.springframework.kafka.KafkaListenerEndpointContainer#0-0-C-1] [INFO ] o.s.k.l.KafkaMessageListenerContainer.info:292 - wallet-post: Consumer stopped
21:07:13.583 [org.springframework.kafka.KafkaListenerEndpointContainer#0-2-C-1] [INFO ] o.a.kafka.common.utils.AppInfoParser.unregisterAppInfo:83 - App info kafka.consumer for consumer-wallet-post-3 unregistered
21:07:13.583 [org.springframework.kafka.KafkaListenerEndpointContainer#0-2-C-1] [INFO ] o.s.k.l.KafkaMessageListenerContainer.info:292 - wallet-post: Consumer stopped
21:07:13.623 [SpringApplicationShutdownHook] [INFO ] com.zaxxer.hikari.HikariDataSource.close:350 - HikariPool-1 - Shutdown initiated...
21:07:13.639 [SpringApplicationShutdownHook] [INFO ] com.zaxxer.hikari.HikariDataSource.close:352 - HikariPool-1 - Shutdown completed.
21:08:56.332 [main] [INFO ] c.e.a.l.p.PostLedgerProcessorTest.logStarting:55 - Starting PostLedgerProcessorTest using Java 11.0.29 on Sunsunsun with PID 40512 (started by Sun in D:\TestProgram\Java\JavaEE\z-exchange\ledger-service)
21:08:56.332 [main] [INFO ] c.e.a.l.p.PostLedgerProcessorTest.logStartupProfileInfo:631 - No active profile set, falling back to 1 default profile: "default"
21:08:57.076 [main] [INFO ] o.s.d.r.c.RepositoryConfigurationDelegate.multipleStoresDetected:262 - Multiple Spring Data modules found, entering strict repository configuration mode
21:08:57.076 [main] [INFO ] o.s.d.r.c.RepositoryConfigurationDelegate.registerRepositoriesIn:132 - Bootstrapping Spring Data Redis repositories in DEFAULT mode.
21:08:57.102 [main] [INFO ] o.s.d.r.c.RepositoryConfigurationDelegate.registerRepositoriesIn:201 - Finished Spring Data repository scanning in 16 ms. Found 0 Redis repository interfaces.
21:09:01.887 [main] [INFO ] org.redisson.Version.logVersion:41 - Redisson 3.17.7
21:09:02.869 [redisson-netty-2-5] [INFO ] o.r.c.p.MasterPubSubConnectionPool.lambda$createConnection$1:161 - 1 connections initialized for 192.168.52.100/192.168.52.100:6379
21:09:02.929 [redisson-netty-2-19] [INFO ] o.r.c.pool.MasterConnectionPool.lambda$createConnection$1:161 - 24 connections initialized for 192.168.52.100/192.168.52.100:6379
21:09:04.019 [main] [INFO ] n.d.b.g.s.a.GrpcServerFactoryAutoConfiguration.shadedNettyGrpcServerFactory:74 - Detected grpc-netty-shaded: Creating ShadedNettyGrpcServerFactory
21:09:04.584 [main] [INFO ] o.s.b.a.e.web.EndpointLinksResolver.<init>:58 - Exposing 1 endpoint(s) beneath base path '/actuator'
21:09:04.719 [main] [INFO ] o.a.k.c.consumer.ConsumerConfig.logAll:376 - ConsumerConfig values: 
	allow.auto.create.topics = true
	auto.commit.interval.ms = 5000
	auto.offset.reset = latest
	bootstrap.servers = [192.168.52.100:9092]
	check.crcs = true
	client.dns.lookup = use_all_dns_ips
	client.id = consumer-wallet-post-1
	client.rack = 
	connections.max.idle.ms = 540000
	default.api.timeout.ms = 60000
	enable.auto.commit = false
	exclude.internal.topics = true
	fetch.max.bytes = 52428800
	fetch.max.wait.ms = 500
	fetch.min.bytes = 1
	group.id = wallet-post
	group.instance.id = null
	heartbeat.interval.ms = 3000
	interceptor.classes = []
	internal.leave.group.on.close = true
	internal.throw.on.fetch.stable.offset.unsupported = false
	isolation.level = read_uncommitted
	key.deserializer = class org.apache.kafka.common.serialization.StringDeserializer
	max.partition.fetch.bytes = 1048576
	max.poll.interval.ms = 300000
	max.poll.records = 500
	metadata.max.age.ms = 300000
	metric.reporters = []
	metrics.num.samples = 2
	metrics.recording.level = INFO
	metrics.sample.window.ms = 30000
	partition.assignment.strategy = [class org.apache.kafka.clients.consumer.RangeAssignor, class org.apache.kafka.clients.consumer.CooperativeStickyAssignor]
	receive.buffer.bytes = 65536
	reconnect.backoff.max.ms = 1000
	reconnect.backoff.ms = 50
	request.timeout.ms = 30000
	retry.backoff.ms = 100
	sasl.client.callback.handler.class = null
	sasl.jaas.config = null
	sasl.kerberos.kinit.cmd = /usr/bin/kinit
	sasl.kerberos.min.time.before.relogin = 60000
	sasl.kerberos.service.name = null
	sasl.kerberos.ticket.renew.jitter = 0.05
	sasl.kerberos.ticket.renew.window.factor = 0.8
	sasl.login.callback.handler.class = null
	sasl.login.class = null
	sasl.login.connect.timeout.ms = null
	sasl.login.read.timeout.ms = null
	sasl.login.refresh.buffer.seconds = 300
	sasl.login.refresh.min.period.seconds = 60
	sasl.login.refresh.window.factor = 0.8
	sasl.login.refresh.window.jitter = 0.05
	sasl.login.retry.backoff.max.ms = 10000
	sasl.login.retry.backoff.ms = 100
	sasl.mechanism = GSSAPI
	sasl.oauthbearer.clock.skew.seconds = 30
	sasl.oauthbearer.expected.audience = null
	sasl.oauthbearer.expected.issuer = null
	sasl.oauthbearer.jwks.endpoint.refresh.ms = 3600000
	sasl.oauthbearer.jwks.endpoint.retry.backoff.max.ms = 10000
	sasl.oauthbearer.jwks.endpoint.retry.backoff.ms = 100
	sasl.oauthbearer.jwks.endpoint.url = null
	sasl.oauthbearer.scope.claim.name = scope
	sasl.oauthbearer.sub.claim.name = sub
	sasl.oauthbearer.token.endpoint.url = null
	security.protocol = PLAINTEXT
	security.providers = null
	send.buffer.bytes = 131072
	session.timeout.ms = 45000
	socket.connection.setup.timeout.max.ms = 30000
	socket.connection.setup.timeout.ms = 10000
	ssl.cipher.suites = null
	ssl.enabled.protocols = [TLSv1.2, TLSv1.3]
	ssl.endpoint.identification.algorithm = https
	ssl.engine.factory.class = null
	ssl.key.password = null
	ssl.keymanager.algorithm = SunX509
	ssl.keystore.certificate.chain = null
	ssl.keystore.key = null
	ssl.keystore.location = null
	ssl.keystore.password = null
	ssl.keystore.type = JKS
	ssl.protocol = TLSv1.3
	ssl.provider = null
	ssl.secure.random.implementation = null
	ssl.trustmanager.algorithm = PKIX
	ssl.truststore.certificates = null
	ssl.truststore.location = null
	ssl.truststore.password = null
	ssl.truststore.type = JKS
	value.deserializer = class org.apache.kafka.common.serialization.ByteArrayDeserializer

21:09:04.800 [main] [INFO ] o.a.kafka.common.utils.AppInfoParser.<init>:119 - Kafka version: 3.1.2
21:09:04.800 [main] [INFO ] o.a.kafka.common.utils.AppInfoParser.<init>:120 - Kafka commitId: f8c67dc3ae0a3265
21:09:04.800 [main] [INFO ] o.a.kafka.common.utils.AppInfoParser.<init>:121 - Kafka startTimeMs: 1772629744799
21:09:04.835 [main] [INFO ] o.a.k.clients.consumer.KafkaConsumer.subscribe:966 - [Consumer clientId=consumer-wallet-post-1, groupId=wallet-post] Subscribed to topic(s): wallet.ledger.command.posting
21:09:04.841 [main] [INFO ] o.a.k.c.consumer.ConsumerConfig.logAll:376 - ConsumerConfig values: 
	allow.auto.create.topics = true
	auto.commit.interval.ms = 5000
	auto.offset.reset = latest
	bootstrap.servers = [192.168.52.100:9092]
	check.crcs = true
	client.dns.lookup = use_all_dns_ips
	client.id = consumer-wallet-post-2
	client.rack = 
	connections.max.idle.ms = 540000
	default.api.timeout.ms = 60000
	enable.auto.commit = false
	exclude.internal.topics = true
	fetch.max.bytes = 52428800
	fetch.max.wait.ms = 500
	fetch.min.bytes = 1
	group.id = wallet-post
	group.instance.id = null
	heartbeat.interval.ms = 3000
	interceptor.classes = []
	internal.leave.group.on.close = true
	internal.throw.on.fetch.stable.offset.unsupported = false
	isolation.level = read_uncommitted
	key.deserializer = class org.apache.kafka.common.serialization.StringDeserializer
	max.partition.fetch.bytes = 1048576
	max.poll.interval.ms = 300000
	max.poll.records = 500
	metadata.max.age.ms = 300000
	metric.reporters = []
	metrics.num.samples = 2
	metrics.recording.level = INFO
	metrics.sample.window.ms = 30000
	partition.assignment.strategy = [class org.apache.kafka.clients.consumer.RangeAssignor, class org.apache.kafka.clients.consumer.CooperativeStickyAssignor]
	receive.buffer.bytes = 65536
	reconnect.backoff.max.ms = 1000
	reconnect.backoff.ms = 50
	request.timeout.ms = 30000
	retry.backoff.ms = 100
	sasl.client.callback.handler.class = null
	sasl.jaas.config = null
	sasl.kerberos.kinit.cmd = /usr/bin/kinit
	sasl.kerberos.min.time.before.relogin = 60000
	sasl.kerberos.service.name = null
	sasl.kerberos.ticket.renew.jitter = 0.05
	sasl.kerberos.ticket.renew.window.factor = 0.8
	sasl.login.callback.handler.class = null
	sasl.login.class = null
	sasl.login.connect.timeout.ms = null
	sasl.login.read.timeout.ms = null
	sasl.login.refresh.buffer.seconds = 300
	sasl.login.refresh.min.period.seconds = 60
	sasl.login.refresh.window.factor = 0.8
	sasl.login.refresh.window.jitter = 0.05
	sasl.login.retry.backoff.max.ms = 10000
	sasl.login.retry.backoff.ms = 100
	sasl.mechanism = GSSAPI
	sasl.oauthbearer.clock.skew.seconds = 30
	sasl.oauthbearer.expected.audience = null
	sasl.oauthbearer.expected.issuer = null
	sasl.oauthbearer.jwks.endpoint.refresh.ms = 3600000
	sasl.oauthbearer.jwks.endpoint.retry.backoff.max.ms = 10000
	sasl.oauthbearer.jwks.endpoint.retry.backoff.ms = 100
	sasl.oauthbearer.jwks.endpoint.url = null
	sasl.oauthbearer.scope.claim.name = scope
	sasl.oauthbearer.sub.claim.name = sub
	sasl.oauthbearer.token.endpoint.url = null
	security.protocol = PLAINTEXT
	security.providers = null
	send.buffer.bytes = 131072
	session.timeout.ms = 45000
	socket.connection.setup.timeout.max.ms = 30000
	socket.connection.setup.timeout.ms = 10000
	ssl.cipher.suites = null
	ssl.enabled.protocols = [TLSv1.2, TLSv1.3]
	ssl.endpoint.identification.algorithm = https
	ssl.engine.factory.class = null
	ssl.key.password = null
	ssl.keymanager.algorithm = SunX509
	ssl.keystore.certificate.chain = null
	ssl.keystore.key = null
	ssl.keystore.location = null
	ssl.keystore.password = null
	ssl.keystore.type = JKS
	ssl.protocol = TLSv1.3
	ssl.provider = null
	ssl.secure.random.implementation = null
	ssl.trustmanager.algorithm = PKIX
	ssl.truststore.certificates = null
	ssl.truststore.location = null
	ssl.truststore.password = null
	ssl.truststore.type = JKS
	value.deserializer = class org.apache.kafka.common.serialization.ByteArrayDeserializer

21:09:04.851 [main] [INFO ] o.a.kafka.common.utils.AppInfoParser.<init>:119 - Kafka version: 3.1.2
21:09:04.852 [main] [INFO ] o.a.kafka.common.utils.AppInfoParser.<init>:120 - Kafka commitId: f8c67dc3ae0a3265
21:09:04.853 [main] [INFO ] o.a.kafka.common.utils.AppInfoParser.<init>:121 - Kafka startTimeMs: 1772629744851
21:09:04.860 [main] [INFO ] o.a.k.clients.consumer.KafkaConsumer.subscribe:966 - [Consumer clientId=consumer-wallet-post-2, groupId=wallet-post] Subscribed to topic(s): wallet.ledger.command.posting
21:09:04.865 [main] [INFO ] o.a.k.c.consumer.ConsumerConfig.logAll:376 - ConsumerConfig values: 
	allow.auto.create.topics = true
	auto.commit.interval.ms = 5000
	auto.offset.reset = latest
	bootstrap.servers = [192.168.52.100:9092]
	check.crcs = true
	client.dns.lookup = use_all_dns_ips
	client.id = consumer-wallet-post-3
	client.rack = 
	connections.max.idle.ms = 540000
	default.api.timeout.ms = 60000
	enable.auto.commit = false
	exclude.internal.topics = true
	fetch.max.bytes = 52428800
	fetch.max.wait.ms = 500
	fetch.min.bytes = 1
	group.id = wallet-post
	group.instance.id = null
	heartbeat.interval.ms = 3000
	interceptor.classes = []
	internal.leave.group.on.close = true
	internal.throw.on.fetch.stable.offset.unsupported = false
	isolation.level = read_uncommitted
	key.deserializer = class org.apache.kafka.common.serialization.StringDeserializer
	max.partition.fetch.bytes = 1048576
	max.poll.interval.ms = 300000
	max.poll.records = 500
	metadata.max.age.ms = 300000
	metric.reporters = []
	metrics.num.samples = 2
	metrics.recording.level = INFO
	metrics.sample.window.ms = 30000
	partition.assignment.strategy = [class org.apache.kafka.clients.consumer.RangeAssignor, class org.apache.kafka.clients.consumer.CooperativeStickyAssignor]
	receive.buffer.bytes = 65536
	reconnect.backoff.max.ms = 1000
	reconnect.backoff.ms = 50
	request.timeout.ms = 30000
	retry.backoff.ms = 100
	sasl.client.callback.handler.class = null
	sasl.jaas.config = null
	sasl.kerberos.kinit.cmd = /usr/bin/kinit
	sasl.kerberos.min.time.before.relogin = 60000
	sasl.kerberos.service.name = null
	sasl.kerberos.ticket.renew.jitter = 0.05
	sasl.kerberos.ticket.renew.window.factor = 0.8
	sasl.login.callback.handler.class = null
	sasl.login.class = null
	sasl.login.connect.timeout.ms = null
	sasl.login.read.timeout.ms = null
	sasl.login.refresh.buffer.seconds = 300
	sasl.login.refresh.min.period.seconds = 60
	sasl.login.refresh.window.factor = 0.8
	sasl.login.refresh.window.jitter = 0.05
	sasl.login.retry.backoff.max.ms = 10000
	sasl.login.retry.backoff.ms = 100
	sasl.mechanism = GSSAPI
	sasl.oauthbearer.clock.skew.seconds = 30
	sasl.oauthbearer.expected.audience = null
	sasl.oauthbearer.expected.issuer = null
	sasl.oauthbearer.jwks.endpoint.refresh.ms = 3600000
	sasl.oauthbearer.jwks.endpoint.retry.backoff.max.ms = 10000
	sasl.oauthbearer.jwks.endpoint.retry.backoff.ms = 100
	sasl.oauthbearer.jwks.endpoint.url = null
	sasl.oauthbearer.scope.claim.name = scope
	sasl.oauthbearer.sub.claim.name = sub
	sasl.oauthbearer.token.endpoint.url = null
	security.protocol = PLAINTEXT
	security.providers = null
	send.buffer.bytes = 131072
	session.timeout.ms = 45000
	socket.connection.setup.timeout.max.ms = 30000
	socket.connection.setup.timeout.ms = 10000
	ssl.cipher.suites = null
	ssl.enabled.protocols = [TLSv1.2, TLSv1.3]
	ssl.endpoint.identification.algorithm = https
	ssl.engine.factory.class = null
	ssl.key.password = null
	ssl.keymanager.algorithm = SunX509
	ssl.keystore.certificate.chain = null
	ssl.keystore.key = null
	ssl.keystore.location = null
	ssl.keystore.password = null
	ssl.keystore.type = JKS
	ssl.protocol = TLSv1.3
	ssl.provider = null
	ssl.secure.random.implementation = null
	ssl.trustmanager.algorithm = PKIX
	ssl.truststore.certificates = null
	ssl.truststore.location = null
	ssl.truststore.password = null
	ssl.truststore.type = JKS
	value.deserializer = class org.apache.kafka.common.serialization.ByteArrayDeserializer

21:09:04.871 [main] [INFO ] o.a.kafka.common.utils.AppInfoParser.<init>:119 - Kafka version: 3.1.2
21:09:04.872 [main] [INFO ] o.a.kafka.common.utils.AppInfoParser.<init>:120 - Kafka commitId: f8c67dc3ae0a3265
21:09:04.872 [main] [INFO ] o.a.kafka.common.utils.AppInfoParser.<init>:121 - Kafka startTimeMs: 1772629744871
21:09:04.876 [main] [INFO ] o.a.k.clients.consumer.KafkaConsumer.subscribe:966 - [Consumer clientId=consumer-wallet-post-3, groupId=wallet-post] Subscribed to topic(s): wallet.ledger.command.posting
21:09:04.936 [main] [INFO ] n.d.b.g.s.s.AbstractGrpcServerFactory.configureServices:108 - Registered gRPC service: ledger.AccountService, bean: accountServiceImpl, class: com.exchange.app.ledger.service.AccountServiceImpl
21:09:04.936 [main] [INFO ] n.d.b.g.s.s.AbstractGrpcServerFactory.configureServices:108 - Registered gRPC service: ledger.PostService, bean: postServiceImpl, class: com.exchange.app.ledger.service.PostServiceImpl
21:09:04.936 [main] [INFO ] n.d.b.g.s.s.AbstractGrpcServerFactory.configureServices:108 - Registered gRPC service: grpc.health.v1.Health, bean: grpcHealthService, class: io.grpc.protobuf.services.HealthServiceImpl
21:09:04.937 [main] [INFO ] n.d.b.g.s.s.AbstractGrpcServerFactory.configureServices:108 - Registered gRPC service: grpc.reflection.v1alpha.ServerReflection, bean: protoReflectionService, class: io.grpc.protobuf.services.ProtoReflectionService
21:09:05.112 [org.springframework.kafka.KafkaListenerEndpointContainer#0-1-C-1] [INFO ] org.apache.kafka.clients.Metadata.updateLatestMetadata:402 - [Consumer clientId=consumer-wallet-post-2, groupId=wallet-post] Resetting the last seen epoch of partition wallet.ledger.command.posting-0 to 0 since the associated topicId changed from null to 6CMdvSfjT4i9qNvLK0rz0g
21:09:05.112 [org.springframework.kafka.KafkaListenerEndpointContainer#0-0-C-1] [INFO ] org.apache.kafka.clients.Metadata.updateLatestMetadata:402 - [Consumer clientId=consumer-wallet-post-1, groupId=wallet-post] Resetting the last seen epoch of partition wallet.ledger.command.posting-0 to 0 since the associated topicId changed from null to 6CMdvSfjT4i9qNvLK0rz0g
21:09:05.112 [org.springframework.kafka.KafkaListenerEndpointContainer#0-2-C-1] [INFO ] org.apache.kafka.clients.Metadata.updateLatestMetadata:402 - [Consumer clientId=consumer-wallet-post-3, groupId=wallet-post] Resetting the last seen epoch of partition wallet.ledger.command.posting-0 to 0 since the associated topicId changed from null to 6CMdvSfjT4i9qNvLK0rz0g
21:09:05.114 [org.springframework.kafka.KafkaListenerEndpointContainer#0-0-C-1] [INFO ] org.apache.kafka.clients.Metadata.update:287 - [Consumer clientId=consumer-wallet-post-1, groupId=wallet-post] Cluster ID: xhieLtErTGiHtNba1-gbcg
21:09:05.114 [org.springframework.kafka.KafkaListenerEndpointContainer#0-2-C-1] [INFO ] org.apache.kafka.clients.Metadata.update:287 - [Consumer clientId=consumer-wallet-post-3, groupId=wallet-post] Cluster ID: xhieLtErTGiHtNba1-gbcg
21:09:05.114 [org.springframework.kafka.KafkaListenerEndpointContainer#0-1-C-1] [INFO ] org.apache.kafka.clients.Metadata.update:287 - [Consumer clientId=consumer-wallet-post-2, groupId=wallet-post] Cluster ID: xhieLtErTGiHtNba1-gbcg
21:09:05.116 [org.springframework.kafka.KafkaListenerEndpointContainer#0-2-C-1] [INFO ] o.a.k.c.c.i.ConsumerCoordinator.onSuccess:853 - [Consumer clientId=consumer-wallet-post-3, groupId=wallet-post] Discovered group coordinator 192.168.52.100:9092 (id: 2147483647 rack: null)
21:09:05.116 [org.springframework.kafka.KafkaListenerEndpointContainer#0-0-C-1] [INFO ] o.a.k.c.c.i.ConsumerCoordinator.onSuccess:853 - [Consumer clientId=consumer-wallet-post-1, groupId=wallet-post] Discovered group coordinator 192.168.52.100:9092 (id: 2147483647 rack: null)
21:09:05.116 [org.springframework.kafka.KafkaListenerEndpointContainer#0-1-C-1] [INFO ] o.a.k.c.c.i.ConsumerCoordinator.onSuccess:853 - [Consumer clientId=consumer-wallet-post-2, groupId=wallet-post] Discovered group coordinator 192.168.52.100:9092 (id: 2147483647 rack: null)
21:09:05.119 [org.springframework.kafka.KafkaListenerEndpointContainer#0-1-C-1] [INFO ] o.a.k.c.c.i.ConsumerCoordinator.sendJoinGroupRequest:535 - [Consumer clientId=consumer-wallet-post-2, groupId=wallet-post] (Re-)joining group
21:09:05.119 [org.springframework.kafka.KafkaListenerEndpointContainer#0-0-C-1] [INFO ] o.a.k.c.c.i.ConsumerCoordinator.sendJoinGroupRequest:535 - [Consumer clientId=consumer-wallet-post-1, groupId=wallet-post] (Re-)joining group
21:09:05.119 [org.springframework.kafka.KafkaListenerEndpointContainer#0-2-C-1] [INFO ] o.a.k.c.c.i.ConsumerCoordinator.sendJoinGroupRequest:535 - [Consumer clientId=consumer-wallet-post-3, groupId=wallet-post] (Re-)joining group
21:09:05.131 [org.springframework.kafka.KafkaListenerEndpointContainer#0-2-C-1] [INFO ] o.a.k.c.c.i.ConsumerCoordinator.requestRejoin:1000 - [Consumer clientId=consumer-wallet-post-3, groupId=wallet-post] Request joining group due to: need to re-join with the given member-id
21:09:05.132 [org.springframework.kafka.KafkaListenerEndpointContainer#0-1-C-1] [INFO ] o.a.k.c.c.i.ConsumerCoordinator.requestRejoin:1000 - [Consumer clientId=consumer-wallet-post-2, groupId=wallet-post] Request joining group due to: need to re-join with the given member-id
21:09:05.132 [org.springframework.kafka.KafkaListenerEndpointContainer#0-2-C-1] [INFO ] o.a.k.c.c.i.ConsumerCoordinator.sendJoinGroupRequest:535 - [Consumer clientId=consumer-wallet-post-3, groupId=wallet-post] (Re-)joining group
21:09:05.132 [org.springframework.kafka.KafkaListenerEndpointContainer#0-0-C-1] [INFO ] o.a.k.c.c.i.ConsumerCoordinator.requestRejoin:1000 - [Consumer clientId=consumer-wallet-post-1, groupId=wallet-post] Request joining group due to: need to re-join with the given member-id
21:09:05.132 [org.springframework.kafka.KafkaListenerEndpointContainer#0-1-C-1] [INFO ] o.a.k.c.c.i.ConsumerCoordinator.sendJoinGroupRequest:535 - [Consumer clientId=consumer-wallet-post-2, groupId=wallet-post] (Re-)joining group
21:09:05.132 [org.springframework.kafka.KafkaListenerEndpointContainer#0-0-C-1] [INFO ] o.a.k.c.c.i.ConsumerCoordinator.sendJoinGroupRequest:535 - [Consumer clientId=consumer-wallet-post-1, groupId=wallet-post] (Re-)joining group
21:09:05.136 [org.springframework.kafka.KafkaListenerEndpointContainer#0-0-C-1] [INFO ] o.a.k.c.c.i.ConsumerCoordinator.handle:595 - [Consumer clientId=consumer-wallet-post-1, groupId=wallet-post] Successfully joined group with generation Generation{generationId=38, memberId='consumer-wallet-post-1-4accd094-0b96-407b-a4a9-d9df5fd6cdb3', protocol='range'}
21:09:05.136 [org.springframework.kafka.KafkaListenerEndpointContainer#0-1-C-1] [INFO ] o.a.k.c.c.i.ConsumerCoordinator.handle:595 - [Consumer clientId=consumer-wallet-post-2, groupId=wallet-post] Successfully joined group with generation Generation{generationId=38, memberId='consumer-wallet-post-2-dd65719b-bb81-4e76-93b6-89a868397962', protocol='range'}
21:09:05.137 [org.springframework.kafka.KafkaListenerEndpointContainer#0-2-C-1] [INFO ] o.a.k.c.c.i.ConsumerCoordinator.handle:595 - [Consumer clientId=consumer-wallet-post-3, groupId=wallet-post] Successfully joined group with generation Generation{generationId=38, memberId='consumer-wallet-post-3-694b19af-41a6-427f-a17a-8ccddeefe296', protocol='range'}
21:09:05.139 [org.springframework.kafka.KafkaListenerEndpointContainer#0-1-C-1] [INFO ] o.a.k.c.c.i.ConsumerCoordinator.performAssignment:659 - [Consumer clientId=consumer-wallet-post-2, groupId=wallet-post] Finished assignment for group at generation 38: {consumer-wallet-post-1-4accd094-0b96-407b-a4a9-d9df5fd6cdb3=Assignment(partitions=[wallet.ledger.command.posting-0]), consumer-wallet-post-2-dd65719b-bb81-4e76-93b6-89a868397962=Assignment(partitions=[]), consumer-wallet-post-3-694b19af-41a6-427f-a17a-8ccddeefe296=Assignment(partitions=[])}
21:09:05.143 [org.springframework.kafka.KafkaListenerEndpointContainer#0-0-C-1] [INFO ] o.a.k.c.c.i.ConsumerCoordinator.handle:761 - [Consumer clientId=consumer-wallet-post-1, groupId=wallet-post] Successfully synced group in generation Generation{generationId=38, memberId='consumer-wallet-post-1-4accd094-0b96-407b-a4a9-d9df5fd6cdb3', protocol='range'}
21:09:05.143 [org.springframework.kafka.KafkaListenerEndpointContainer#0-2-C-1] [INFO ] o.a.k.c.c.i.ConsumerCoordinator.handle:761 - [Consumer clientId=consumer-wallet-post-3, groupId=wallet-post] Successfully synced group in generation Generation{generationId=38, memberId='consumer-wallet-post-3-694b19af-41a6-427f-a17a-8ccddeefe296', protocol='range'}
21:09:05.143 [org.springframework.kafka.KafkaListenerEndpointContainer#0-0-C-1] [INFO ] o.a.k.c.c.i.ConsumerCoordinator.invokeOnAssignment:280 - [Consumer clientId=consumer-wallet-post-1, groupId=wallet-post] Notifying assignor about the new Assignment(partitions=[wallet.ledger.command.posting-0])
21:09:05.144 [org.springframework.kafka.KafkaListenerEndpointContainer#0-2-C-1] [INFO ] o.a.k.c.c.i.ConsumerCoordinator.invokeOnAssignment:280 - [Consumer clientId=consumer-wallet-post-3, groupId=wallet-post] Notifying assignor about the new Assignment(partitions=[])
21:09:05.144 [org.springframework.kafka.KafkaListenerEndpointContainer#0-2-C-1] [INFO ] o.a.k.c.c.i.ConsumerCoordinator.invokePartitionsAssigned:292 - [Consumer clientId=consumer-wallet-post-3, groupId=wallet-post] Adding newly assigned partitions: 
21:09:05.144 [org.springframework.kafka.KafkaListenerEndpointContainer#0-1-C-1] [INFO ] o.a.k.c.c.i.ConsumerCoordinator.handle:761 - [Consumer clientId=consumer-wallet-post-2, groupId=wallet-post] Successfully synced group in generation Generation{generationId=38, memberId='consumer-wallet-post-2-dd65719b-bb81-4e76-93b6-89a868397962', protocol='range'}
21:09:05.144 [org.springframework.kafka.KafkaListenerEndpointContainer#0-1-C-1] [INFO ] o.a.k.c.c.i.ConsumerCoordinator.invokeOnAssignment:280 - [Consumer clientId=consumer-wallet-post-2, groupId=wallet-post] Notifying assignor about the new Assignment(partitions=[])
21:09:05.144 [org.springframework.kafka.KafkaListenerEndpointContainer#0-1-C-1] [INFO ] o.a.k.c.c.i.ConsumerCoordinator.invokePartitionsAssigned:292 - [Consumer clientId=consumer-wallet-post-2, groupId=wallet-post] Adding newly assigned partitions: 
21:09:05.144 [org.springframework.kafka.KafkaListenerEndpointContainer#0-2-C-1] [INFO ] o.s.k.l.KafkaMessageListenerContainer.info:292 - wallet-post: partitions assigned: []
21:09:05.145 [org.springframework.kafka.KafkaListenerEndpointContainer#0-1-C-1] [INFO ] o.s.k.l.KafkaMessageListenerContainer.info:292 - wallet-post: partitions assigned: []
21:09:05.145 [org.springframework.kafka.KafkaListenerEndpointContainer#0-0-C-1] [INFO ] o.a.k.c.c.i.ConsumerCoordinator.invokePartitionsAssigned:292 - [Consumer clientId=consumer-wallet-post-1, groupId=wallet-post] Adding newly assigned partitions: wallet.ledger.command.posting-0
21:09:05.152 [org.springframework.kafka.KafkaListenerEndpointContainer#0-0-C-1] [INFO ] o.a.k.c.c.i.ConsumerCoordinator.refreshCommittedOffsetsIfNeeded:851 - [Consumer clientId=consumer-wallet-post-1, groupId=wallet-post] Setting offset for partition wallet.ledger.command.posting-0 to the committed offset FetchPosition{offset=64, offsetEpoch=Optional.empty, currentLeader=LeaderAndEpoch{leader=Optional[192.168.52.100:9092 (id: 0 rack: null)], epoch=0}}
21:09:05.153 [org.springframework.kafka.KafkaListenerEndpointContainer#0-0-C-1] [INFO ] o.s.k.l.KafkaMessageListenerContainer.info:292 - wallet-post: partitions assigned: [wallet.ledger.command.posting-0]
21:09:05.331 [main] [INFO ] n.d.b.g.s.s.GrpcServerLifecycle.createAndStartGrpcServer:116 - gRPC Server started, listening on address: *, port: 9091
21:09:05.346 [main] [INFO ] c.e.a.l.p.PostLedgerProcessorTest.logStarted:61 - Started PostLedgerProcessorTest in 9.474 seconds (JVM running for 10.263)
21:09:05.737 [main] [INFO ] com.zaxxer.hikari.HikariDataSource.getConnection:110 - HikariPool-1 - Starting...
21:09:05.873 [main] [INFO ] com.zaxxer.hikari.HikariDataSource.getConnection:123 - HikariPool-1 - Start completed.
21:09:05.906 [main] [ERROR] c.e.a.l.p.post.PostLedgerProcessor.postTransaction:72 - account not found, notFoundRefs=[]
21:09:05.914 [main] [INFO ] c.e.a.l.p.PostLedgerProcessorTest.testPostTxnSuccess:52 - reply: error {
  code: ERROR_NOT_FOUND
  message: "account_not_found"
  detail: "account_not_found, refs: []"
}

21:09:06.012 [SpringApplicationShutdownHook] [INFO ] n.d.b.g.s.s.GrpcServerLifecycle.stopAndReleaseGrpcServer:160 - Completed gRPC server shutdown
21:09:06.014 [org.springframework.kafka.KafkaListenerEndpointContainer#0-2-C-1] [INFO ] o.a.k.c.c.i.ConsumerCoordinator.maybeLeaveGroup:1060 - [Consumer clientId=consumer-wallet-post-3, groupId=wallet-post] Member consumer-wallet-post-3-694b19af-41a6-427f-a17a-8ccddeefe296 sending LeaveGroup request to coordinator 192.168.52.100:9092 (id: 2147483647 rack: null) due to the consumer unsubscribed from all topics
21:09:06.014 [org.springframework.kafka.KafkaListenerEndpointContainer#0-0-C-1] [INFO ] o.a.k.c.c.i.ConsumerCoordinator.invokePartitionsRevoked:311 - [Consumer clientId=consumer-wallet-post-1, groupId=wallet-post] Revoke previously assigned partitions wallet.ledger.command.posting-0
21:09:06.014 [org.springframework.kafka.KafkaListenerEndpointContainer#0-1-C-1] [INFO ] o.a.k.c.c.i.ConsumerCoordinator.maybeLeaveGroup:1060 - [Consumer clientId=consumer-wallet-post-2, groupId=wallet-post] Member consumer-wallet-post-2-dd65719b-bb81-4e76-93b6-89a868397962 sending LeaveGroup request to coordinator 192.168.52.100:9092 (id: 2147483647 rack: null) due to the consumer unsubscribed from all topics
21:09:06.015 [org.springframework.kafka.KafkaListenerEndpointContainer#0-0-C-1] [INFO ] o.s.k.l.KafkaMessageListenerContainer.info:292 - wallet-post: partitions revoked: [wallet.ledger.command.posting-0]
21:09:06.015 [org.springframework.kafka.KafkaListenerEndpointContainer#0-1-C-1] [INFO ] o.a.k.c.c.i.ConsumerCoordinator.resetStateAndGeneration:972 - [Consumer clientId=consumer-wallet-post-2, groupId=wallet-post] Resetting generation due to: consumer pro-actively leaving the group
21:09:06.015 [org.springframework.kafka.KafkaListenerEndpointContainer#0-2-C-1] [INFO ] o.a.k.c.c.i.ConsumerCoordinator.resetStateAndGeneration:972 - [Consumer clientId=consumer-wallet-post-3, groupId=wallet-post] Resetting generation due to: consumer pro-actively leaving the group
21:09:06.015 [org.springframework.kafka.KafkaListenerEndpointContainer#0-0-C-1] [INFO ] o.a.k.c.c.i.ConsumerCoordinator.maybeLeaveGroup:1060 - [Consumer clientId=consumer-wallet-post-1, groupId=wallet-post] Member consumer-wallet-post-1-4accd094-0b96-407b-a4a9-d9df5fd6cdb3 sending LeaveGroup request to coordinator 192.168.52.100:9092 (id: 2147483647 rack: null) due to the consumer unsubscribed from all topics
21:09:06.015 [org.springframework.kafka.KafkaListenerEndpointContainer#0-2-C-1] [INFO ] o.a.k.c.c.i.ConsumerCoordinator.requestRejoin:1000 - [Consumer clientId=consumer-wallet-post-3, groupId=wallet-post] Request joining group due to: consumer pro-actively leaving the group
21:09:06.015 [org.springframework.kafka.KafkaListenerEndpointContainer#0-1-C-1] [INFO ] o.a.k.c.c.i.ConsumerCoordinator.requestRejoin:1000 - [Consumer clientId=consumer-wallet-post-2, groupId=wallet-post] Request joining group due to: consumer pro-actively leaving the group
21:09:06.015 [org.springframework.kafka.KafkaListenerEndpointContainer#0-2-C-1] [INFO ] o.a.k.clients.consumer.KafkaConsumer.unsubscribe:1075 - [Consumer clientId=consumer-wallet-post-3, groupId=wallet-post] Unsubscribed all topics or patterns and assigned partitions
21:09:06.015 [org.springframework.kafka.KafkaListenerEndpointContainer#0-1-C-1] [INFO ] o.a.k.clients.consumer.KafkaConsumer.unsubscribe:1075 - [Consumer clientId=consumer-wallet-post-2, groupId=wallet-post] Unsubscribed all topics or patterns and assigned partitions
21:09:06.015 [org.springframework.kafka.KafkaListenerEndpointContainer#0-0-C-1] [INFO ] o.a.k.c.c.i.ConsumerCoordinator.resetStateAndGeneration:972 - [Consumer clientId=consumer-wallet-post-1, groupId=wallet-post] Resetting generation due to: consumer pro-actively leaving the group
21:09:06.015 [org.springframework.kafka.KafkaListenerEndpointContainer#0-0-C-1] [INFO ] o.a.k.c.c.i.ConsumerCoordinator.requestRejoin:1000 - [Consumer clientId=consumer-wallet-post-1, groupId=wallet-post] Request joining group due to: consumer pro-actively leaving the group
21:09:06.015 [org.springframework.kafka.KafkaListenerEndpointContainer#0-0-C-1] [INFO ] o.a.k.clients.consumer.KafkaConsumer.unsubscribe:1075 - [Consumer clientId=consumer-wallet-post-1, groupId=wallet-post] Unsubscribed all topics or patterns and assigned partitions
21:09:06.018 [org.springframework.kafka.KafkaListenerEndpointContainer#0-0-C-1] [INFO ] o.a.k.c.c.i.ConsumerCoordinator.resetStateAndGeneration:972 - [Consumer clientId=consumer-wallet-post-1, groupId=wallet-post] Resetting generation due to: consumer pro-actively leaving the group
21:09:06.018 [org.springframework.kafka.KafkaListenerEndpointContainer#0-2-C-1] [INFO ] o.a.k.c.c.i.ConsumerCoordinator.resetStateAndGeneration:972 - [Consumer clientId=consumer-wallet-post-3, groupId=wallet-post] Resetting generation due to: consumer pro-actively leaving the group
21:09:06.018 [org.springframework.kafka.KafkaListenerEndpointContainer#0-1-C-1] [INFO ] o.a.k.c.c.i.ConsumerCoordinator.resetStateAndGeneration:972 - [Consumer clientId=consumer-wallet-post-2, groupId=wallet-post] Resetting generation due to: consumer pro-actively leaving the group
21:09:06.018 [org.springframework.kafka.KafkaListenerEndpointContainer#0-0-C-1] [INFO ] o.a.k.c.c.i.ConsumerCoordinator.requestRejoin:1000 - [Consumer clientId=consumer-wallet-post-1, groupId=wallet-post] Request joining group due to: consumer pro-actively leaving the group
21:09:06.018 [org.springframework.kafka.KafkaListenerEndpointContainer#0-2-C-1] [INFO ] o.a.k.c.c.i.ConsumerCoordinator.requestRejoin:1000 - [Consumer clientId=consumer-wallet-post-3, groupId=wallet-post] Request joining group due to: consumer pro-actively leaving the group
21:09:06.018 [org.springframework.kafka.KafkaListenerEndpointContainer#0-1-C-1] [INFO ] o.a.k.c.c.i.ConsumerCoordinator.requestRejoin:1000 - [Consumer clientId=consumer-wallet-post-2, groupId=wallet-post] Request joining group due to: consumer pro-actively leaving the group
21:09:06.023 [org.springframework.kafka.KafkaListenerEndpointContainer#0-1-C-1] [INFO ] o.a.kafka.common.metrics.Metrics.close:659 - Metrics scheduler closed
21:09:06.023 [org.springframework.kafka.KafkaListenerEndpointContainer#0-0-C-1] [INFO ] o.a.kafka.common.metrics.Metrics.close:659 - Metrics scheduler closed
21:09:06.023 [org.springframework.kafka.KafkaListenerEndpointContainer#0-1-C-1] [INFO ] o.a.kafka.common.metrics.Metrics.close:663 - Closing reporter org.apache.kafka.common.metrics.JmxReporter
21:09:06.023 [org.springframework.kafka.KafkaListenerEndpointContainer#0-0-C-1] [INFO ] o.a.kafka.common.metrics.Metrics.close:663 - Closing reporter org.apache.kafka.common.metrics.JmxReporter
21:09:06.023 [org.springframework.kafka.KafkaListenerEndpointContainer#0-1-C-1] [INFO ] o.a.kafka.common.metrics.Metrics.close:669 - Metrics reporters closed
21:09:06.023 [org.springframework.kafka.KafkaListenerEndpointContainer#0-0-C-1] [INFO ] o.a.kafka.common.metrics.Metrics.close:669 - Metrics reporters closed
21:09:06.025 [org.springframework.kafka.KafkaListenerEndpointContainer#0-2-C-1] [INFO ] o.a.kafka.common.metrics.Metrics.close:659 - Metrics scheduler closed
21:09:06.026 [org.springframework.kafka.KafkaListenerEndpointContainer#0-2-C-1] [INFO ] o.a.kafka.common.metrics.Metrics.close:663 - Closing reporter org.apache.kafka.common.metrics.JmxReporter
21:09:06.026 [org.springframework.kafka.KafkaListenerEndpointContainer#0-2-C-1] [INFO ] o.a.kafka.common.metrics.Metrics.close:669 - Metrics reporters closed
21:09:06.031 [org.springframework.kafka.KafkaListenerEndpointContainer#0-1-C-1] [INFO ] o.a.kafka.common.utils.AppInfoParser.unregisterAppInfo:83 - App info kafka.consumer for consumer-wallet-post-2 unregistered
21:09:06.031 [org.springframework.kafka.KafkaListenerEndpointContainer#0-1-C-1] [INFO ] o.s.k.l.KafkaMessageListenerContainer.info:292 - wallet-post: Consumer stopped
21:09:06.031 [org.springframework.kafka.KafkaListenerEndpointContainer#0-0-C-1] [INFO ] o.a.kafka.common.utils.AppInfoParser.unregisterAppInfo:83 - App info kafka.consumer for consumer-wallet-post-1 unregistered
21:09:06.032 [org.springframework.kafka.KafkaListenerEndpointContainer#0-0-C-1] [INFO ] o.s.k.l.KafkaMessageListenerContainer.info:292 - wallet-post: Consumer stopped
21:09:06.032 [org.springframework.kafka.KafkaListenerEndpointContainer#0-2-C-1] [INFO ] o.a.kafka.common.utils.AppInfoParser.unregisterAppInfo:83 - App info kafka.consumer for consumer-wallet-post-3 unregistered
21:09:06.032 [org.springframework.kafka.KafkaListenerEndpointContainer#0-2-C-1] [INFO ] o.s.k.l.KafkaMessageListenerContainer.info:292 - wallet-post: Consumer stopped
21:09:06.063 [SpringApplicationShutdownHook] [INFO ] com.zaxxer.hikari.HikariDataSource.close:350 - HikariPool-1 - Shutdown initiated...
21:09:06.073 [SpringApplicationShutdownHook] [INFO ] com.zaxxer.hikari.HikariDataSource.close:352 - HikariPool-1 - Shutdown completed.
21:09:25.550 [main] [INFO ] c.e.a.l.p.PostLedgerProcessorTest.logStarting:55 - Starting PostLedgerProcessorTest using Java 11.0.29 on Sunsunsun with PID 12832 (started by Sun in D:\TestProgram\Java\JavaEE\z-exchange\ledger-service)
21:09:25.551 [main] [INFO ] c.e.a.l.p.PostLedgerProcessorTest.logStartupProfileInfo:631 - No active profile set, falling back to 1 default profile: "default"
21:09:26.257 [main] [INFO ] o.s.d.r.c.RepositoryConfigurationDelegate.multipleStoresDetected:262 - Multiple Spring Data modules found, entering strict repository configuration mode
21:09:26.259 [main] [INFO ] o.s.d.r.c.RepositoryConfigurationDelegate.registerRepositoriesIn:132 - Bootstrapping Spring Data Redis repositories in DEFAULT mode.
21:09:26.288 [main] [INFO ] o.s.d.r.c.RepositoryConfigurationDelegate.registerRepositoriesIn:201 - Finished Spring Data repository scanning in 16 ms. Found 0 Redis repository interfaces.
21:09:27.788 [main] [INFO ] org.redisson.Version.logVersion:41 - Redisson 3.17.7
21:09:28.088 [redisson-netty-2-5] [INFO ] o.r.c.p.MasterPubSubConnectionPool.lambda$createConnection$1:161 - 1 connections initialized for 192.168.52.100/192.168.52.100:6379
21:09:28.140 [redisson-netty-2-19] [INFO ] o.r.c.pool.MasterConnectionPool.lambda$createConnection$1:161 - 24 connections initialized for 192.168.52.100/192.168.52.100:6379
21:09:29.140 [main] [INFO ] n.d.b.g.s.a.GrpcServerFactoryAutoConfiguration.shadedNettyGrpcServerFactory:74 - Detected grpc-netty-shaded: Creating ShadedNettyGrpcServerFactory
21:09:29.689 [main] [INFO ] o.s.b.a.e.web.EndpointLinksResolver.<init>:58 - Exposing 1 endpoint(s) beneath base path '/actuator'
21:09:29.811 [main] [INFO ] o.a.k.c.consumer.ConsumerConfig.logAll:376 - ConsumerConfig values: 
	allow.auto.create.topics = true
	auto.commit.interval.ms = 5000
	auto.offset.reset = latest
	bootstrap.servers = [192.168.52.100:9092]
	check.crcs = true
	client.dns.lookup = use_all_dns_ips
	client.id = consumer-wallet-post-1
	client.rack = 
	connections.max.idle.ms = 540000
	default.api.timeout.ms = 60000
	enable.auto.commit = false
	exclude.internal.topics = true
	fetch.max.bytes = 52428800
	fetch.max.wait.ms = 500
	fetch.min.bytes = 1
	group.id = wallet-post
	group.instance.id = null
	heartbeat.interval.ms = 3000
	interceptor.classes = []
	internal.leave.group.on.close = true
	internal.throw.on.fetch.stable.offset.unsupported = false
	isolation.level = read_uncommitted
	key.deserializer = class org.apache.kafka.common.serialization.StringDeserializer
	max.partition.fetch.bytes = 1048576
	max.poll.interval.ms = 300000
	max.poll.records = 500
	metadata.max.age.ms = 300000
	metric.reporters = []
	metrics.num.samples = 2
	metrics.recording.level = INFO
	metrics.sample.window.ms = 30000
	partition.assignment.strategy = [class org.apache.kafka.clients.consumer.RangeAssignor, class org.apache.kafka.clients.consumer.CooperativeStickyAssignor]
	receive.buffer.bytes = 65536
	reconnect.backoff.max.ms = 1000
	reconnect.backoff.ms = 50
	request.timeout.ms = 30000
	retry.backoff.ms = 100
	sasl.client.callback.handler.class = null
	sasl.jaas.config = null
	sasl.kerberos.kinit.cmd = /usr/bin/kinit
	sasl.kerberos.min.time.before.relogin = 60000
	sasl.kerberos.service.name = null
	sasl.kerberos.ticket.renew.jitter = 0.05
	sasl.kerberos.ticket.renew.window.factor = 0.8
	sasl.login.callback.handler.class = null
	sasl.login.class = null
	sasl.login.connect.timeout.ms = null
	sasl.login.read.timeout.ms = null
	sasl.login.refresh.buffer.seconds = 300
	sasl.login.refresh.min.period.seconds = 60
	sasl.login.refresh.window.factor = 0.8
	sasl.login.refresh.window.jitter = 0.05
	sasl.login.retry.backoff.max.ms = 10000
	sasl.login.retry.backoff.ms = 100
	sasl.mechanism = GSSAPI
	sasl.oauthbearer.clock.skew.seconds = 30
	sasl.oauthbearer.expected.audience = null
	sasl.oauthbearer.expected.issuer = null
	sasl.oauthbearer.jwks.endpoint.refresh.ms = 3600000
	sasl.oauthbearer.jwks.endpoint.retry.backoff.max.ms = 10000
	sasl.oauthbearer.jwks.endpoint.retry.backoff.ms = 100
	sasl.oauthbearer.jwks.endpoint.url = null
	sasl.oauthbearer.scope.claim.name = scope
	sasl.oauthbearer.sub.claim.name = sub
	sasl.oauthbearer.token.endpoint.url = null
	security.protocol = PLAINTEXT
	security.providers = null
	send.buffer.bytes = 131072
	session.timeout.ms = 45000
	socket.connection.setup.timeout.max.ms = 30000
	socket.connection.setup.timeout.ms = 10000
	ssl.cipher.suites = null
	ssl.enabled.protocols = [TLSv1.2, TLSv1.3]
	ssl.endpoint.identification.algorithm = https
	ssl.engine.factory.class = null
	ssl.key.password = null
	ssl.keymanager.algorithm = SunX509
	ssl.keystore.certificate.chain = null
	ssl.keystore.key = null
	ssl.keystore.location = null
	ssl.keystore.password = null
	ssl.keystore.type = JKS
	ssl.protocol = TLSv1.3
	ssl.provider = null
	ssl.secure.random.implementation = null
	ssl.trustmanager.algorithm = PKIX
	ssl.truststore.certificates = null
	ssl.truststore.location = null
	ssl.truststore.password = null
	ssl.truststore.type = JKS
	value.deserializer = class org.apache.kafka.common.serialization.ByteArrayDeserializer

21:09:29.909 [main] [INFO ] o.a.kafka.common.utils.AppInfoParser.<init>:119 - Kafka version: 3.1.2
21:09:29.909 [main] [INFO ] o.a.kafka.common.utils.AppInfoParser.<init>:120 - Kafka commitId: f8c67dc3ae0a3265
21:09:29.910 [main] [INFO ] o.a.kafka.common.utils.AppInfoParser.<init>:121 - Kafka startTimeMs: 1772629769907
21:09:29.941 [main] [INFO ] o.a.k.clients.consumer.KafkaConsumer.subscribe:966 - [Consumer clientId=consumer-wallet-post-1, groupId=wallet-post] Subscribed to topic(s): wallet.ledger.command.posting
21:09:29.951 [main] [INFO ] o.a.k.c.consumer.ConsumerConfig.logAll:376 - ConsumerConfig values: 
	allow.auto.create.topics = true
	auto.commit.interval.ms = 5000
	auto.offset.reset = latest
	bootstrap.servers = [192.168.52.100:9092]
	check.crcs = true
	client.dns.lookup = use_all_dns_ips
	client.id = consumer-wallet-post-2
	client.rack = 
	connections.max.idle.ms = 540000
	default.api.timeout.ms = 60000
	enable.auto.commit = false
	exclude.internal.topics = true
	fetch.max.bytes = 52428800
	fetch.max.wait.ms = 500
	fetch.min.bytes = 1
	group.id = wallet-post
	group.instance.id = null
	heartbeat.interval.ms = 3000
	interceptor.classes = []
	internal.leave.group.on.close = true
	internal.throw.on.fetch.stable.offset.unsupported = false
	isolation.level = read_uncommitted
	key.deserializer = class org.apache.kafka.common.serialization.StringDeserializer
	max.partition.fetch.bytes = 1048576
	max.poll.interval.ms = 300000
	max.poll.records = 500
	metadata.max.age.ms = 300000
	metric.reporters = []
	metrics.num.samples = 2
	metrics.recording.level = INFO
	metrics.sample.window.ms = 30000
	partition.assignment.strategy = [class org.apache.kafka.clients.consumer.RangeAssignor, class org.apache.kafka.clients.consumer.CooperativeStickyAssignor]
	receive.buffer.bytes = 65536
	reconnect.backoff.max.ms = 1000
	reconnect.backoff.ms = 50
	request.timeout.ms = 30000
	retry.backoff.ms = 100
	sasl.client.callback.handler.class = null
	sasl.jaas.config = null
	sasl.kerberos.kinit.cmd = /usr/bin/kinit
	sasl.kerberos.min.time.before.relogin = 60000
	sasl.kerberos.service.name = null
	sasl.kerberos.ticket.renew.jitter = 0.05
	sasl.kerberos.ticket.renew.window.factor = 0.8
	sasl.login.callback.handler.class = null
	sasl.login.class = null
	sasl.login.connect.timeout.ms = null
	sasl.login.read.timeout.ms = null
	sasl.login.refresh.buffer.seconds = 300
	sasl.login.refresh.min.period.seconds = 60
	sasl.login.refresh.window.factor = 0.8
	sasl.login.refresh.window.jitter = 0.05
	sasl.login.retry.backoff.max.ms = 10000
	sasl.login.retry.backoff.ms = 100
	sasl.mechanism = GSSAPI
	sasl.oauthbearer.clock.skew.seconds = 30
	sasl.oauthbearer.expected.audience = null
	sasl.oauthbearer.expected.issuer = null
	sasl.oauthbearer.jwks.endpoint.refresh.ms = 3600000
	sasl.oauthbearer.jwks.endpoint.retry.backoff.max.ms = 10000
	sasl.oauthbearer.jwks.endpoint.retry.backoff.ms = 100
	sasl.oauthbearer.jwks.endpoint.url = null
	sasl.oauthbearer.scope.claim.name = scope
	sasl.oauthbearer.sub.claim.name = sub
	sasl.oauthbearer.token.endpoint.url = null
	security.protocol = PLAINTEXT
	security.providers = null
	send.buffer.bytes = 131072
	session.timeout.ms = 45000
	socket.connection.setup.timeout.max.ms = 30000
	socket.connection.setup.timeout.ms = 10000
	ssl.cipher.suites = null
	ssl.enabled.protocols = [TLSv1.2, TLSv1.3]
	ssl.endpoint.identification.algorithm = https
	ssl.engine.factory.class = null
	ssl.key.password = null
	ssl.keymanager.algorithm = SunX509
	ssl.keystore.certificate.chain = null
	ssl.keystore.key = null
	ssl.keystore.location = null
	ssl.keystore.password = null
	ssl.keystore.type = JKS
	ssl.protocol = TLSv1.3
	ssl.provider = null
	ssl.secure.random.implementation = null
	ssl.trustmanager.algorithm = PKIX
	ssl.truststore.certificates = null
	ssl.truststore.location = null
	ssl.truststore.password = null
	ssl.truststore.type = JKS
	value.deserializer = class org.apache.kafka.common.serialization.ByteArrayDeserializer

21:09:29.963 [main] [INFO ] o.a.kafka.common.utils.AppInfoParser.<init>:119 - Kafka version: 3.1.2
21:09:29.963 [main] [INFO ] o.a.kafka.common.utils.AppInfoParser.<init>:120 - Kafka commitId: f8c67dc3ae0a3265
21:09:29.964 [main] [INFO ] o.a.kafka.common.utils.AppInfoParser.<init>:121 - Kafka startTimeMs: 1772629769963
21:09:29.969 [main] [INFO ] o.a.k.clients.consumer.KafkaConsumer.subscribe:966 - [Consumer clientId=consumer-wallet-post-2, groupId=wallet-post] Subscribed to topic(s): wallet.ledger.command.posting
21:09:29.974 [main] [INFO ] o.a.k.c.consumer.ConsumerConfig.logAll:376 - ConsumerConfig values: 
	allow.auto.create.topics = true
	auto.commit.interval.ms = 5000
	auto.offset.reset = latest
	bootstrap.servers = [192.168.52.100:9092]
	check.crcs = true
	client.dns.lookup = use_all_dns_ips
	client.id = consumer-wallet-post-3
	client.rack = 
	connections.max.idle.ms = 540000
	default.api.timeout.ms = 60000
	enable.auto.commit = false
	exclude.internal.topics = true
	fetch.max.bytes = 52428800
	fetch.max.wait.ms = 500
	fetch.min.bytes = 1
	group.id = wallet-post
	group.instance.id = null
	heartbeat.interval.ms = 3000
	interceptor.classes = []
	internal.leave.group.on.close = true
	internal.throw.on.fetch.stable.offset.unsupported = false
	isolation.level = read_uncommitted
	key.deserializer = class org.apache.kafka.common.serialization.StringDeserializer
	max.partition.fetch.bytes = 1048576
	max.poll.interval.ms = 300000
	max.poll.records = 500
	metadata.max.age.ms = 300000
	metric.reporters = []
	metrics.num.samples = 2
	metrics.recording.level = INFO
	metrics.sample.window.ms = 30000
	partition.assignment.strategy = [class org.apache.kafka.clients.consumer.RangeAssignor, class org.apache.kafka.clients.consumer.CooperativeStickyAssignor]
	receive.buffer.bytes = 65536
	reconnect.backoff.max.ms = 1000
	reconnect.backoff.ms = 50
	request.timeout.ms = 30000
	retry.backoff.ms = 100
	sasl.client.callback.handler.class = null
	sasl.jaas.config = null
	sasl.kerberos.kinit.cmd = /usr/bin/kinit
	sasl.kerberos.min.time.before.relogin = 60000
	sasl.kerberos.service.name = null
	sasl.kerberos.ticket.renew.jitter = 0.05
	sasl.kerberos.ticket.renew.window.factor = 0.8
	sasl.login.callback.handler.class = null
	sasl.login.class = null
	sasl.login.connect.timeout.ms = null
	sasl.login.read.timeout.ms = null
	sasl.login.refresh.buffer.seconds = 300
	sasl.login.refresh.min.period.seconds = 60
	sasl.login.refresh.window.factor = 0.8
	sasl.login.refresh.window.jitter = 0.05
	sasl.login.retry.backoff.max.ms = 10000
	sasl.login.retry.backoff.ms = 100
	sasl.mechanism = GSSAPI
	sasl.oauthbearer.clock.skew.seconds = 30
	sasl.oauthbearer.expected.audience = null
	sasl.oauthbearer.expected.issuer = null
	sasl.oauthbearer.jwks.endpoint.refresh.ms = 3600000
	sasl.oauthbearer.jwks.endpoint.retry.backoff.max.ms = 10000
	sasl.oauthbearer.jwks.endpoint.retry.backoff.ms = 100
	sasl.oauthbearer.jwks.endpoint.url = null
	sasl.oauthbearer.scope.claim.name = scope
	sasl.oauthbearer.sub.claim.name = sub
	sasl.oauthbearer.token.endpoint.url = null
	security.protocol = PLAINTEXT
	security.providers = null
	send.buffer.bytes = 131072
	session.timeout.ms = 45000
	socket.connection.setup.timeout.max.ms = 30000
	socket.connection.setup.timeout.ms = 10000
	ssl.cipher.suites = null
	ssl.enabled.protocols = [TLSv1.2, TLSv1.3]
	ssl.endpoint.identification.algorithm = https
	ssl.engine.factory.class = null
	ssl.key.password = null
	ssl.keymanager.algorithm = SunX509
	ssl.keystore.certificate.chain = null
	ssl.keystore.key = null
	ssl.keystore.location = null
	ssl.keystore.password = null
	ssl.keystore.type = JKS
	ssl.protocol = TLSv1.3
	ssl.provider = null
	ssl.secure.random.implementation = null
	ssl.trustmanager.algorithm = PKIX
	ssl.truststore.certificates = null
	ssl.truststore.location = null
	ssl.truststore.password = null
	ssl.truststore.type = JKS
	value.deserializer = class org.apache.kafka.common.serialization.ByteArrayDeserializer

21:09:29.979 [main] [INFO ] o.a.kafka.common.utils.AppInfoParser.<init>:119 - Kafka version: 3.1.2
21:09:29.979 [main] [INFO ] o.a.kafka.common.utils.AppInfoParser.<init>:120 - Kafka commitId: f8c67dc3ae0a3265
21:09:29.980 [main] [INFO ] o.a.kafka.common.utils.AppInfoParser.<init>:121 - Kafka startTimeMs: 1772629769979
21:09:29.983 [main] [INFO ] o.a.k.clients.consumer.KafkaConsumer.subscribe:966 - [Consumer clientId=consumer-wallet-post-3, groupId=wallet-post] Subscribed to topic(s): wallet.ledger.command.posting
21:09:30.081 [main] [INFO ] n.d.b.g.s.s.AbstractGrpcServerFactory.configureServices:108 - Registered gRPC service: ledger.AccountService, bean: accountServiceImpl, class: com.exchange.app.ledger.service.AccountServiceImpl
21:09:30.082 [main] [INFO ] n.d.b.g.s.s.AbstractGrpcServerFactory.configureServices:108 - Registered gRPC service: ledger.PostService, bean: postServiceImpl, class: com.exchange.app.ledger.service.PostServiceImpl
21:09:30.082 [main] [INFO ] n.d.b.g.s.s.AbstractGrpcServerFactory.configureServices:108 - Registered gRPC service: grpc.health.v1.Health, bean: grpcHealthService, class: io.grpc.protobuf.services.HealthServiceImpl
21:09:30.082 [main] [INFO ] n.d.b.g.s.s.AbstractGrpcServerFactory.configureServices:108 - Registered gRPC service: grpc.reflection.v1alpha.ServerReflection, bean: protoReflectionService, class: io.grpc.protobuf.services.ProtoReflectionService
21:09:30.273 [org.springframework.kafka.KafkaListenerEndpointContainer#0-0-C-1] [INFO ] org.apache.kafka.clients.Metadata.updateLatestMetadata:402 - [Consumer clientId=consumer-wallet-post-1, groupId=wallet-post] Resetting the last seen epoch of partition wallet.ledger.command.posting-0 to 0 since the associated topicId changed from null to 6CMdvSfjT4i9qNvLK0rz0g
21:09:30.273 [org.springframework.kafka.KafkaListenerEndpointContainer#0-1-C-1] [INFO ] org.apache.kafka.clients.Metadata.updateLatestMetadata:402 - [Consumer clientId=consumer-wallet-post-2, groupId=wallet-post] Resetting the last seen epoch of partition wallet.ledger.command.posting-0 to 0 since the associated topicId changed from null to 6CMdvSfjT4i9qNvLK0rz0g
21:09:30.273 [org.springframework.kafka.KafkaListenerEndpointContainer#0-2-C-1] [INFO ] org.apache.kafka.clients.Metadata.updateLatestMetadata:402 - [Consumer clientId=consumer-wallet-post-3, groupId=wallet-post] Resetting the last seen epoch of partition wallet.ledger.command.posting-0 to 0 since the associated topicId changed from null to 6CMdvSfjT4i9qNvLK0rz0g
21:09:30.275 [org.springframework.kafka.KafkaListenerEndpointContainer#0-1-C-1] [INFO ] org.apache.kafka.clients.Metadata.update:287 - [Consumer clientId=consumer-wallet-post-2, groupId=wallet-post] Cluster ID: xhieLtErTGiHtNba1-gbcg
21:09:30.275 [org.springframework.kafka.KafkaListenerEndpointContainer#0-2-C-1] [INFO ] org.apache.kafka.clients.Metadata.update:287 - [Consumer clientId=consumer-wallet-post-3, groupId=wallet-post] Cluster ID: xhieLtErTGiHtNba1-gbcg
21:09:30.275 [org.springframework.kafka.KafkaListenerEndpointContainer#0-0-C-1] [INFO ] org.apache.kafka.clients.Metadata.update:287 - [Consumer clientId=consumer-wallet-post-1, groupId=wallet-post] Cluster ID: xhieLtErTGiHtNba1-gbcg
21:09:30.276 [org.springframework.kafka.KafkaListenerEndpointContainer#0-2-C-1] [INFO ] o.a.k.c.c.i.ConsumerCoordinator.onSuccess:853 - [Consumer clientId=consumer-wallet-post-3, groupId=wallet-post] Discovered group coordinator 192.168.52.100:9092 (id: 2147483647 rack: null)
21:09:30.276 [org.springframework.kafka.KafkaListenerEndpointContainer#0-1-C-1] [INFO ] o.a.k.c.c.i.ConsumerCoordinator.onSuccess:853 - [Consumer clientId=consumer-wallet-post-2, groupId=wallet-post] Discovered group coordinator 192.168.52.100:9092 (id: 2147483647 rack: null)
21:09:30.276 [org.springframework.kafka.KafkaListenerEndpointContainer#0-0-C-1] [INFO ] o.a.k.c.c.i.ConsumerCoordinator.onSuccess:853 - [Consumer clientId=consumer-wallet-post-1, groupId=wallet-post] Discovered group coordinator 192.168.52.100:9092 (id: 2147483647 rack: null)
21:09:30.280 [org.springframework.kafka.KafkaListenerEndpointContainer#0-2-C-1] [INFO ] o.a.k.c.c.i.ConsumerCoordinator.sendJoinGroupRequest:535 - [Consumer clientId=consumer-wallet-post-3, groupId=wallet-post] (Re-)joining group
21:09:30.280 [org.springframework.kafka.KafkaListenerEndpointContainer#0-1-C-1] [INFO ] o.a.k.c.c.i.ConsumerCoordinator.sendJoinGroupRequest:535 - [Consumer clientId=consumer-wallet-post-2, groupId=wallet-post] (Re-)joining group
21:09:30.280 [org.springframework.kafka.KafkaListenerEndpointContainer#0-0-C-1] [INFO ] o.a.k.c.c.i.ConsumerCoordinator.sendJoinGroupRequest:535 - [Consumer clientId=consumer-wallet-post-1, groupId=wallet-post] (Re-)joining group
21:09:30.293 [org.springframework.kafka.KafkaListenerEndpointContainer#0-1-C-1] [INFO ] o.a.k.c.c.i.ConsumerCoordinator.requestRejoin:1000 - [Consumer clientId=consumer-wallet-post-2, groupId=wallet-post] Request joining group due to: need to re-join with the given member-id
21:09:30.293 [org.springframework.kafka.KafkaListenerEndpointContainer#0-1-C-1] [INFO ] o.a.k.c.c.i.ConsumerCoordinator.sendJoinGroupRequest:535 - [Consumer clientId=consumer-wallet-post-2, groupId=wallet-post] (Re-)joining group
21:09:30.294 [org.springframework.kafka.KafkaListenerEndpointContainer#0-2-C-1] [INFO ] o.a.k.c.c.i.ConsumerCoordinator.requestRejoin:1000 - [Consumer clientId=consumer-wallet-post-3, groupId=wallet-post] Request joining group due to: need to re-join with the given member-id
21:09:30.296 [org.springframework.kafka.KafkaListenerEndpointContainer#0-2-C-1] [INFO ] o.a.k.c.c.i.ConsumerCoordinator.sendJoinGroupRequest:535 - [Consumer clientId=consumer-wallet-post-3, groupId=wallet-post] (Re-)joining group
21:09:30.297 [org.springframework.kafka.KafkaListenerEndpointContainer#0-0-C-1] [INFO ] o.a.k.c.c.i.ConsumerCoordinator.requestRejoin:1000 - [Consumer clientId=consumer-wallet-post-1, groupId=wallet-post] Request joining group due to: need to re-join with the given member-id
21:09:30.297 [org.springframework.kafka.KafkaListenerEndpointContainer#0-0-C-1] [INFO ] o.a.k.c.c.i.ConsumerCoordinator.sendJoinGroupRequest:535 - [Consumer clientId=consumer-wallet-post-1, groupId=wallet-post] (Re-)joining group
21:09:30.301 [org.springframework.kafka.KafkaListenerEndpointContainer#0-1-C-1] [INFO ] o.a.k.c.c.i.ConsumerCoordinator.handle:595 - [Consumer clientId=consumer-wallet-post-2, groupId=wallet-post] Successfully joined group with generation Generation{generationId=40, memberId='consumer-wallet-post-2-7e863a09-7ec5-42a6-9bc9-0150637da105', protocol='range'}
21:09:30.301 [org.springframework.kafka.KafkaListenerEndpointContainer#0-2-C-1] [INFO ] o.a.k.c.c.i.ConsumerCoordinator.handle:595 - [Consumer clientId=consumer-wallet-post-3, groupId=wallet-post] Successfully joined group with generation Generation{generationId=40, memberId='consumer-wallet-post-3-d6786008-ddfc-4ecb-8b28-653da5f9ea46', protocol='range'}
21:09:30.304 [org.springframework.kafka.KafkaListenerEndpointContainer#0-1-C-1] [INFO ] o.a.k.c.c.i.ConsumerCoordinator.performAssignment:659 - [Consumer clientId=consumer-wallet-post-2, groupId=wallet-post] Finished assignment for group at generation 40: {consumer-wallet-post-3-d6786008-ddfc-4ecb-8b28-653da5f9ea46=Assignment(partitions=[]), consumer-wallet-post-2-7e863a09-7ec5-42a6-9bc9-0150637da105=Assignment(partitions=[wallet.ledger.command.posting-0])}
21:09:30.305 [org.springframework.kafka.KafkaListenerEndpointContainer#0-2-C-1] [INFO ] o.a.k.c.c.i.ConsumerCoordinator.handle:784 - [Consumer clientId=consumer-wallet-post-3, groupId=wallet-post] SyncGroup failed: The group began another rebalance. Need to re-join the group. Sent generation was Generation{generationId=40, memberId='consumer-wallet-post-3-d6786008-ddfc-4ecb-8b28-653da5f9ea46', protocol='range'}
21:09:30.306 [org.springframework.kafka.KafkaListenerEndpointContainer#0-2-C-1] [INFO ] o.a.k.c.c.i.ConsumerCoordinator.sendJoinGroupRequest:535 - [Consumer clientId=consumer-wallet-post-3, groupId=wallet-post] (Re-)joining group
21:09:30.308 [org.springframework.kafka.KafkaListenerEndpointContainer#0-1-C-1] [INFO ] o.a.k.c.c.i.ConsumerCoordinator.handle:784 - [Consumer clientId=consumer-wallet-post-2, groupId=wallet-post] SyncGroup failed: The group began another rebalance. Need to re-join the group. Sent generation was Generation{generationId=40, memberId='consumer-wallet-post-2-7e863a09-7ec5-42a6-9bc9-0150637da105', protocol='range'}
21:09:30.308 [org.springframework.kafka.KafkaListenerEndpointContainer#0-1-C-1] [INFO ] o.a.k.c.c.i.ConsumerCoordinator.sendJoinGroupRequest:535 - [Consumer clientId=consumer-wallet-post-2, groupId=wallet-post] (Re-)joining group
21:09:30.311 [org.springframework.kafka.KafkaListenerEndpointContainer#0-2-C-1] [INFO ] o.a.k.c.c.i.ConsumerCoordinator.handle:595 - [Consumer clientId=consumer-wallet-post-3, groupId=wallet-post] Successfully joined group with generation Generation{generationId=41, memberId='consumer-wallet-post-3-d6786008-ddfc-4ecb-8b28-653da5f9ea46', protocol='range'}
21:09:30.311 [org.springframework.kafka.KafkaListenerEndpointContainer#0-1-C-1] [INFO ] o.a.k.c.c.i.ConsumerCoordinator.handle:595 - [Consumer clientId=consumer-wallet-post-2, groupId=wallet-post] Successfully joined group with generation Generation{generationId=41, memberId='consumer-wallet-post-2-7e863a09-7ec5-42a6-9bc9-0150637da105', protocol='range'}
21:09:30.311 [org.springframework.kafka.KafkaListenerEndpointContainer#0-1-C-1] [INFO ] o.a.k.c.c.i.ConsumerCoordinator.performAssignment:659 - [Consumer clientId=consumer-wallet-post-2, groupId=wallet-post] Finished assignment for group at generation 41: {consumer-wallet-post-1-81baf59d-e4fe-47ca-9e5e-d9111525be98=Assignment(partitions=[wallet.ledger.command.posting-0]), consumer-wallet-post-3-d6786008-ddfc-4ecb-8b28-653da5f9ea46=Assignment(partitions=[]), consumer-wallet-post-2-7e863a09-7ec5-42a6-9bc9-0150637da105=Assignment(partitions=[])}
21:09:30.311 [org.springframework.kafka.KafkaListenerEndpointContainer#0-0-C-1] [INFO ] o.a.k.c.c.i.ConsumerCoordinator.handle:595 - [Consumer clientId=consumer-wallet-post-1, groupId=wallet-post] Successfully joined group with generation Generation{generationId=41, memberId='consumer-wallet-post-1-81baf59d-e4fe-47ca-9e5e-d9111525be98', protocol='range'}
21:09:30.316 [org.springframework.kafka.KafkaListenerEndpointContainer#0-2-C-1] [INFO ] o.a.k.c.c.i.ConsumerCoordinator.handle:761 - [Consumer clientId=consumer-wallet-post-3, groupId=wallet-post] Successfully synced group in generation Generation{generationId=41, memberId='consumer-wallet-post-3-d6786008-ddfc-4ecb-8b28-653da5f9ea46', protocol='range'}
21:09:30.316 [org.springframework.kafka.KafkaListenerEndpointContainer#0-1-C-1] [INFO ] o.a.k.c.c.i.ConsumerCoordinator.handle:761 - [Consumer clientId=consumer-wallet-post-2, groupId=wallet-post] Successfully synced group in generation Generation{generationId=41, memberId='consumer-wallet-post-2-7e863a09-7ec5-42a6-9bc9-0150637da105', protocol='range'}
21:09:30.317 [org.springframework.kafka.KafkaListenerEndpointContainer#0-0-C-1] [INFO ] o.a.k.c.c.i.ConsumerCoordinator.handle:761 - [Consumer clientId=consumer-wallet-post-1, groupId=wallet-post] Successfully synced group in generation Generation{generationId=41, memberId='consumer-wallet-post-1-81baf59d-e4fe-47ca-9e5e-d9111525be98', protocol='range'}
21:09:30.317 [org.springframework.kafka.KafkaListenerEndpointContainer#0-2-C-1] [INFO ] o.a.k.c.c.i.ConsumerCoordinator.invokeOnAssignment:280 - [Consumer clientId=consumer-wallet-post-3, groupId=wallet-post] Notifying assignor about the new Assignment(partitions=[])
21:09:30.317 [org.springframework.kafka.KafkaListenerEndpointContainer#0-1-C-1] [INFO ] o.a.k.c.c.i.ConsumerCoordinator.invokeOnAssignment:280 - [Consumer clientId=consumer-wallet-post-2, groupId=wallet-post] Notifying assignor about the new Assignment(partitions=[])
21:09:30.317 [org.springframework.kafka.KafkaListenerEndpointContainer#0-0-C-1] [INFO ] o.a.k.c.c.i.ConsumerCoordinator.invokeOnAssignment:280 - [Consumer clientId=consumer-wallet-post-1, groupId=wallet-post] Notifying assignor about the new Assignment(partitions=[wallet.ledger.command.posting-0])
21:09:30.317 [org.springframework.kafka.KafkaListenerEndpointContainer#0-1-C-1] [INFO ] o.a.k.c.c.i.ConsumerCoordinator.invokePartitionsAssigned:292 - [Consumer clientId=consumer-wallet-post-2, groupId=wallet-post] Adding newly assigned partitions: 
21:09:30.317 [org.springframework.kafka.KafkaListenerEndpointContainer#0-2-C-1] [INFO ] o.a.k.c.c.i.ConsumerCoordinator.invokePartitionsAssigned:292 - [Consumer clientId=consumer-wallet-post-3, groupId=wallet-post] Adding newly assigned partitions: 
21:09:30.318 [org.springframework.kafka.KafkaListenerEndpointContainer#0-2-C-1] [INFO ] o.s.k.l.KafkaMessageListenerContainer.info:292 - wallet-post: partitions assigned: []
21:09:30.318 [org.springframework.kafka.KafkaListenerEndpointContainer#0-1-C-1] [INFO ] o.s.k.l.KafkaMessageListenerContainer.info:292 - wallet-post: partitions assigned: []
21:09:30.320 [org.springframework.kafka.KafkaListenerEndpointContainer#0-0-C-1] [INFO ] o.a.k.c.c.i.ConsumerCoordinator.invokePartitionsAssigned:292 - [Consumer clientId=consumer-wallet-post-1, groupId=wallet-post] Adding newly assigned partitions: wallet.ledger.command.posting-0
21:09:30.327 [org.springframework.kafka.KafkaListenerEndpointContainer#0-0-C-1] [INFO ] o.a.k.c.c.i.ConsumerCoordinator.refreshCommittedOffsetsIfNeeded:851 - [Consumer clientId=consumer-wallet-post-1, groupId=wallet-post] Setting offset for partition wallet.ledger.command.posting-0 to the committed offset FetchPosition{offset=64, offsetEpoch=Optional.empty, currentLeader=LeaderAndEpoch{leader=Optional[192.168.52.100:9092 (id: 0 rack: null)], epoch=0}}
21:09:30.328 [org.springframework.kafka.KafkaListenerEndpointContainer#0-0-C-1] [INFO ] o.s.k.l.KafkaMessageListenerContainer.info:292 - wallet-post: partitions assigned: [wallet.ledger.command.posting-0]
21:09:30.476 [main] [INFO ] n.d.b.g.s.s.GrpcServerLifecycle.createAndStartGrpcServer:116 - gRPC Server started, listening on address: *, port: 9091
21:09:30.488 [main] [INFO ] c.e.a.l.p.PostLedgerProcessorTest.logStarted:61 - Started PostLedgerProcessorTest in 5.326 seconds (JVM running for 6.197)
21:09:30.899 [main] [INFO ] com.zaxxer.hikari.HikariDataSource.getConnection:110 - HikariPool-1 - Starting...
21:09:31.010 [main] [INFO ] com.zaxxer.hikari.HikariDataSource.getConnection:123 - HikariPool-1 - Start completed.
21:09:31.036 [main] [ERROR] c.e.a.l.p.post.PostLedgerProcessor.postTransaction:72 - account not found, notFoundRefs=[]
21:09:31.039 [main] [INFO ] c.e.a.l.p.PostLedgerProcessorTest.testPostTxnSuccess:52 - reply: error {
  code: ERROR_NOT_FOUND
  message: "account_not_found"
  detail: "account_not_found, refs: []"
}

21:09:31.136 [SpringApplicationShutdownHook] [INFO ] n.d.b.g.s.s.GrpcServerLifecycle.stopAndReleaseGrpcServer:160 - Completed gRPC server shutdown
21:09:31.138 [org.springframework.kafka.KafkaListenerEndpointContainer#0-1-C-1] [INFO ] o.a.k.c.c.i.ConsumerCoordinator.maybeLeaveGroup:1060 - [Consumer clientId=consumer-wallet-post-2, groupId=wallet-post] Member consumer-wallet-post-2-7e863a09-7ec5-42a6-9bc9-0150637da105 sending LeaveGroup request to coordinator 192.168.52.100:9092 (id: 2147483647 rack: null) due to the consumer unsubscribed from all topics
21:09:31.138 [org.springframework.kafka.KafkaListenerEndpointContainer#0-2-C-1] [INFO ] o.a.k.c.c.i.ConsumerCoordinator.maybeLeaveGroup:1060 - [Consumer clientId=consumer-wallet-post-3, groupId=wallet-post] Member consumer-wallet-post-3-d6786008-ddfc-4ecb-8b28-653da5f9ea46 sending LeaveGroup request to coordinator 192.168.52.100:9092 (id: 2147483647 rack: null) due to the consumer unsubscribed from all topics
21:09:31.138 [org.springframework.kafka.KafkaListenerEndpointContainer#0-0-C-1] [INFO ] o.a.k.c.c.i.ConsumerCoordinator.invokePartitionsRevoked:311 - [Consumer clientId=consumer-wallet-post-1, groupId=wallet-post] Revoke previously assigned partitions wallet.ledger.command.posting-0
21:09:31.138 [org.springframework.kafka.KafkaListenerEndpointContainer#0-0-C-1] [INFO ] o.s.k.l.KafkaMessageListenerContainer.info:292 - wallet-post: partitions revoked: [wallet.ledger.command.posting-0]
21:09:31.139 [org.springframework.kafka.KafkaListenerEndpointContainer#0-2-C-1] [INFO ] o.a.k.c.c.i.ConsumerCoordinator.resetStateAndGeneration:972 - [Consumer clientId=consumer-wallet-post-3, groupId=wallet-post] Resetting generation due to: consumer pro-actively leaving the group
21:09:31.139 [org.springframework.kafka.KafkaListenerEndpointContainer#0-1-C-1] [INFO ] o.a.k.c.c.i.ConsumerCoordinator.resetStateAndGeneration:972 - [Consumer clientId=consumer-wallet-post-2, groupId=wallet-post] Resetting generation due to: consumer pro-actively leaving the group
21:09:31.139 [org.springframework.kafka.KafkaListenerEndpointContainer#0-0-C-1] [INFO ] o.a.k.c.c.i.ConsumerCoordinator.maybeLeaveGroup:1060 - [Consumer clientId=consumer-wallet-post-1, groupId=wallet-post] Member consumer-wallet-post-1-81baf59d-e4fe-47ca-9e5e-d9111525be98 sending LeaveGroup request to coordinator 192.168.52.100:9092 (id: 2147483647 rack: null) due to the consumer unsubscribed from all topics
21:09:31.139 [org.springframework.kafka.KafkaListenerEndpointContainer#0-2-C-1] [INFO ] o.a.k.c.c.i.ConsumerCoordinator.requestRejoin:1000 - [Consumer clientId=consumer-wallet-post-3, groupId=wallet-post] Request joining group due to: consumer pro-actively leaving the group
21:09:31.139 [org.springframework.kafka.KafkaListenerEndpointContainer#0-1-C-1] [INFO ] o.a.k.c.c.i.ConsumerCoordinator.requestRejoin:1000 - [Consumer clientId=consumer-wallet-post-2, groupId=wallet-post] Request joining group due to: consumer pro-actively leaving the group
21:09:31.139 [org.springframework.kafka.KafkaListenerEndpointContainer#0-1-C-1] [INFO ] o.a.k.clients.consumer.KafkaConsumer.unsubscribe:1075 - [Consumer clientId=consumer-wallet-post-2, groupId=wallet-post] Unsubscribed all topics or patterns and assigned partitions
21:09:31.139 [org.springframework.kafka.KafkaListenerEndpointContainer#0-2-C-1] [INFO ] o.a.k.clients.consumer.KafkaConsumer.unsubscribe:1075 - [Consumer clientId=consumer-wallet-post-3, groupId=wallet-post] Unsubscribed all topics or patterns and assigned partitions
21:09:31.139 [org.springframework.kafka.KafkaListenerEndpointContainer#0-0-C-1] [INFO ] o.a.k.c.c.i.ConsumerCoordinator.resetStateAndGeneration:972 - [Consumer clientId=consumer-wallet-post-1, groupId=wallet-post] Resetting generation due to: consumer pro-actively leaving the group
21:09:31.139 [org.springframework.kafka.KafkaListenerEndpointContainer#0-0-C-1] [INFO ] o.a.k.c.c.i.ConsumerCoordinator.requestRejoin:1000 - [Consumer clientId=consumer-wallet-post-1, groupId=wallet-post] Request joining group due to: consumer pro-actively leaving the group
21:09:31.139 [org.springframework.kafka.KafkaListenerEndpointContainer#0-0-C-1] [INFO ] o.a.k.clients.consumer.KafkaConsumer.unsubscribe:1075 - [Consumer clientId=consumer-wallet-post-1, groupId=wallet-post] Unsubscribed all topics or patterns and assigned partitions
21:09:31.141 [org.springframework.kafka.KafkaListenerEndpointContainer#0-1-C-1] [INFO ] o.a.k.c.c.i.ConsumerCoordinator.resetStateAndGeneration:972 - [Consumer clientId=consumer-wallet-post-2, groupId=wallet-post] Resetting generation due to: consumer pro-actively leaving the group
21:09:31.141 [org.springframework.kafka.KafkaListenerEndpointContainer#0-2-C-1] [INFO ] o.a.k.c.c.i.ConsumerCoordinator.resetStateAndGeneration:972 - [Consumer clientId=consumer-wallet-post-3, groupId=wallet-post] Resetting generation due to: consumer pro-actively leaving the group
21:09:31.141 [org.springframework.kafka.KafkaListenerEndpointContainer#0-0-C-1] [INFO ] o.a.k.c.c.i.ConsumerCoordinator.resetStateAndGeneration:972 - [Consumer clientId=consumer-wallet-post-1, groupId=wallet-post] Resetting generation due to: consumer pro-actively leaving the group
21:09:31.141 [org.springframework.kafka.KafkaListenerEndpointContainer#0-1-C-1] [INFO ] o.a.k.c.c.i.ConsumerCoordinator.requestRejoin:1000 - [Consumer clientId=consumer-wallet-post-2, groupId=wallet-post] Request joining group due to: consumer pro-actively leaving the group
21:09:31.142 [org.springframework.kafka.KafkaListenerEndpointContainer#0-2-C-1] [INFO ] o.a.k.c.c.i.ConsumerCoordinator.requestRejoin:1000 - [Consumer clientId=consumer-wallet-post-3, groupId=wallet-post] Request joining group due to: consumer pro-actively leaving the group
21:09:31.142 [org.springframework.kafka.KafkaListenerEndpointContainer#0-0-C-1] [INFO ] o.a.k.c.c.i.ConsumerCoordinator.requestRejoin:1000 - [Consumer clientId=consumer-wallet-post-1, groupId=wallet-post] Request joining group due to: consumer pro-actively leaving the group
21:09:31.145 [org.springframework.kafka.KafkaListenerEndpointContainer#0-1-C-1] [INFO ] o.a.kafka.common.metrics.Metrics.close:659 - Metrics scheduler closed
21:09:31.145 [org.springframework.kafka.KafkaListenerEndpointContainer#0-2-C-1] [INFO ] o.a.kafka.common.metrics.Metrics.close:659 - Metrics scheduler closed
21:09:31.145 [org.springframework.kafka.KafkaListenerEndpointContainer#0-1-C-1] [INFO ] o.a.kafka.common.metrics.Metrics.close:663 - Closing reporter org.apache.kafka.common.metrics.JmxReporter
21:09:31.145 [org.springframework.kafka.KafkaListenerEndpointContainer#0-2-C-1] [INFO ] o.a.kafka.common.metrics.Metrics.close:663 - Closing reporter org.apache.kafka.common.metrics.JmxReporter
21:09:31.146 [org.springframework.kafka.KafkaListenerEndpointContainer#0-1-C-1] [INFO ] o.a.kafka.common.metrics.Metrics.close:669 - Metrics reporters closed
21:09:31.146 [org.springframework.kafka.KafkaListenerEndpointContainer#0-2-C-1] [INFO ] o.a.kafka.common.metrics.Metrics.close:669 - Metrics reporters closed
21:09:31.147 [org.springframework.kafka.KafkaListenerEndpointContainer#0-0-C-1] [INFO ] o.a.kafka.common.metrics.Metrics.close:659 - Metrics scheduler closed
21:09:31.148 [org.springframework.kafka.KafkaListenerEndpointContainer#0-0-C-1] [INFO ] o.a.kafka.common.metrics.Metrics.close:663 - Closing reporter org.apache.kafka.common.metrics.JmxReporter
21:09:31.148 [org.springframework.kafka.KafkaListenerEndpointContainer#0-0-C-1] [INFO ] o.a.kafka.common.metrics.Metrics.close:669 - Metrics reporters closed
21:09:31.154 [org.springframework.kafka.KafkaListenerEndpointContainer#0-2-C-1] [INFO ] o.a.kafka.common.utils.AppInfoParser.unregisterAppInfo:83 - App info kafka.consumer for consumer-wallet-post-3 unregistered
21:09:31.154 [org.springframework.kafka.KafkaListenerEndpointContainer#0-2-C-1] [INFO ] o.s.k.l.KafkaMessageListenerContainer.info:292 - wallet-post: Consumer stopped
21:09:31.155 [org.springframework.kafka.KafkaListenerEndpointContainer#0-1-C-1] [INFO ] o.a.kafka.common.utils.AppInfoParser.unregisterAppInfo:83 - App info kafka.consumer for consumer-wallet-post-2 unregistered
21:09:31.155 [org.springframework.kafka.KafkaListenerEndpointContainer#0-1-C-1] [INFO ] o.s.k.l.KafkaMessageListenerContainer.info:292 - wallet-post: Consumer stopped
21:09:31.156 [org.springframework.kafka.KafkaListenerEndpointContainer#0-0-C-1] [INFO ] o.a.kafka.common.utils.AppInfoParser.unregisterAppInfo:83 - App info kafka.consumer for consumer-wallet-post-1 unregistered
21:09:31.156 [org.springframework.kafka.KafkaListenerEndpointContainer#0-0-C-1] [INFO ] o.s.k.l.KafkaMessageListenerContainer.info:292 - wallet-post: Consumer stopped
21:09:31.190 [SpringApplicationShutdownHook] [INFO ] com.zaxxer.hikari.HikariDataSource.close:350 - HikariPool-1 - Shutdown initiated...
21:09:31.200 [SpringApplicationShutdownHook] [INFO ] com.zaxxer.hikari.HikariDataSource.close:352 - HikariPool-1 - Shutdown completed.
21:10:08.866 [main] [INFO ] c.e.a.l.p.PostLedgerProcessorTest.logStarting:55 - Starting PostLedgerProcessorTest using Java 11.0.29 on Sunsunsun with PID 36524 (started by Sun in D:\TestProgram\Java\JavaEE\z-exchange\ledger-service)
21:10:08.868 [main] [INFO ] c.e.a.l.p.PostLedgerProcessorTest.logStartupProfileInfo:631 - No active profile set, falling back to 1 default profile: "default"
21:10:09.607 [main] [INFO ] o.s.d.r.c.RepositoryConfigurationDelegate.multipleStoresDetected:262 - Multiple Spring Data modules found, entering strict repository configuration mode
21:10:09.610 [main] [INFO ] o.s.d.r.c.RepositoryConfigurationDelegate.registerRepositoriesIn:132 - Bootstrapping Spring Data Redis repositories in DEFAULT mode.
21:10:09.629 [main] [INFO ] o.s.d.r.c.RepositoryConfigurationDelegate.registerRepositoriesIn:201 - Finished Spring Data repository scanning in 8 ms. Found 0 Redis repository interfaces.
21:10:12.997 [main] [INFO ] org.redisson.Version.logVersion:41 - Redisson 3.17.7
21:10:13.329 [redisson-netty-2-5] [INFO ] o.r.c.p.MasterPubSubConnectionPool.lambda$createConnection$1:161 - 1 connections initialized for 192.168.52.100/192.168.52.100:6379
21:10:13.393 [redisson-netty-2-19] [INFO ] o.r.c.pool.MasterConnectionPool.lambda$createConnection$1:161 - 24 connections initialized for 192.168.52.100/192.168.52.100:6379
21:10:14.447 [main] [INFO ] n.d.b.g.s.a.GrpcServerFactoryAutoConfiguration.shadedNettyGrpcServerFactory:74 - Detected grpc-netty-shaded: Creating ShadedNettyGrpcServerFactory
21:10:15.001 [main] [INFO ] o.s.b.a.e.web.EndpointLinksResolver.<init>:58 - Exposing 1 endpoint(s) beneath base path '/actuator'
21:10:15.132 [main] [INFO ] o.a.k.c.consumer.ConsumerConfig.logAll:376 - ConsumerConfig values: 
	allow.auto.create.topics = true
	auto.commit.interval.ms = 5000
	auto.offset.reset = latest
	bootstrap.servers = [192.168.52.100:9092]
	check.crcs = true
	client.dns.lookup = use_all_dns_ips
	client.id = consumer-wallet-post-1
	client.rack = 
	connections.max.idle.ms = 540000
	default.api.timeout.ms = 60000
	enable.auto.commit = false
	exclude.internal.topics = true
	fetch.max.bytes = 52428800
	fetch.max.wait.ms = 500
	fetch.min.bytes = 1
	group.id = wallet-post
	group.instance.id = null
	heartbeat.interval.ms = 3000
	interceptor.classes = []
	internal.leave.group.on.close = true
	internal.throw.on.fetch.stable.offset.unsupported = false
	isolation.level = read_uncommitted
	key.deserializer = class org.apache.kafka.common.serialization.StringDeserializer
	max.partition.fetch.bytes = 1048576
	max.poll.interval.ms = 300000
	max.poll.records = 500
	metadata.max.age.ms = 300000
	metric.reporters = []
	metrics.num.samples = 2
	metrics.recording.level = INFO
	metrics.sample.window.ms = 30000
	partition.assignment.strategy = [class org.apache.kafka.clients.consumer.RangeAssignor, class org.apache.kafka.clients.consumer.CooperativeStickyAssignor]
	receive.buffer.bytes = 65536
	reconnect.backoff.max.ms = 1000
	reconnect.backoff.ms = 50
	request.timeout.ms = 30000
	retry.backoff.ms = 100
	sasl.client.callback.handler.class = null
	sasl.jaas.config = null
	sasl.kerberos.kinit.cmd = /usr/bin/kinit
	sasl.kerberos.min.time.before.relogin = 60000
	sasl.kerberos.service.name = null
	sasl.kerberos.ticket.renew.jitter = 0.05
	sasl.kerberos.ticket.renew.window.factor = 0.8
	sasl.login.callback.handler.class = null
	sasl.login.class = null
	sasl.login.connect.timeout.ms = null
	sasl.login.read.timeout.ms = null
	sasl.login.refresh.buffer.seconds = 300
	sasl.login.refresh.min.period.seconds = 60
	sasl.login.refresh.window.factor = 0.8
	sasl.login.refresh.window.jitter = 0.05
	sasl.login.retry.backoff.max.ms = 10000
	sasl.login.retry.backoff.ms = 100
	sasl.mechanism = GSSAPI
	sasl.oauthbearer.clock.skew.seconds = 30
	sasl.oauthbearer.expected.audience = null
	sasl.oauthbearer.expected.issuer = null
	sasl.oauthbearer.jwks.endpoint.refresh.ms = 3600000
	sasl.oauthbearer.jwks.endpoint.retry.backoff.max.ms = 10000
	sasl.oauthbearer.jwks.endpoint.retry.backoff.ms = 100
	sasl.oauthbearer.jwks.endpoint.url = null
	sasl.oauthbearer.scope.claim.name = scope
	sasl.oauthbearer.sub.claim.name = sub
	sasl.oauthbearer.token.endpoint.url = null
	security.protocol = PLAINTEXT
	security.providers = null
	send.buffer.bytes = 131072
	session.timeout.ms = 45000
	socket.connection.setup.timeout.max.ms = 30000
	socket.connection.setup.timeout.ms = 10000
	ssl.cipher.suites = null
	ssl.enabled.protocols = [TLSv1.2, TLSv1.3]
	ssl.endpoint.identification.algorithm = https
	ssl.engine.factory.class = null
	ssl.key.password = null
	ssl.keymanager.algorithm = SunX509
	ssl.keystore.certificate.chain = null
	ssl.keystore.key = null
	ssl.keystore.location = null
	ssl.keystore.password = null
	ssl.keystore.type = JKS
	ssl.protocol = TLSv1.3
	ssl.provider = null
	ssl.secure.random.implementation = null
	ssl.trustmanager.algorithm = PKIX
	ssl.truststore.certificates = null
	ssl.truststore.location = null
	ssl.truststore.password = null
	ssl.truststore.type = JKS
	value.deserializer = class org.apache.kafka.common.serialization.ByteArrayDeserializer

21:10:15.222 [main] [INFO ] o.a.kafka.common.utils.AppInfoParser.<init>:119 - Kafka version: 3.1.2
21:10:15.223 [main] [INFO ] o.a.kafka.common.utils.AppInfoParser.<init>:120 - Kafka commitId: f8c67dc3ae0a3265
21:10:15.223 [main] [INFO ] o.a.kafka.common.utils.AppInfoParser.<init>:121 - Kafka startTimeMs: 1772629815221
21:10:15.248 [main] [INFO ] o.a.k.clients.consumer.KafkaConsumer.subscribe:966 - [Consumer clientId=consumer-wallet-post-1, groupId=wallet-post] Subscribed to topic(s): wallet.ledger.command.posting
21:10:15.258 [main] [INFO ] o.a.k.c.consumer.ConsumerConfig.logAll:376 - ConsumerConfig values: 
	allow.auto.create.topics = true
	auto.commit.interval.ms = 5000
	auto.offset.reset = latest
	bootstrap.servers = [192.168.52.100:9092]
	check.crcs = true
	client.dns.lookup = use_all_dns_ips
	client.id = consumer-wallet-post-2
	client.rack = 
	connections.max.idle.ms = 540000
	default.api.timeout.ms = 60000
	enable.auto.commit = false
	exclude.internal.topics = true
	fetch.max.bytes = 52428800
	fetch.max.wait.ms = 500
	fetch.min.bytes = 1
	group.id = wallet-post
	group.instance.id = null
	heartbeat.interval.ms = 3000
	interceptor.classes = []
	internal.leave.group.on.close = true
	internal.throw.on.fetch.stable.offset.unsupported = false
	isolation.level = read_uncommitted
	key.deserializer = class org.apache.kafka.common.serialization.StringDeserializer
	max.partition.fetch.bytes = 1048576
	max.poll.interval.ms = 300000
	max.poll.records = 500
	metadata.max.age.ms = 300000
	metric.reporters = []
	metrics.num.samples = 2
	metrics.recording.level = INFO
	metrics.sample.window.ms = 30000
	partition.assignment.strategy = [class org.apache.kafka.clients.consumer.RangeAssignor, class org.apache.kafka.clients.consumer.CooperativeStickyAssignor]
	receive.buffer.bytes = 65536
	reconnect.backoff.max.ms = 1000
	reconnect.backoff.ms = 50
	request.timeout.ms = 30000
	retry.backoff.ms = 100
	sasl.client.callback.handler.class = null
	sasl.jaas.config = null
	sasl.kerberos.kinit.cmd = /usr/bin/kinit
	sasl.kerberos.min.time.before.relogin = 60000
	sasl.kerberos.service.name = null
	sasl.kerberos.ticket.renew.jitter = 0.05
	sasl.kerberos.ticket.renew.window.factor = 0.8
	sasl.login.callback.handler.class = null
	sasl.login.class = null
	sasl.login.connect.timeout.ms = null
	sasl.login.read.timeout.ms = null
	sasl.login.refresh.buffer.seconds = 300
	sasl.login.refresh.min.period.seconds = 60
	sasl.login.refresh.window.factor = 0.8
	sasl.login.refresh.window.jitter = 0.05
	sasl.login.retry.backoff.max.ms = 10000
	sasl.login.retry.backoff.ms = 100
	sasl.mechanism = GSSAPI
	sasl.oauthbearer.clock.skew.seconds = 30
	sasl.oauthbearer.expected.audience = null
	sasl.oauthbearer.expected.issuer = null
	sasl.oauthbearer.jwks.endpoint.refresh.ms = 3600000
	sasl.oauthbearer.jwks.endpoint.retry.backoff.max.ms = 10000
	sasl.oauthbearer.jwks.endpoint.retry.backoff.ms = 100
	sasl.oauthbearer.jwks.endpoint.url = null
	sasl.oauthbearer.scope.claim.name = scope
	sasl.oauthbearer.sub.claim.name = sub
	sasl.oauthbearer.token.endpoint.url = null
	security.protocol = PLAINTEXT
	security.providers = null
	send.buffer.bytes = 131072
	session.timeout.ms = 45000
	socket.connection.setup.timeout.max.ms = 30000
	socket.connection.setup.timeout.ms = 10000
	ssl.cipher.suites = null
	ssl.enabled.protocols = [TLSv1.2, TLSv1.3]
	ssl.endpoint.identification.algorithm = https
	ssl.engine.factory.class = null
	ssl.key.password = null
	ssl.keymanager.algorithm = SunX509
	ssl.keystore.certificate.chain = null
	ssl.keystore.key = null
	ssl.keystore.location = null
	ssl.keystore.password = null
	ssl.keystore.type = JKS
	ssl.protocol = TLSv1.3
	ssl.provider = null
	ssl.secure.random.implementation = null
	ssl.trustmanager.algorithm = PKIX
	ssl.truststore.certificates = null
	ssl.truststore.location = null
	ssl.truststore.password = null
	ssl.truststore.type = JKS
	value.deserializer = class org.apache.kafka.common.serialization.ByteArrayDeserializer

21:10:15.268 [main] [INFO ] o.a.kafka.common.utils.AppInfoParser.<init>:119 - Kafka version: 3.1.2
21:10:15.269 [main] [INFO ] o.a.kafka.common.utils.AppInfoParser.<init>:120 - Kafka commitId: f8c67dc3ae0a3265
21:10:15.270 [main] [INFO ] o.a.kafka.common.utils.AppInfoParser.<init>:121 - Kafka startTimeMs: 1772629815268
21:10:15.275 [main] [INFO ] o.a.k.clients.consumer.KafkaConsumer.subscribe:966 - [Consumer clientId=consumer-wallet-post-2, groupId=wallet-post] Subscribed to topic(s): wallet.ledger.command.posting
21:10:15.279 [main] [INFO ] o.a.k.c.consumer.ConsumerConfig.logAll:376 - ConsumerConfig values: 
	allow.auto.create.topics = true
	auto.commit.interval.ms = 5000
	auto.offset.reset = latest
	bootstrap.servers = [192.168.52.100:9092]
	check.crcs = true
	client.dns.lookup = use_all_dns_ips
	client.id = consumer-wallet-post-3
	client.rack = 
	connections.max.idle.ms = 540000
	default.api.timeout.ms = 60000
	enable.auto.commit = false
	exclude.internal.topics = true
	fetch.max.bytes = 52428800
	fetch.max.wait.ms = 500
	fetch.min.bytes = 1
	group.id = wallet-post
	group.instance.id = null
	heartbeat.interval.ms = 3000
	interceptor.classes = []
	internal.leave.group.on.close = true
	internal.throw.on.fetch.stable.offset.unsupported = false
	isolation.level = read_uncommitted
	key.deserializer = class org.apache.kafka.common.serialization.StringDeserializer
	max.partition.fetch.bytes = 1048576
	max.poll.interval.ms = 300000
	max.poll.records = 500
	metadata.max.age.ms = 300000
	metric.reporters = []
	metrics.num.samples = 2
	metrics.recording.level = INFO
	metrics.sample.window.ms = 30000
	partition.assignment.strategy = [class org.apache.kafka.clients.consumer.RangeAssignor, class org.apache.kafka.clients.consumer.CooperativeStickyAssignor]
	receive.buffer.bytes = 65536
	reconnect.backoff.max.ms = 1000
	reconnect.backoff.ms = 50
	request.timeout.ms = 30000
	retry.backoff.ms = 100
	sasl.client.callback.handler.class = null
	sasl.jaas.config = null
	sasl.kerberos.kinit.cmd = /usr/bin/kinit
	sasl.kerberos.min.time.before.relogin = 60000
	sasl.kerberos.service.name = null
	sasl.kerberos.ticket.renew.jitter = 0.05
	sasl.kerberos.ticket.renew.window.factor = 0.8
	sasl.login.callback.handler.class = null
	sasl.login.class = null
	sasl.login.connect.timeout.ms = null
	sasl.login.read.timeout.ms = null
	sasl.login.refresh.buffer.seconds = 300
	sasl.login.refresh.min.period.seconds = 60
	sasl.login.refresh.window.factor = 0.8
	sasl.login.refresh.window.jitter = 0.05
	sasl.login.retry.backoff.max.ms = 10000
	sasl.login.retry.backoff.ms = 100
	sasl.mechanism = GSSAPI
	sasl.oauthbearer.clock.skew.seconds = 30
	sasl.oauthbearer.expected.audience = null
	sasl.oauthbearer.expected.issuer = null
	sasl.oauthbearer.jwks.endpoint.refresh.ms = 3600000
	sasl.oauthbearer.jwks.endpoint.retry.backoff.max.ms = 10000
	sasl.oauthbearer.jwks.endpoint.retry.backoff.ms = 100
	sasl.oauthbearer.jwks.endpoint.url = null
	sasl.oauthbearer.scope.claim.name = scope
	sasl.oauthbearer.sub.claim.name = sub
	sasl.oauthbearer.token.endpoint.url = null
	security.protocol = PLAINTEXT
	security.providers = null
	send.buffer.bytes = 131072
	session.timeout.ms = 45000
	socket.connection.setup.timeout.max.ms = 30000
	socket.connection.setup.timeout.ms = 10000
	ssl.cipher.suites = null
	ssl.enabled.protocols = [TLSv1.2, TLSv1.3]
	ssl.endpoint.identification.algorithm = https
	ssl.engine.factory.class = null
	ssl.key.password = null
	ssl.keymanager.algorithm = SunX509
	ssl.keystore.certificate.chain = null
	ssl.keystore.key = null
	ssl.keystore.location = null
	ssl.keystore.password = null
	ssl.keystore.type = JKS
	ssl.protocol = TLSv1.3
	ssl.provider = null
	ssl.secure.random.implementation = null
	ssl.trustmanager.algorithm = PKIX
	ssl.truststore.certificates = null
	ssl.truststore.location = null
	ssl.truststore.password = null
	ssl.truststore.type = JKS
	value.deserializer = class org.apache.kafka.common.serialization.ByteArrayDeserializer

21:10:15.284 [main] [INFO ] o.a.kafka.common.utils.AppInfoParser.<init>:119 - Kafka version: 3.1.2
21:10:15.285 [main] [INFO ] o.a.kafka.common.utils.AppInfoParser.<init>:120 - Kafka commitId: f8c67dc3ae0a3265
21:10:15.285 [main] [INFO ] o.a.kafka.common.utils.AppInfoParser.<init>:121 - Kafka startTimeMs: 1772629815284
21:10:15.289 [main] [INFO ] o.a.k.clients.consumer.KafkaConsumer.subscribe:966 - [Consumer clientId=consumer-wallet-post-3, groupId=wallet-post] Subscribed to topic(s): wallet.ledger.command.posting
21:10:15.386 [main] [INFO ] n.d.b.g.s.s.AbstractGrpcServerFactory.configureServices:108 - Registered gRPC service: ledger.AccountService, bean: accountServiceImpl, class: com.exchange.app.ledger.service.AccountServiceImpl
21:10:15.386 [main] [INFO ] n.d.b.g.s.s.AbstractGrpcServerFactory.configureServices:108 - Registered gRPC service: ledger.PostService, bean: postServiceImpl, class: com.exchange.app.ledger.service.PostServiceImpl
21:10:15.386 [main] [INFO ] n.d.b.g.s.s.AbstractGrpcServerFactory.configureServices:108 - Registered gRPC service: grpc.health.v1.Health, bean: grpcHealthService, class: io.grpc.protobuf.services.HealthServiceImpl
21:10:15.387 [main] [INFO ] n.d.b.g.s.s.AbstractGrpcServerFactory.configureServices:108 - Registered gRPC service: grpc.reflection.v1alpha.ServerReflection, bean: protoReflectionService, class: io.grpc.protobuf.services.ProtoReflectionService
21:10:15.579 [org.springframework.kafka.KafkaListenerEndpointContainer#0-1-C-1] [INFO ] org.apache.kafka.clients.Metadata.updateLatestMetadata:402 - [Consumer clientId=consumer-wallet-post-2, groupId=wallet-post] Resetting the last seen epoch of partition wallet.ledger.command.posting-0 to 0 since the associated topicId changed from null to 6CMdvSfjT4i9qNvLK0rz0g
21:10:15.579 [org.springframework.kafka.KafkaListenerEndpointContainer#0-0-C-1] [INFO ] org.apache.kafka.clients.Metadata.updateLatestMetadata:402 - [Consumer clientId=consumer-wallet-post-1, groupId=wallet-post] Resetting the last seen epoch of partition wallet.ledger.command.posting-0 to 0 since the associated topicId changed from null to 6CMdvSfjT4i9qNvLK0rz0g
21:10:15.579 [org.springframework.kafka.KafkaListenerEndpointContainer#0-2-C-1] [INFO ] org.apache.kafka.clients.Metadata.updateLatestMetadata:402 - [Consumer clientId=consumer-wallet-post-3, groupId=wallet-post] Resetting the last seen epoch of partition wallet.ledger.command.posting-0 to 0 since the associated topicId changed from null to 6CMdvSfjT4i9qNvLK0rz0g
21:10:15.582 [org.springframework.kafka.KafkaListenerEndpointContainer#0-0-C-1] [INFO ] org.apache.kafka.clients.Metadata.update:287 - [Consumer clientId=consumer-wallet-post-1, groupId=wallet-post] Cluster ID: xhieLtErTGiHtNba1-gbcg
21:10:15.582 [org.springframework.kafka.KafkaListenerEndpointContainer#0-1-C-1] [INFO ] org.apache.kafka.clients.Metadata.update:287 - [Consumer clientId=consumer-wallet-post-2, groupId=wallet-post] Cluster ID: xhieLtErTGiHtNba1-gbcg
21:10:15.582 [org.springframework.kafka.KafkaListenerEndpointContainer#0-2-C-1] [INFO ] org.apache.kafka.clients.Metadata.update:287 - [Consumer clientId=consumer-wallet-post-3, groupId=wallet-post] Cluster ID: xhieLtErTGiHtNba1-gbcg
21:10:15.583 [org.springframework.kafka.KafkaListenerEndpointContainer#0-0-C-1] [INFO ] o.a.k.c.c.i.ConsumerCoordinator.onSuccess:853 - [Consumer clientId=consumer-wallet-post-1, groupId=wallet-post] Discovered group coordinator 192.168.52.100:9092 (id: 2147483647 rack: null)
21:10:15.583 [org.springframework.kafka.KafkaListenerEndpointContainer#0-2-C-1] [INFO ] o.a.k.c.c.i.ConsumerCoordinator.onSuccess:853 - [Consumer clientId=consumer-wallet-post-3, groupId=wallet-post] Discovered group coordinator 192.168.52.100:9092 (id: 2147483647 rack: null)
21:10:15.583 [org.springframework.kafka.KafkaListenerEndpointContainer#0-1-C-1] [INFO ] o.a.k.c.c.i.ConsumerCoordinator.onSuccess:853 - [Consumer clientId=consumer-wallet-post-2, groupId=wallet-post] Discovered group coordinator 192.168.52.100:9092 (id: 2147483647 rack: null)
21:10:15.586 [org.springframework.kafka.KafkaListenerEndpointContainer#0-1-C-1] [INFO ] o.a.k.c.c.i.ConsumerCoordinator.sendJoinGroupRequest:535 - [Consumer clientId=consumer-wallet-post-2, groupId=wallet-post] (Re-)joining group
21:10:15.586 [org.springframework.kafka.KafkaListenerEndpointContainer#0-0-C-1] [INFO ] o.a.k.c.c.i.ConsumerCoordinator.sendJoinGroupRequest:535 - [Consumer clientId=consumer-wallet-post-1, groupId=wallet-post] (Re-)joining group
21:10:15.586 [org.springframework.kafka.KafkaListenerEndpointContainer#0-2-C-1] [INFO ] o.a.k.c.c.i.ConsumerCoordinator.sendJoinGroupRequest:535 - [Consumer clientId=consumer-wallet-post-3, groupId=wallet-post] (Re-)joining group
21:10:15.599 [org.springframework.kafka.KafkaListenerEndpointContainer#0-2-C-1] [INFO ] o.a.k.c.c.i.ConsumerCoordinator.requestRejoin:1000 - [Consumer clientId=consumer-wallet-post-3, groupId=wallet-post] Request joining group due to: need to re-join with the given member-id
21:10:15.600 [org.springframework.kafka.KafkaListenerEndpointContainer#0-2-C-1] [INFO ] o.a.k.c.c.i.ConsumerCoordinator.sendJoinGroupRequest:535 - [Consumer clientId=consumer-wallet-post-3, groupId=wallet-post] (Re-)joining group
21:10:15.600 [org.springframework.kafka.KafkaListenerEndpointContainer#0-1-C-1] [INFO ] o.a.k.c.c.i.ConsumerCoordinator.requestRejoin:1000 - [Consumer clientId=consumer-wallet-post-2, groupId=wallet-post] Request joining group due to: need to re-join with the given member-id
21:10:15.600 [org.springframework.kafka.KafkaListenerEndpointContainer#0-1-C-1] [INFO ] o.a.k.c.c.i.ConsumerCoordinator.sendJoinGroupRequest:535 - [Consumer clientId=consumer-wallet-post-2, groupId=wallet-post] (Re-)joining group
21:10:15.601 [org.springframework.kafka.KafkaListenerEndpointContainer#0-0-C-1] [INFO ] o.a.k.c.c.i.ConsumerCoordinator.requestRejoin:1000 - [Consumer clientId=consumer-wallet-post-1, groupId=wallet-post] Request joining group due to: need to re-join with the given member-id
21:10:15.601 [org.springframework.kafka.KafkaListenerEndpointContainer#0-0-C-1] [INFO ] o.a.k.c.c.i.ConsumerCoordinator.sendJoinGroupRequest:535 - [Consumer clientId=consumer-wallet-post-1, groupId=wallet-post] (Re-)joining group
21:10:15.604 [org.springframework.kafka.KafkaListenerEndpointContainer#0-1-C-1] [INFO ] o.a.k.c.c.i.ConsumerCoordinator.handle:595 - [Consumer clientId=consumer-wallet-post-2, groupId=wallet-post] Successfully joined group with generation Generation{generationId=43, memberId='consumer-wallet-post-2-ddca245e-faf0-4e70-996f-bb7191785a04', protocol='range'}
21:10:15.605 [org.springframework.kafka.KafkaListenerEndpointContainer#0-2-C-1] [INFO ] o.a.k.c.c.i.ConsumerCoordinator.handle:595 - [Consumer clientId=consumer-wallet-post-3, groupId=wallet-post] Successfully joined group with generation Generation{generationId=43, memberId='consumer-wallet-post-3-46330fc6-611c-4f23-adce-7bec4d0a6bb2', protocol='range'}
21:10:15.605 [org.springframework.kafka.KafkaListenerEndpointContainer#0-0-C-1] [INFO ] o.a.k.c.c.i.ConsumerCoordinator.handle:595 - [Consumer clientId=consumer-wallet-post-1, groupId=wallet-post] Successfully joined group with generation Generation{generationId=43, memberId='consumer-wallet-post-1-368ad8ae-bc97-4055-9e7c-fe478f9c63da', protocol='range'}
21:10:15.607 [org.springframework.kafka.KafkaListenerEndpointContainer#0-1-C-1] [INFO ] o.a.k.c.c.i.ConsumerCoordinator.performAssignment:659 - [Consumer clientId=consumer-wallet-post-2, groupId=wallet-post] Finished assignment for group at generation 43: {consumer-wallet-post-2-ddca245e-faf0-4e70-996f-bb7191785a04=Assignment(partitions=[]), consumer-wallet-post-3-46330fc6-611c-4f23-adce-7bec4d0a6bb2=Assignment(partitions=[]), consumer-wallet-post-1-368ad8ae-bc97-4055-9e7c-fe478f9c63da=Assignment(partitions=[wallet.ledger.command.posting-0])}
21:10:15.615 [org.springframework.kafka.KafkaListenerEndpointContainer#0-2-C-1] [INFO ] o.a.k.c.c.i.ConsumerCoordinator.handle:761 - [Consumer clientId=consumer-wallet-post-3, groupId=wallet-post] Successfully synced group in generation Generation{generationId=43, memberId='consumer-wallet-post-3-46330fc6-611c-4f23-adce-7bec4d0a6bb2', protocol='range'}
21:10:15.615 [org.springframework.kafka.KafkaListenerEndpointContainer#0-0-C-1] [INFO ] o.a.k.c.c.i.ConsumerCoordinator.handle:761 - [Consumer clientId=consumer-wallet-post-1, groupId=wallet-post] Successfully synced group in generation Generation{generationId=43, memberId='consumer-wallet-post-1-368ad8ae-bc97-4055-9e7c-fe478f9c63da', protocol='range'}
21:10:15.615 [org.springframework.kafka.KafkaListenerEndpointContainer#0-1-C-1] [INFO ] o.a.k.c.c.i.ConsumerCoordinator.handle:761 - [Consumer clientId=consumer-wallet-post-2, groupId=wallet-post] Successfully synced group in generation Generation{generationId=43, memberId='consumer-wallet-post-2-ddca245e-faf0-4e70-996f-bb7191785a04', protocol='range'}
21:10:15.615 [org.springframework.kafka.KafkaListenerEndpointContainer#0-2-C-1] [INFO ] o.a.k.c.c.i.ConsumerCoordinator.invokeOnAssignment:280 - [Consumer clientId=consumer-wallet-post-3, groupId=wallet-post] Notifying assignor about the new Assignment(partitions=[])
21:10:15.615 [org.springframework.kafka.KafkaListenerEndpointContainer#0-1-C-1] [INFO ] o.a.k.c.c.i.ConsumerCoordinator.invokeOnAssignment:280 - [Consumer clientId=consumer-wallet-post-2, groupId=wallet-post] Notifying assignor about the new Assignment(partitions=[])
21:10:15.615 [org.springframework.kafka.KafkaListenerEndpointContainer#0-0-C-1] [INFO ] o.a.k.c.c.i.ConsumerCoordinator.invokeOnAssignment:280 - [Consumer clientId=consumer-wallet-post-1, groupId=wallet-post] Notifying assignor about the new Assignment(partitions=[wallet.ledger.command.posting-0])
21:10:15.616 [org.springframework.kafka.KafkaListenerEndpointContainer#0-2-C-1] [INFO ] o.a.k.c.c.i.ConsumerCoordinator.invokePartitionsAssigned:292 - [Consumer clientId=consumer-wallet-post-3, groupId=wallet-post] Adding newly assigned partitions: 
21:10:15.616 [org.springframework.kafka.KafkaListenerEndpointContainer#0-1-C-1] [INFO ] o.a.k.c.c.i.ConsumerCoordinator.invokePartitionsAssigned:292 - [Consumer clientId=consumer-wallet-post-2, groupId=wallet-post] Adding newly assigned partitions: 
21:10:15.617 [org.springframework.kafka.KafkaListenerEndpointContainer#0-2-C-1] [INFO ] o.s.k.l.KafkaMessageListenerContainer.info:292 - wallet-post: partitions assigned: []
21:10:15.617 [org.springframework.kafka.KafkaListenerEndpointContainer#0-1-C-1] [INFO ] o.s.k.l.KafkaMessageListenerContainer.info:292 - wallet-post: partitions assigned: []
21:10:15.618 [org.springframework.kafka.KafkaListenerEndpointContainer#0-0-C-1] [INFO ] o.a.k.c.c.i.ConsumerCoordinator.invokePartitionsAssigned:292 - [Consumer clientId=consumer-wallet-post-1, groupId=wallet-post] Adding newly assigned partitions: wallet.ledger.command.posting-0
21:10:15.624 [org.springframework.kafka.KafkaListenerEndpointContainer#0-0-C-1] [INFO ] o.a.k.c.c.i.ConsumerCoordinator.refreshCommittedOffsetsIfNeeded:851 - [Consumer clientId=consumer-wallet-post-1, groupId=wallet-post] Setting offset for partition wallet.ledger.command.posting-0 to the committed offset FetchPosition{offset=64, offsetEpoch=Optional.empty, currentLeader=LeaderAndEpoch{leader=Optional[192.168.52.100:9092 (id: 0 rack: null)], epoch=0}}
21:10:15.624 [org.springframework.kafka.KafkaListenerEndpointContainer#0-0-C-1] [INFO ] o.s.k.l.KafkaMessageListenerContainer.info:292 - wallet-post: partitions assigned: [wallet.ledger.command.posting-0]
21:10:15.789 [main] [INFO ] n.d.b.g.s.s.GrpcServerLifecycle.createAndStartGrpcServer:116 - gRPC Server started, listening on address: *, port: 9091
21:10:15.802 [main] [INFO ] c.e.a.l.p.PostLedgerProcessorTest.logStarted:61 - Started PostLedgerProcessorTest in 7.351 seconds (JVM running for 8.156)
21:10:16.201 [main] [ERROR] c.e.a.l.p.post.PostLedgerProcessor.idempClaimAndReqValidate:118 - another same request in processing, request:referenceId: "txn-a-8"
description: "description"
entries {
  accountRef: "5367025801-1"
  direction: LedgerDirection_Debit
  amount: 100
  assetId: "asset-1"
}
entries {
  accountRef: "5367025801-1"
  direction: LedgerDirection_Credit
  amount: 100
  assetId: "asset-1"
}
, idempValue:IdempValue(status=PENDING, hash=-7010826366023309908, token=LEDGER-b9ce50bb-fd1e-41d7-9a2e-cc7c0f9fa3cb, content=null)
21:10:16.308 [main] [INFO ] c.e.a.l.p.PostLedgerProcessorTest.testPostTxnSuccess:52 - reply: error {
  code: ERROR_PROCESSING
  message: "request_in_processing"
  detail: "request still processing"
}

21:10:16.327 [SpringApplicationShutdownHook] [INFO ] n.d.b.g.s.s.GrpcServerLifecycle.stopAndReleaseGrpcServer:160 - Completed gRPC server shutdown
21:10:16.329 [org.springframework.kafka.KafkaListenerEndpointContainer#0-0-C-1] [INFO ] o.a.k.c.c.i.ConsumerCoordinator.invokePartitionsRevoked:311 - [Consumer clientId=consumer-wallet-post-1, groupId=wallet-post] Revoke previously assigned partitions wallet.ledger.command.posting-0
21:10:16.329 [org.springframework.kafka.KafkaListenerEndpointContainer#0-1-C-1] [INFO ] o.a.k.c.c.i.ConsumerCoordinator.maybeLeaveGroup:1060 - [Consumer clientId=consumer-wallet-post-2, groupId=wallet-post] Member consumer-wallet-post-2-ddca245e-faf0-4e70-996f-bb7191785a04 sending LeaveGroup request to coordinator 192.168.52.100:9092 (id: 2147483647 rack: null) due to the consumer unsubscribed from all topics
21:10:16.329 [org.springframework.kafka.KafkaListenerEndpointContainer#0-2-C-1] [INFO ] o.a.k.c.c.i.ConsumerCoordinator.maybeLeaveGroup:1060 - [Consumer clientId=consumer-wallet-post-3, groupId=wallet-post] Member consumer-wallet-post-3-46330fc6-611c-4f23-adce-7bec4d0a6bb2 sending LeaveGroup request to coordinator 192.168.52.100:9092 (id: 2147483647 rack: null) due to the consumer unsubscribed from all topics
21:10:16.330 [org.springframework.kafka.KafkaListenerEndpointContainer#0-0-C-1] [INFO ] o.s.k.l.KafkaMessageListenerContainer.info:292 - wallet-post: partitions revoked: [wallet.ledger.command.posting-0]
21:10:16.330 [org.springframework.kafka.KafkaListenerEndpointContainer#0-1-C-1] [INFO ] o.a.k.c.c.i.ConsumerCoordinator.resetStateAndGeneration:972 - [Consumer clientId=consumer-wallet-post-2, groupId=wallet-post] Resetting generation due to: consumer pro-actively leaving the group
21:10:16.330 [org.springframework.kafka.KafkaListenerEndpointContainer#0-2-C-1] [INFO ] o.a.k.c.c.i.ConsumerCoordinator.resetStateAndGeneration:972 - [Consumer clientId=consumer-wallet-post-3, groupId=wallet-post] Resetting generation due to: consumer pro-actively leaving the group
21:10:16.330 [org.springframework.kafka.KafkaListenerEndpointContainer#0-1-C-1] [INFO ] o.a.k.c.c.i.ConsumerCoordinator.requestRejoin:1000 - [Consumer clientId=consumer-wallet-post-2, groupId=wallet-post] Request joining group due to: consumer pro-actively leaving the group
21:10:16.330 [org.springframework.kafka.KafkaListenerEndpointContainer#0-2-C-1] [INFO ] o.a.k.c.c.i.ConsumerCoordinator.requestRejoin:1000 - [Consumer clientId=consumer-wallet-post-3, groupId=wallet-post] Request joining group due to: consumer pro-actively leaving the group
21:10:16.330 [org.springframework.kafka.KafkaListenerEndpointContainer#0-0-C-1] [INFO ] o.a.k.c.c.i.ConsumerCoordinator.maybeLeaveGroup:1060 - [Consumer clientId=consumer-wallet-post-1, groupId=wallet-post] Member consumer-wallet-post-1-368ad8ae-bc97-4055-9e7c-fe478f9c63da sending LeaveGroup request to coordinator 192.168.52.100:9092 (id: 2147483647 rack: null) due to the consumer unsubscribed from all topics
21:10:16.330 [org.springframework.kafka.KafkaListenerEndpointContainer#0-1-C-1] [INFO ] o.a.k.clients.consumer.KafkaConsumer.unsubscribe:1075 - [Consumer clientId=consumer-wallet-post-2, groupId=wallet-post] Unsubscribed all topics or patterns and assigned partitions
21:10:16.330 [org.springframework.kafka.KafkaListenerEndpointContainer#0-2-C-1] [INFO ] o.a.k.clients.consumer.KafkaConsumer.unsubscribe:1075 - [Consumer clientId=consumer-wallet-post-3, groupId=wallet-post] Unsubscribed all topics or patterns and assigned partitions
21:10:16.331 [org.springframework.kafka.KafkaListenerEndpointContainer#0-0-C-1] [INFO ] o.a.k.c.c.i.ConsumerCoordinator.resetStateAndGeneration:972 - [Consumer clientId=consumer-wallet-post-1, groupId=wallet-post] Resetting generation due to: consumer pro-actively leaving the group
21:10:16.331 [org.springframework.kafka.KafkaListenerEndpointContainer#0-0-C-1] [INFO ] o.a.k.c.c.i.ConsumerCoordinator.requestRejoin:1000 - [Consumer clientId=consumer-wallet-post-1, groupId=wallet-post] Request joining group due to: consumer pro-actively leaving the group
21:10:16.332 [org.springframework.kafka.KafkaListenerEndpointContainer#0-0-C-1] [INFO ] o.a.k.clients.consumer.KafkaConsumer.unsubscribe:1075 - [Consumer clientId=consumer-wallet-post-1, groupId=wallet-post] Unsubscribed all topics or patterns and assigned partitions
21:10:16.336 [org.springframework.kafka.KafkaListenerEndpointContainer#0-0-C-1] [INFO ] o.a.k.c.c.i.ConsumerCoordinator.resetStateAndGeneration:972 - [Consumer clientId=consumer-wallet-post-1, groupId=wallet-post] Resetting generation due to: consumer pro-actively leaving the group
21:10:16.336 [org.springframework.kafka.KafkaListenerEndpointContainer#0-1-C-1] [INFO ] o.a.k.c.c.i.ConsumerCoordinator.resetStateAndGeneration:972 - [Consumer clientId=consumer-wallet-post-2, groupId=wallet-post] Resetting generation due to: consumer pro-actively leaving the group
21:10:16.337 [org.springframework.kafka.KafkaListenerEndpointContainer#0-2-C-1] [INFO ] o.a.k.c.c.i.ConsumerCoordinator.resetStateAndGeneration:972 - [Consumer clientId=consumer-wallet-post-3, groupId=wallet-post] Resetting generation due to: consumer pro-actively leaving the group
21:10:16.337 [org.springframework.kafka.KafkaListenerEndpointContainer#0-0-C-1] [INFO ] o.a.k.c.c.i.ConsumerCoordinator.requestRejoin:1000 - [Consumer clientId=consumer-wallet-post-1, groupId=wallet-post] Request joining group due to: consumer pro-actively leaving the group
21:10:16.337 [org.springframework.kafka.KafkaListenerEndpointContainer#0-1-C-1] [INFO ] o.a.k.c.c.i.ConsumerCoordinator.requestRejoin:1000 - [Consumer clientId=consumer-wallet-post-2, groupId=wallet-post] Request joining group due to: consumer pro-actively leaving the group
21:10:16.337 [org.springframework.kafka.KafkaListenerEndpointContainer#0-2-C-1] [INFO ] o.a.k.c.c.i.ConsumerCoordinator.requestRejoin:1000 - [Consumer clientId=consumer-wallet-post-3, groupId=wallet-post] Request joining group due to: consumer pro-actively leaving the group
21:10:16.339 [org.springframework.kafka.KafkaListenerEndpointContainer#0-0-C-1] [INFO ] o.a.kafka.common.metrics.Metrics.close:659 - Metrics scheduler closed
21:10:16.339 [org.springframework.kafka.KafkaListenerEndpointContainer#0-0-C-1] [INFO ] o.a.kafka.common.metrics.Metrics.close:663 - Closing reporter org.apache.kafka.common.metrics.JmxReporter
21:10:16.340 [org.springframework.kafka.KafkaListenerEndpointContainer#0-0-C-1] [INFO ] o.a.kafka.common.metrics.Metrics.close:669 - Metrics reporters closed
21:10:16.341 [org.springframework.kafka.KafkaListenerEndpointContainer#0-1-C-1] [INFO ] o.a.kafka.common.metrics.Metrics.close:659 - Metrics scheduler closed
21:10:16.341 [org.springframework.kafka.KafkaListenerEndpointContainer#0-1-C-1] [INFO ] o.a.kafka.common.metrics.Metrics.close:663 - Closing reporter org.apache.kafka.common.metrics.JmxReporter
21:10:16.341 [org.springframework.kafka.KafkaListenerEndpointContainer#0-1-C-1] [INFO ] o.a.kafka.common.metrics.Metrics.close:669 - Metrics reporters closed
21:10:16.348 [org.springframework.kafka.KafkaListenerEndpointContainer#0-2-C-1] [INFO ] o.a.kafka.common.metrics.Metrics.close:659 - Metrics scheduler closed
21:10:16.348 [org.springframework.kafka.KafkaListenerEndpointContainer#0-2-C-1] [INFO ] o.a.kafka.common.metrics.Metrics.close:663 - Closing reporter org.apache.kafka.common.metrics.JmxReporter
21:10:16.348 [org.springframework.kafka.KafkaListenerEndpointContainer#0-2-C-1] [INFO ] o.a.kafka.common.metrics.Metrics.close:669 - Metrics reporters closed
21:10:16.349 [org.springframework.kafka.KafkaListenerEndpointContainer#0-1-C-1] [INFO ] o.a.kafka.common.utils.AppInfoParser.unregisterAppInfo:83 - App info kafka.consumer for consumer-wallet-post-2 unregistered
21:10:16.350 [org.springframework.kafka.KafkaListenerEndpointContainer#0-1-C-1] [INFO ] o.s.k.l.KafkaMessageListenerContainer.info:292 - wallet-post: Consumer stopped
21:10:16.350 [org.springframework.kafka.KafkaListenerEndpointContainer#0-0-C-1] [INFO ] o.a.kafka.common.utils.AppInfoParser.unregisterAppInfo:83 - App info kafka.consumer for consumer-wallet-post-1 unregistered
21:10:16.350 [org.springframework.kafka.KafkaListenerEndpointContainer#0-0-C-1] [INFO ] o.s.k.l.KafkaMessageListenerContainer.info:292 - wallet-post: Consumer stopped
21:10:16.351 [org.springframework.kafka.KafkaListenerEndpointContainer#0-2-C-1] [INFO ] o.a.kafka.common.utils.AppInfoParser.unregisterAppInfo:83 - App info kafka.consumer for consumer-wallet-post-3 unregistered
21:10:16.352 [org.springframework.kafka.KafkaListenerEndpointContainer#0-2-C-1] [INFO ] o.s.k.l.KafkaMessageListenerContainer.info:292 - wallet-post: Consumer stopped
21:10:46.104 [main] [INFO ] c.e.a.l.p.PostLedgerProcessorTest.logStarting:55 - Starting PostLedgerProcessorTest using Java 11.0.29 on Sunsunsun with PID 14160 (started by Sun in D:\TestProgram\Java\JavaEE\z-exchange\ledger-service)
21:10:46.105 [main] [INFO ] c.e.a.l.p.PostLedgerProcessorTest.logStartupProfileInfo:631 - No active profile set, falling back to 1 default profile: "default"
21:10:46.861 [main] [INFO ] o.s.d.r.c.RepositoryConfigurationDelegate.multipleStoresDetected:262 - Multiple Spring Data modules found, entering strict repository configuration mode
21:10:46.864 [main] [INFO ] o.s.d.r.c.RepositoryConfigurationDelegate.registerRepositoriesIn:132 - Bootstrapping Spring Data Redis repositories in DEFAULT mode.
21:10:46.899 [main] [INFO ] o.s.d.r.c.RepositoryConfigurationDelegate.registerRepositoriesIn:201 - Finished Spring Data repository scanning in 19 ms. Found 0 Redis repository interfaces.
21:10:48.530 [main] [INFO ] org.redisson.Version.logVersion:41 - Redisson 3.17.7
21:10:48.828 [redisson-netty-2-5] [INFO ] o.r.c.p.MasterPubSubConnectionPool.lambda$createConnection$1:161 - 1 connections initialized for 192.168.52.100/192.168.52.100:6379
21:10:48.885 [redisson-netty-2-19] [INFO ] o.r.c.pool.MasterConnectionPool.lambda$createConnection$1:161 - 24 connections initialized for 192.168.52.100/192.168.52.100:6379
21:10:49.909 [main] [INFO ] n.d.b.g.s.a.GrpcServerFactoryAutoConfiguration.shadedNettyGrpcServerFactory:74 - Detected grpc-netty-shaded: Creating ShadedNettyGrpcServerFactory
21:10:50.514 [main] [INFO ] o.s.b.a.e.web.EndpointLinksResolver.<init>:58 - Exposing 1 endpoint(s) beneath base path '/actuator'
21:10:50.681 [main] [INFO ] o.a.k.c.consumer.ConsumerConfig.logAll:376 - ConsumerConfig values: 
	allow.auto.create.topics = true
	auto.commit.interval.ms = 5000
	auto.offset.reset = latest
	bootstrap.servers = [192.168.52.100:9092]
	check.crcs = true
	client.dns.lookup = use_all_dns_ips
	client.id = consumer-wallet-post-1
	client.rack = 
	connections.max.idle.ms = 540000
	default.api.timeout.ms = 60000
	enable.auto.commit = false
	exclude.internal.topics = true
	fetch.max.bytes = 52428800
	fetch.max.wait.ms = 500
	fetch.min.bytes = 1
	group.id = wallet-post
	group.instance.id = null
	heartbeat.interval.ms = 3000
	interceptor.classes = []
	internal.leave.group.on.close = true
	internal.throw.on.fetch.stable.offset.unsupported = false
	isolation.level = read_uncommitted
	key.deserializer = class org.apache.kafka.common.serialization.StringDeserializer
	max.partition.fetch.bytes = 1048576
	max.poll.interval.ms = 300000
	max.poll.records = 500
	metadata.max.age.ms = 300000
	metric.reporters = []
	metrics.num.samples = 2
	metrics.recording.level = INFO
	metrics.sample.window.ms = 30000
	partition.assignment.strategy = [class org.apache.kafka.clients.consumer.RangeAssignor, class org.apache.kafka.clients.consumer.CooperativeStickyAssignor]
	receive.buffer.bytes = 65536
	reconnect.backoff.max.ms = 1000
	reconnect.backoff.ms = 50
	request.timeout.ms = 30000
	retry.backoff.ms = 100
	sasl.client.callback.handler.class = null
	sasl.jaas.config = null
	sasl.kerberos.kinit.cmd = /usr/bin/kinit
	sasl.kerberos.min.time.before.relogin = 60000
	sasl.kerberos.service.name = null
	sasl.kerberos.ticket.renew.jitter = 0.05
	sasl.kerberos.ticket.renew.window.factor = 0.8
	sasl.login.callback.handler.class = null
	sasl.login.class = null
	sasl.login.connect.timeout.ms = null
	sasl.login.read.timeout.ms = null
	sasl.login.refresh.buffer.seconds = 300
	sasl.login.refresh.min.period.seconds = 60
	sasl.login.refresh.window.factor = 0.8
	sasl.login.refresh.window.jitter = 0.05
	sasl.login.retry.backoff.max.ms = 10000
	sasl.login.retry.backoff.ms = 100
	sasl.mechanism = GSSAPI
	sasl.oauthbearer.clock.skew.seconds = 30
	sasl.oauthbearer.expected.audience = null
	sasl.oauthbearer.expected.issuer = null
	sasl.oauthbearer.jwks.endpoint.refresh.ms = 3600000
	sasl.oauthbearer.jwks.endpoint.retry.backoff.max.ms = 10000
	sasl.oauthbearer.jwks.endpoint.retry.backoff.ms = 100
	sasl.oauthbearer.jwks.endpoint.url = null
	sasl.oauthbearer.scope.claim.name = scope
	sasl.oauthbearer.sub.claim.name = sub
	sasl.oauthbearer.token.endpoint.url = null
	security.protocol = PLAINTEXT
	security.providers = null
	send.buffer.bytes = 131072
	session.timeout.ms = 45000
	socket.connection.setup.timeout.max.ms = 30000
	socket.connection.setup.timeout.ms = 10000
	ssl.cipher.suites = null
	ssl.enabled.protocols = [TLSv1.2, TLSv1.3]
	ssl.endpoint.identification.algorithm = https
	ssl.engine.factory.class = null
	ssl.key.password = null
	ssl.keymanager.algorithm = SunX509
	ssl.keystore.certificate.chain = null
	ssl.keystore.key = null
	ssl.keystore.location = null
	ssl.keystore.password = null
	ssl.keystore.type = JKS
	ssl.protocol = TLSv1.3
	ssl.provider = null
	ssl.secure.random.implementation = null
	ssl.trustmanager.algorithm = PKIX
	ssl.truststore.certificates = null
	ssl.truststore.location = null
	ssl.truststore.password = null
	ssl.truststore.type = JKS
	value.deserializer = class org.apache.kafka.common.serialization.ByteArrayDeserializer

21:10:50.776 [main] [INFO ] o.a.kafka.common.utils.AppInfoParser.<init>:119 - Kafka version: 3.1.2
21:10:50.776 [main] [INFO ] o.a.kafka.common.utils.AppInfoParser.<init>:120 - Kafka commitId: f8c67dc3ae0a3265
21:10:50.776 [main] [INFO ] o.a.kafka.common.utils.AppInfoParser.<init>:121 - Kafka startTimeMs: 1772629850775
21:10:50.793 [main] [INFO ] o.a.k.clients.consumer.KafkaConsumer.subscribe:966 - [Consumer clientId=consumer-wallet-post-1, groupId=wallet-post] Subscribed to topic(s): wallet.ledger.command.posting
21:10:50.800 [main] [INFO ] o.a.k.c.consumer.ConsumerConfig.logAll:376 - ConsumerConfig values: 
	allow.auto.create.topics = true
	auto.commit.interval.ms = 5000
	auto.offset.reset = latest
	bootstrap.servers = [192.168.52.100:9092]
	check.crcs = true
	client.dns.lookup = use_all_dns_ips
	client.id = consumer-wallet-post-2
	client.rack = 
	connections.max.idle.ms = 540000
	default.api.timeout.ms = 60000
	enable.auto.commit = false
	exclude.internal.topics = true
	fetch.max.bytes = 52428800
	fetch.max.wait.ms = 500
	fetch.min.bytes = 1
	group.id = wallet-post
	group.instance.id = null
	heartbeat.interval.ms = 3000
	interceptor.classes = []
	internal.leave.group.on.close = true
	internal.throw.on.fetch.stable.offset.unsupported = false
	isolation.level = read_uncommitted
	key.deserializer = class org.apache.kafka.common.serialization.StringDeserializer
	max.partition.fetch.bytes = 1048576
	max.poll.interval.ms = 300000
	max.poll.records = 500
	metadata.max.age.ms = 300000
	metric.reporters = []
	metrics.num.samples = 2
	metrics.recording.level = INFO
	metrics.sample.window.ms = 30000
	partition.assignment.strategy = [class org.apache.kafka.clients.consumer.RangeAssignor, class org.apache.kafka.clients.consumer.CooperativeStickyAssignor]
	receive.buffer.bytes = 65536
	reconnect.backoff.max.ms = 1000
	reconnect.backoff.ms = 50
	request.timeout.ms = 30000
	retry.backoff.ms = 100
	sasl.client.callback.handler.class = null
	sasl.jaas.config = null
	sasl.kerberos.kinit.cmd = /usr/bin/kinit
	sasl.kerberos.min.time.before.relogin = 60000
	sasl.kerberos.service.name = null
	sasl.kerberos.ticket.renew.jitter = 0.05
	sasl.kerberos.ticket.renew.window.factor = 0.8
	sasl.login.callback.handler.class = null
	sasl.login.class = null
	sasl.login.connect.timeout.ms = null
	sasl.login.read.timeout.ms = null
	sasl.login.refresh.buffer.seconds = 300
	sasl.login.refresh.min.period.seconds = 60
	sasl.login.refresh.window.factor = 0.8
	sasl.login.refresh.window.jitter = 0.05
	sasl.login.retry.backoff.max.ms = 10000
	sasl.login.retry.backoff.ms = 100
	sasl.mechanism = GSSAPI
	sasl.oauthbearer.clock.skew.seconds = 30
	sasl.oauthbearer.expected.audience = null
	sasl.oauthbearer.expected.issuer = null
	sasl.oauthbearer.jwks.endpoint.refresh.ms = 3600000
	sasl.oauthbearer.jwks.endpoint.retry.backoff.max.ms = 10000
	sasl.oauthbearer.jwks.endpoint.retry.backoff.ms = 100
	sasl.oauthbearer.jwks.endpoint.url = null
	sasl.oauthbearer.scope.claim.name = scope
	sasl.oauthbearer.sub.claim.name = sub
	sasl.oauthbearer.token.endpoint.url = null
	security.protocol = PLAINTEXT
	security.providers = null
	send.buffer.bytes = 131072
	session.timeout.ms = 45000
	socket.connection.setup.timeout.max.ms = 30000
	socket.connection.setup.timeout.ms = 10000
	ssl.cipher.suites = null
	ssl.enabled.protocols = [TLSv1.2, TLSv1.3]
	ssl.endpoint.identification.algorithm = https
	ssl.engine.factory.class = null
	ssl.key.password = null
	ssl.keymanager.algorithm = SunX509
	ssl.keystore.certificate.chain = null
	ssl.keystore.key = null
	ssl.keystore.location = null
	ssl.keystore.password = null
	ssl.keystore.type = JKS
	ssl.protocol = TLSv1.3
	ssl.provider = null
	ssl.secure.random.implementation = null
	ssl.trustmanager.algorithm = PKIX
	ssl.truststore.certificates = null
	ssl.truststore.location = null
	ssl.truststore.password = null
	ssl.truststore.type = JKS
	value.deserializer = class org.apache.kafka.common.serialization.ByteArrayDeserializer

21:10:50.813 [main] [INFO ] o.a.kafka.common.utils.AppInfoParser.<init>:119 - Kafka version: 3.1.2
21:10:50.814 [main] [INFO ] o.a.kafka.common.utils.AppInfoParser.<init>:120 - Kafka commitId: f8c67dc3ae0a3265
21:10:50.815 [main] [INFO ] o.a.kafka.common.utils.AppInfoParser.<init>:121 - Kafka startTimeMs: 1772629850813
21:10:50.823 [main] [INFO ] o.a.k.clients.consumer.KafkaConsumer.subscribe:966 - [Consumer clientId=consumer-wallet-post-2, groupId=wallet-post] Subscribed to topic(s): wallet.ledger.command.posting
21:10:50.828 [main] [INFO ] o.a.k.c.consumer.ConsumerConfig.logAll:376 - ConsumerConfig values: 
	allow.auto.create.topics = true
	auto.commit.interval.ms = 5000
	auto.offset.reset = latest
	bootstrap.servers = [192.168.52.100:9092]
	check.crcs = true
	client.dns.lookup = use_all_dns_ips
	client.id = consumer-wallet-post-3
	client.rack = 
	connections.max.idle.ms = 540000
	default.api.timeout.ms = 60000
	enable.auto.commit = false
	exclude.internal.topics = true
	fetch.max.bytes = 52428800
	fetch.max.wait.ms = 500
	fetch.min.bytes = 1
	group.id = wallet-post
	group.instance.id = null
	heartbeat.interval.ms = 3000
	interceptor.classes = []
	internal.leave.group.on.close = true
	internal.throw.on.fetch.stable.offset.unsupported = false
	isolation.level = read_uncommitted
	key.deserializer = class org.apache.kafka.common.serialization.StringDeserializer
	max.partition.fetch.bytes = 1048576
	max.poll.interval.ms = 300000
	max.poll.records = 500
	metadata.max.age.ms = 300000
	metric.reporters = []
	metrics.num.samples = 2
	metrics.recording.level = INFO
	metrics.sample.window.ms = 30000
	partition.assignment.strategy = [class org.apache.kafka.clients.consumer.RangeAssignor, class org.apache.kafka.clients.consumer.CooperativeStickyAssignor]
	receive.buffer.bytes = 65536
	reconnect.backoff.max.ms = 1000
	reconnect.backoff.ms = 50
	request.timeout.ms = 30000
	retry.backoff.ms = 100
	sasl.client.callback.handler.class = null
	sasl.jaas.config = null
	sasl.kerberos.kinit.cmd = /usr/bin/kinit
	sasl.kerberos.min.time.before.relogin = 60000
	sasl.kerberos.service.name = null
	sasl.kerberos.ticket.renew.jitter = 0.05
	sasl.kerberos.ticket.renew.window.factor = 0.8
	sasl.login.callback.handler.class = null
	sasl.login.class = null
	sasl.login.connect.timeout.ms = null
	sasl.login.read.timeout.ms = null
	sasl.login.refresh.buffer.seconds = 300
	sasl.login.refresh.min.period.seconds = 60
	sasl.login.refresh.window.factor = 0.8
	sasl.login.refresh.window.jitter = 0.05
	sasl.login.retry.backoff.max.ms = 10000
	sasl.login.retry.backoff.ms = 100
	sasl.mechanism = GSSAPI
	sasl.oauthbearer.clock.skew.seconds = 30
	sasl.oauthbearer.expected.audience = null
	sasl.oauthbearer.expected.issuer = null
	sasl.oauthbearer.jwks.endpoint.refresh.ms = 3600000
	sasl.oauthbearer.jwks.endpoint.retry.backoff.max.ms = 10000
	sasl.oauthbearer.jwks.endpoint.retry.backoff.ms = 100
	sasl.oauthbearer.jwks.endpoint.url = null
	sasl.oauthbearer.scope.claim.name = scope
	sasl.oauthbearer.sub.claim.name = sub
	sasl.oauthbearer.token.endpoint.url = null
	security.protocol = PLAINTEXT
	security.providers = null
	send.buffer.bytes = 131072
	session.timeout.ms = 45000
	socket.connection.setup.timeout.max.ms = 30000
	socket.connection.setup.timeout.ms = 10000
	ssl.cipher.suites = null
	ssl.enabled.protocols = [TLSv1.2, TLSv1.3]
	ssl.endpoint.identification.algorithm = https
	ssl.engine.factory.class = null
	ssl.key.password = null
	ssl.keymanager.algorithm = SunX509
	ssl.keystore.certificate.chain = null
	ssl.keystore.key = null
	ssl.keystore.location = null
	ssl.keystore.password = null
	ssl.keystore.type = JKS
	ssl.protocol = TLSv1.3
	ssl.provider = null
	ssl.secure.random.implementation = null
	ssl.trustmanager.algorithm = PKIX
	ssl.truststore.certificates = null
	ssl.truststore.location = null
	ssl.truststore.password = null
	ssl.truststore.type = JKS
	value.deserializer = class org.apache.kafka.common.serialization.ByteArrayDeserializer

21:10:50.833 [main] [INFO ] o.a.kafka.common.utils.AppInfoParser.<init>:119 - Kafka version: 3.1.2
21:10:50.834 [main] [INFO ] o.a.kafka.common.utils.AppInfoParser.<init>:120 - Kafka commitId: f8c67dc3ae0a3265
21:10:50.835 [main] [INFO ] o.a.kafka.common.utils.AppInfoParser.<init>:121 - Kafka startTimeMs: 1772629850833
21:10:50.838 [main] [INFO ] o.a.k.clients.consumer.KafkaConsumer.subscribe:966 - [Consumer clientId=consumer-wallet-post-3, groupId=wallet-post] Subscribed to topic(s): wallet.ledger.command.posting
21:10:50.939 [main] [INFO ] n.d.b.g.s.s.AbstractGrpcServerFactory.configureServices:108 - Registered gRPC service: ledger.AccountService, bean: accountServiceImpl, class: com.exchange.app.ledger.service.AccountServiceImpl
21:10:50.939 [main] [INFO ] n.d.b.g.s.s.AbstractGrpcServerFactory.configureServices:108 - Registered gRPC service: ledger.PostService, bean: postServiceImpl, class: com.exchange.app.ledger.service.PostServiceImpl
21:10:50.939 [main] [INFO ] n.d.b.g.s.s.AbstractGrpcServerFactory.configureServices:108 - Registered gRPC service: grpc.health.v1.Health, bean: grpcHealthService, class: io.grpc.protobuf.services.HealthServiceImpl
21:10:50.940 [main] [INFO ] n.d.b.g.s.s.AbstractGrpcServerFactory.configureServices:108 - Registered gRPC service: grpc.reflection.v1alpha.ServerReflection, bean: protoReflectionService, class: io.grpc.protobuf.services.ProtoReflectionService
21:10:51.193 [org.springframework.kafka.KafkaListenerEndpointContainer#0-1-C-1] [INFO ] org.apache.kafka.clients.Metadata.updateLatestMetadata:402 - [Consumer clientId=consumer-wallet-post-2, groupId=wallet-post] Resetting the last seen epoch of partition wallet.ledger.command.posting-0 to 0 since the associated topicId changed from null to 6CMdvSfjT4i9qNvLK0rz0g
21:10:51.193 [org.springframework.kafka.KafkaListenerEndpointContainer#0-2-C-1] [INFO ] org.apache.kafka.clients.Metadata.updateLatestMetadata:402 - [Consumer clientId=consumer-wallet-post-3, groupId=wallet-post] Resetting the last seen epoch of partition wallet.ledger.command.posting-0 to 0 since the associated topicId changed from null to 6CMdvSfjT4i9qNvLK0rz0g
21:10:51.193 [org.springframework.kafka.KafkaListenerEndpointContainer#0-0-C-1] [INFO ] org.apache.kafka.clients.Metadata.updateLatestMetadata:402 - [Consumer clientId=consumer-wallet-post-1, groupId=wallet-post] Resetting the last seen epoch of partition wallet.ledger.command.posting-0 to 0 since the associated topicId changed from null to 6CMdvSfjT4i9qNvLK0rz0g
21:10:51.196 [org.springframework.kafka.KafkaListenerEndpointContainer#0-2-C-1] [INFO ] org.apache.kafka.clients.Metadata.update:287 - [Consumer clientId=consumer-wallet-post-3, groupId=wallet-post] Cluster ID: xhieLtErTGiHtNba1-gbcg
21:10:51.196 [org.springframework.kafka.KafkaListenerEndpointContainer#0-0-C-1] [INFO ] org.apache.kafka.clients.Metadata.update:287 - [Consumer clientId=consumer-wallet-post-1, groupId=wallet-post] Cluster ID: xhieLtErTGiHtNba1-gbcg
21:10:51.196 [org.springframework.kafka.KafkaListenerEndpointContainer#0-1-C-1] [INFO ] org.apache.kafka.clients.Metadata.update:287 - [Consumer clientId=consumer-wallet-post-2, groupId=wallet-post] Cluster ID: xhieLtErTGiHtNba1-gbcg
21:10:51.197 [org.springframework.kafka.KafkaListenerEndpointContainer#0-2-C-1] [INFO ] o.a.k.c.c.i.ConsumerCoordinator.onSuccess:853 - [Consumer clientId=consumer-wallet-post-3, groupId=wallet-post] Discovered group coordinator 192.168.52.100:9092 (id: 2147483647 rack: null)
21:10:51.197 [org.springframework.kafka.KafkaListenerEndpointContainer#0-1-C-1] [INFO ] o.a.k.c.c.i.ConsumerCoordinator.onSuccess:853 - [Consumer clientId=consumer-wallet-post-2, groupId=wallet-post] Discovered group coordinator 192.168.52.100:9092 (id: 2147483647 rack: null)
21:10:51.197 [org.springframework.kafka.KafkaListenerEndpointContainer#0-0-C-1] [INFO ] o.a.k.c.c.i.ConsumerCoordinator.onSuccess:853 - [Consumer clientId=consumer-wallet-post-1, groupId=wallet-post] Discovered group coordinator 192.168.52.100:9092 (id: 2147483647 rack: null)
21:10:51.199 [org.springframework.kafka.KafkaListenerEndpointContainer#0-0-C-1] [INFO ] o.a.k.c.c.i.ConsumerCoordinator.sendJoinGroupRequest:535 - [Consumer clientId=consumer-wallet-post-1, groupId=wallet-post] (Re-)joining group
21:10:51.199 [org.springframework.kafka.KafkaListenerEndpointContainer#0-1-C-1] [INFO ] o.a.k.c.c.i.ConsumerCoordinator.sendJoinGroupRequest:535 - [Consumer clientId=consumer-wallet-post-2, groupId=wallet-post] (Re-)joining group
21:10:51.199 [org.springframework.kafka.KafkaListenerEndpointContainer#0-2-C-1] [INFO ] o.a.k.c.c.i.ConsumerCoordinator.sendJoinGroupRequest:535 - [Consumer clientId=consumer-wallet-post-3, groupId=wallet-post] (Re-)joining group
21:10:51.211 [org.springframework.kafka.KafkaListenerEndpointContainer#0-1-C-1] [INFO ] o.a.k.c.c.i.ConsumerCoordinator.requestRejoin:1000 - [Consumer clientId=consumer-wallet-post-2, groupId=wallet-post] Request joining group due to: need to re-join with the given member-id
21:10:51.211 [org.springframework.kafka.KafkaListenerEndpointContainer#0-2-C-1] [INFO ] o.a.k.c.c.i.ConsumerCoordinator.requestRejoin:1000 - [Consumer clientId=consumer-wallet-post-3, groupId=wallet-post] Request joining group due to: need to re-join with the given member-id
21:10:51.211 [org.springframework.kafka.KafkaListenerEndpointContainer#0-1-C-1] [INFO ] o.a.k.c.c.i.ConsumerCoordinator.sendJoinGroupRequest:535 - [Consumer clientId=consumer-wallet-post-2, groupId=wallet-post] (Re-)joining group
21:10:51.211 [org.springframework.kafka.KafkaListenerEndpointContainer#0-2-C-1] [INFO ] o.a.k.c.c.i.ConsumerCoordinator.sendJoinGroupRequest:535 - [Consumer clientId=consumer-wallet-post-3, groupId=wallet-post] (Re-)joining group
21:10:51.212 [org.springframework.kafka.KafkaListenerEndpointContainer#0-0-C-1] [INFO ] o.a.k.c.c.i.ConsumerCoordinator.requestRejoin:1000 - [Consumer clientId=consumer-wallet-post-1, groupId=wallet-post] Request joining group due to: need to re-join with the given member-id
21:10:51.213 [org.springframework.kafka.KafkaListenerEndpointContainer#0-0-C-1] [INFO ] o.a.k.c.c.i.ConsumerCoordinator.sendJoinGroupRequest:535 - [Consumer clientId=consumer-wallet-post-1, groupId=wallet-post] (Re-)joining group
21:10:51.216 [org.springframework.kafka.KafkaListenerEndpointContainer#0-1-C-1] [INFO ] o.a.k.c.c.i.ConsumerCoordinator.handle:595 - [Consumer clientId=consumer-wallet-post-2, groupId=wallet-post] Successfully joined group with generation Generation{generationId=45, memberId='consumer-wallet-post-2-58b0bbe7-21d6-4e8d-bc2a-1231db06fdb1', protocol='range'}
21:10:51.216 [org.springframework.kafka.KafkaListenerEndpointContainer#0-2-C-1] [INFO ] o.a.k.c.c.i.ConsumerCoordinator.handle:595 - [Consumer clientId=consumer-wallet-post-3, groupId=wallet-post] Successfully joined group with generation Generation{generationId=45, memberId='consumer-wallet-post-3-e452283f-77d6-4fa9-acaa-c4d990edbcb4', protocol='range'}
21:10:51.219 [org.springframework.kafka.KafkaListenerEndpointContainer#0-1-C-1] [INFO ] o.a.k.c.c.i.ConsumerCoordinator.performAssignment:659 - [Consumer clientId=consumer-wallet-post-2, groupId=wallet-post] Finished assignment for group at generation 45: {consumer-wallet-post-3-e452283f-77d6-4fa9-acaa-c4d990edbcb4=Assignment(partitions=[]), consumer-wallet-post-2-58b0bbe7-21d6-4e8d-bc2a-1231db06fdb1=Assignment(partitions=[wallet.ledger.command.posting-0])}
21:10:51.219 [org.springframework.kafka.KafkaListenerEndpointContainer#0-2-C-1] [INFO ] o.a.k.c.c.i.ConsumerCoordinator.handle:784 - [Consumer clientId=consumer-wallet-post-3, groupId=wallet-post] SyncGroup failed: The group began another rebalance. Need to re-join the group. Sent generation was Generation{generationId=45, memberId='consumer-wallet-post-3-e452283f-77d6-4fa9-acaa-c4d990edbcb4', protocol='range'}
21:10:51.220 [org.springframework.kafka.KafkaListenerEndpointContainer#0-2-C-1] [INFO ] o.a.k.c.c.i.ConsumerCoordinator.sendJoinGroupRequest:535 - [Consumer clientId=consumer-wallet-post-3, groupId=wallet-post] (Re-)joining group
21:10:51.223 [org.springframework.kafka.KafkaListenerEndpointContainer#0-1-C-1] [INFO ] o.a.k.c.c.i.ConsumerCoordinator.handle:784 - [Consumer clientId=consumer-wallet-post-2, groupId=wallet-post] SyncGroup failed: The group began another rebalance. Need to re-join the group. Sent generation was Generation{generationId=45, memberId='consumer-wallet-post-2-58b0bbe7-21d6-4e8d-bc2a-1231db06fdb1', protocol='range'}
21:10:51.223 [org.springframework.kafka.KafkaListenerEndpointContainer#0-1-C-1] [INFO ] o.a.k.c.c.i.ConsumerCoordinator.sendJoinGroupRequest:535 - [Consumer clientId=consumer-wallet-post-2, groupId=wallet-post] (Re-)joining group
21:10:51.225 [org.springframework.kafka.KafkaListenerEndpointContainer#0-2-C-1] [INFO ] o.a.k.c.c.i.ConsumerCoordinator.handle:595 - [Consumer clientId=consumer-wallet-post-3, groupId=wallet-post] Successfully joined group with generation Generation{generationId=46, memberId='consumer-wallet-post-3-e452283f-77d6-4fa9-acaa-c4d990edbcb4', protocol='range'}
21:10:51.226 [org.springframework.kafka.KafkaListenerEndpointContainer#0-0-C-1] [INFO ] o.a.k.c.c.i.ConsumerCoordinator.handle:595 - [Consumer clientId=consumer-wallet-post-1, groupId=wallet-post] Successfully joined group with generation Generation{generationId=46, memberId='consumer-wallet-post-1-5173bd9c-982d-42bf-8123-4ada0138fec5', protocol='range'}
21:10:51.227 [org.springframework.kafka.KafkaListenerEndpointContainer#0-1-C-1] [INFO ] o.a.k.c.c.i.ConsumerCoordinator.handle:595 - [Consumer clientId=consumer-wallet-post-2, groupId=wallet-post] Successfully joined group with generation Generation{generationId=46, memberId='consumer-wallet-post-2-58b0bbe7-21d6-4e8d-bc2a-1231db06fdb1', protocol='range'}
21:10:51.227 [org.springframework.kafka.KafkaListenerEndpointContainer#0-1-C-1] [INFO ] o.a.k.c.c.i.ConsumerCoordinator.performAssignment:659 - [Consumer clientId=consumer-wallet-post-2, groupId=wallet-post] Finished assignment for group at generation 46: {consumer-wallet-post-1-5173bd9c-982d-42bf-8123-4ada0138fec5=Assignment(partitions=[wallet.ledger.command.posting-0]), consumer-wallet-post-3-e452283f-77d6-4fa9-acaa-c4d990edbcb4=Assignment(partitions=[]), consumer-wallet-post-2-58b0bbe7-21d6-4e8d-bc2a-1231db06fdb1=Assignment(partitions=[])}
21:10:51.231 [org.springframework.kafka.KafkaListenerEndpointContainer#0-0-C-1] [INFO ] o.a.k.c.c.i.ConsumerCoordinator.handle:761 - [Consumer clientId=consumer-wallet-post-1, groupId=wallet-post] Successfully synced group in generation Generation{generationId=46, memberId='consumer-wallet-post-1-5173bd9c-982d-42bf-8123-4ada0138fec5', protocol='range'}
21:10:51.231 [org.springframework.kafka.KafkaListenerEndpointContainer#0-0-C-1] [INFO ] o.a.k.c.c.i.ConsumerCoordinator.invokeOnAssignment:280 - [Consumer clientId=consumer-wallet-post-1, groupId=wallet-post] Notifying assignor about the new Assignment(partitions=[wallet.ledger.command.posting-0])
21:10:51.231 [org.springframework.kafka.KafkaListenerEndpointContainer#0-2-C-1] [INFO ] o.a.k.c.c.i.ConsumerCoordinator.handle:761 - [Consumer clientId=consumer-wallet-post-3, groupId=wallet-post] Successfully synced group in generation Generation{generationId=46, memberId='consumer-wallet-post-3-e452283f-77d6-4fa9-acaa-c4d990edbcb4', protocol='range'}
21:10:51.232 [org.springframework.kafka.KafkaListenerEndpointContainer#0-2-C-1] [INFO ] o.a.k.c.c.i.ConsumerCoordinator.invokeOnAssignment:280 - [Consumer clientId=consumer-wallet-post-3, groupId=wallet-post] Notifying assignor about the new Assignment(partitions=[])
21:10:51.232 [org.springframework.kafka.KafkaListenerEndpointContainer#0-1-C-1] [INFO ] o.a.k.c.c.i.ConsumerCoordinator.handle:761 - [Consumer clientId=consumer-wallet-post-2, groupId=wallet-post] Successfully synced group in generation Generation{generationId=46, memberId='consumer-wallet-post-2-58b0bbe7-21d6-4e8d-bc2a-1231db06fdb1', protocol='range'}
21:10:51.232 [org.springframework.kafka.KafkaListenerEndpointContainer#0-2-C-1] [INFO ] o.a.k.c.c.i.ConsumerCoordinator.invokePartitionsAssigned:292 - [Consumer clientId=consumer-wallet-post-3, groupId=wallet-post] Adding newly assigned partitions: 
21:10:51.232 [org.springframework.kafka.KafkaListenerEndpointContainer#0-1-C-1] [INFO ] o.a.k.c.c.i.ConsumerCoordinator.invokeOnAssignment:280 - [Consumer clientId=consumer-wallet-post-2, groupId=wallet-post] Notifying assignor about the new Assignment(partitions=[])
21:10:51.232 [org.springframework.kafka.KafkaListenerEndpointContainer#0-1-C-1] [INFO ] o.a.k.c.c.i.ConsumerCoordinator.invokePartitionsAssigned:292 - [Consumer clientId=consumer-wallet-post-2, groupId=wallet-post] Adding newly assigned partitions: 
21:10:51.234 [org.springframework.kafka.KafkaListenerEndpointContainer#0-1-C-1] [INFO ] o.s.k.l.KafkaMessageListenerContainer.info:292 - wallet-post: partitions assigned: []
21:10:51.233 [org.springframework.kafka.KafkaListenerEndpointContainer#0-2-C-1] [INFO ] o.s.k.l.KafkaMessageListenerContainer.info:292 - wallet-post: partitions assigned: []
21:10:51.234 [org.springframework.kafka.KafkaListenerEndpointContainer#0-0-C-1] [INFO ] o.a.k.c.c.i.ConsumerCoordinator.invokePartitionsAssigned:292 - [Consumer clientId=consumer-wallet-post-1, groupId=wallet-post] Adding newly assigned partitions: wallet.ledger.command.posting-0
21:10:51.240 [org.springframework.kafka.KafkaListenerEndpointContainer#0-0-C-1] [INFO ] o.a.k.c.c.i.ConsumerCoordinator.refreshCommittedOffsetsIfNeeded:851 - [Consumer clientId=consumer-wallet-post-1, groupId=wallet-post] Setting offset for partition wallet.ledger.command.posting-0 to the committed offset FetchPosition{offset=64, offsetEpoch=Optional.empty, currentLeader=LeaderAndEpoch{leader=Optional[192.168.52.100:9092 (id: 0 rack: null)], epoch=0}}
21:10:51.240 [org.springframework.kafka.KafkaListenerEndpointContainer#0-0-C-1] [INFO ] o.s.k.l.KafkaMessageListenerContainer.info:292 - wallet-post: partitions assigned: [wallet.ledger.command.posting-0]
21:10:51.382 [main] [INFO ] n.d.b.g.s.s.GrpcServerLifecycle.createAndStartGrpcServer:116 - gRPC Server started, listening on address: *, port: 9091
21:10:51.397 [main] [INFO ] c.e.a.l.p.PostLedgerProcessorTest.logStarted:61 - Started PostLedgerProcessorTest in 5.706 seconds (JVM running for 6.51)
21:10:51.819 [main] [INFO ] com.zaxxer.hikari.HikariDataSource.getConnection:110 - HikariPool-1 - Starting...
21:10:51.938 [main] [INFO ] com.zaxxer.hikari.HikariDataSource.getConnection:123 - HikariPool-1 - Start completed.
21:10:51.965 [main] [ERROR] c.e.a.l.p.post.PostLedgerProcessor.postTransaction:72 - account not found, notFoundRefs=[]
21:10:51.972 [main] [INFO ] c.e.a.l.p.PostLedgerProcessorTest.testPostTxnSuccess:52 - reply: error {
  code: ERROR_NOT_FOUND
  message: "account_not_found"
  detail: "account_not_found, refs: []"
}

21:10:52.077 [SpringApplicationShutdownHook] [INFO ] n.d.b.g.s.s.GrpcServerLifecycle.stopAndReleaseGrpcServer:160 - Completed gRPC server shutdown
21:10:52.080 [org.springframework.kafka.KafkaListenerEndpointContainer#0-1-C-1] [INFO ] o.a.k.c.c.i.ConsumerCoordinator.maybeLeaveGroup:1060 - [Consumer clientId=consumer-wallet-post-2, groupId=wallet-post] Member consumer-wallet-post-2-58b0bbe7-21d6-4e8d-bc2a-1231db06fdb1 sending LeaveGroup request to coordinator 192.168.52.100:9092 (id: 2147483647 rack: null) due to the consumer unsubscribed from all topics
21:10:52.080 [org.springframework.kafka.KafkaListenerEndpointContainer#0-2-C-1] [INFO ] o.a.k.c.c.i.ConsumerCoordinator.maybeLeaveGroup:1060 - [Consumer clientId=consumer-wallet-post-3, groupId=wallet-post] Member consumer-wallet-post-3-e452283f-77d6-4fa9-acaa-c4d990edbcb4 sending LeaveGroup request to coordinator 192.168.52.100:9092 (id: 2147483647 rack: null) due to the consumer unsubscribed from all topics
21:10:52.080 [org.springframework.kafka.KafkaListenerEndpointContainer#0-0-C-1] [INFO ] o.a.k.c.c.i.ConsumerCoordinator.invokePartitionsRevoked:311 - [Consumer clientId=consumer-wallet-post-1, groupId=wallet-post] Revoke previously assigned partitions wallet.ledger.command.posting-0
21:10:52.080 [org.springframework.kafka.KafkaListenerEndpointContainer#0-0-C-1] [INFO ] o.s.k.l.KafkaMessageListenerContainer.info:292 - wallet-post: partitions revoked: [wallet.ledger.command.posting-0]
21:10:52.080 [org.springframework.kafka.KafkaListenerEndpointContainer#0-1-C-1] [INFO ] o.a.k.c.c.i.ConsumerCoordinator.resetStateAndGeneration:972 - [Consumer clientId=consumer-wallet-post-2, groupId=wallet-post] Resetting generation due to: consumer pro-actively leaving the group
21:10:52.080 [org.springframework.kafka.KafkaListenerEndpointContainer#0-2-C-1] [INFO ] o.a.k.c.c.i.ConsumerCoordinator.resetStateAndGeneration:972 - [Consumer clientId=consumer-wallet-post-3, groupId=wallet-post] Resetting generation due to: consumer pro-actively leaving the group
21:10:52.080 [org.springframework.kafka.KafkaListenerEndpointContainer#0-1-C-1] [INFO ] o.a.k.c.c.i.ConsumerCoordinator.requestRejoin:1000 - [Consumer clientId=consumer-wallet-post-2, groupId=wallet-post] Request joining group due to: consumer pro-actively leaving the group
21:10:52.080 [org.springframework.kafka.KafkaListenerEndpointContainer#0-2-C-1] [INFO ] o.a.k.c.c.i.ConsumerCoordinator.requestRejoin:1000 - [Consumer clientId=consumer-wallet-post-3, groupId=wallet-post] Request joining group due to: consumer pro-actively leaving the group
21:10:52.081 [org.springframework.kafka.KafkaListenerEndpointContainer#0-2-C-1] [INFO ] o.a.k.clients.consumer.KafkaConsumer.unsubscribe:1075 - [Consumer clientId=consumer-wallet-post-3, groupId=wallet-post] Unsubscribed all topics or patterns and assigned partitions
21:10:52.081 [org.springframework.kafka.KafkaListenerEndpointContainer#0-1-C-1] [INFO ] o.a.k.clients.consumer.KafkaConsumer.unsubscribe:1075 - [Consumer clientId=consumer-wallet-post-2, groupId=wallet-post] Unsubscribed all topics or patterns and assigned partitions
21:10:52.081 [org.springframework.kafka.KafkaListenerEndpointContainer#0-0-C-1] [INFO ] o.a.k.c.c.i.ConsumerCoordinator.maybeLeaveGroup:1060 - [Consumer clientId=consumer-wallet-post-1, groupId=wallet-post] Member consumer-wallet-post-1-5173bd9c-982d-42bf-8123-4ada0138fec5 sending LeaveGroup request to coordinator 192.168.52.100:9092 (id: 2147483647 rack: null) due to the consumer unsubscribed from all topics
21:10:52.081 [org.springframework.kafka.KafkaListenerEndpointContainer#0-0-C-1] [INFO ] o.a.k.c.c.i.ConsumerCoordinator.resetStateAndGeneration:972 - [Consumer clientId=consumer-wallet-post-1, groupId=wallet-post] Resetting generation due to: consumer pro-actively leaving the group
21:10:52.081 [org.springframework.kafka.KafkaListenerEndpointContainer#0-0-C-1] [INFO ] o.a.k.c.c.i.ConsumerCoordinator.requestRejoin:1000 - [Consumer clientId=consumer-wallet-post-1, groupId=wallet-post] Request joining group due to: consumer pro-actively leaving the group
21:10:52.082 [org.springframework.kafka.KafkaListenerEndpointContainer#0-0-C-1] [INFO ] o.a.k.clients.consumer.KafkaConsumer.unsubscribe:1075 - [Consumer clientId=consumer-wallet-post-1, groupId=wallet-post] Unsubscribed all topics or patterns and assigned partitions
21:10:52.084 [org.springframework.kafka.KafkaListenerEndpointContainer#0-1-C-1] [INFO ] o.a.k.c.c.i.ConsumerCoordinator.resetStateAndGeneration:972 - [Consumer clientId=consumer-wallet-post-2, groupId=wallet-post] Resetting generation due to: consumer pro-actively leaving the group
21:10:52.084 [org.springframework.kafka.KafkaListenerEndpointContainer#0-2-C-1] [INFO ] o.a.k.c.c.i.ConsumerCoordinator.resetStateAndGeneration:972 - [Consumer clientId=consumer-wallet-post-3, groupId=wallet-post] Resetting generation due to: consumer pro-actively leaving the group
21:10:52.084 [org.springframework.kafka.KafkaListenerEndpointContainer#0-0-C-1] [INFO ] o.a.k.c.c.i.ConsumerCoordinator.resetStateAndGeneration:972 - [Consumer clientId=consumer-wallet-post-1, groupId=wallet-post] Resetting generation due to: consumer pro-actively leaving the group
21:10:52.084 [org.springframework.kafka.KafkaListenerEndpointContainer#0-2-C-1] [INFO ] o.a.k.c.c.i.ConsumerCoordinator.requestRejoin:1000 - [Consumer clientId=consumer-wallet-post-3, groupId=wallet-post] Request joining group due to: consumer pro-actively leaving the group
21:10:52.084 [org.springframework.kafka.KafkaListenerEndpointContainer#0-1-C-1] [INFO ] o.a.k.c.c.i.ConsumerCoordinator.requestRejoin:1000 - [Consumer clientId=consumer-wallet-post-2, groupId=wallet-post] Request joining group due to: consumer pro-actively leaving the group
21:10:52.084 [org.springframework.kafka.KafkaListenerEndpointContainer#0-0-C-1] [INFO ] o.a.k.c.c.i.ConsumerCoordinator.requestRejoin:1000 - [Consumer clientId=consumer-wallet-post-1, groupId=wallet-post] Request joining group due to: consumer pro-actively leaving the group
21:10:52.087 [org.springframework.kafka.KafkaListenerEndpointContainer#0-1-C-1] [INFO ] o.a.kafka.common.metrics.Metrics.close:659 - Metrics scheduler closed
21:10:52.087 [org.springframework.kafka.KafkaListenerEndpointContainer#0-1-C-1] [INFO ] o.a.kafka.common.metrics.Metrics.close:663 - Closing reporter org.apache.kafka.common.metrics.JmxReporter
21:10:52.088 [org.springframework.kafka.KafkaListenerEndpointContainer#0-1-C-1] [INFO ] o.a.kafka.common.metrics.Metrics.close:669 - Metrics reporters closed
21:10:52.088 [org.springframework.kafka.KafkaListenerEndpointContainer#0-2-C-1] [INFO ] o.a.kafka.common.metrics.Metrics.close:659 - Metrics scheduler closed
21:10:52.089 [org.springframework.kafka.KafkaListenerEndpointContainer#0-2-C-1] [INFO ] o.a.kafka.common.metrics.Metrics.close:663 - Closing reporter org.apache.kafka.common.metrics.JmxReporter
21:10:52.089 [org.springframework.kafka.KafkaListenerEndpointContainer#0-2-C-1] [INFO ] o.a.kafka.common.metrics.Metrics.close:669 - Metrics reporters closed
21:10:52.095 [org.springframework.kafka.KafkaListenerEndpointContainer#0-0-C-1] [INFO ] o.a.kafka.common.metrics.Metrics.close:659 - Metrics scheduler closed
21:10:52.095 [org.springframework.kafka.KafkaListenerEndpointContainer#0-0-C-1] [INFO ] o.a.kafka.common.metrics.Metrics.close:663 - Closing reporter org.apache.kafka.common.metrics.JmxReporter
21:10:52.096 [org.springframework.kafka.KafkaListenerEndpointContainer#0-0-C-1] [INFO ] o.a.kafka.common.metrics.Metrics.close:669 - Metrics reporters closed
21:10:52.097 [org.springframework.kafka.KafkaListenerEndpointContainer#0-2-C-1] [INFO ] o.a.kafka.common.utils.AppInfoParser.unregisterAppInfo:83 - App info kafka.consumer for consumer-wallet-post-3 unregistered
21:10:52.098 [org.springframework.kafka.KafkaListenerEndpointContainer#0-2-C-1] [INFO ] o.s.k.l.KafkaMessageListenerContainer.info:292 - wallet-post: Consumer stopped
21:10:52.099 [org.springframework.kafka.KafkaListenerEndpointContainer#0-1-C-1] [INFO ] o.a.kafka.common.utils.AppInfoParser.unregisterAppInfo:83 - App info kafka.consumer for consumer-wallet-post-2 unregistered
21:10:52.099 [org.springframework.kafka.KafkaListenerEndpointContainer#0-1-C-1] [INFO ] o.s.k.l.KafkaMessageListenerContainer.info:292 - wallet-post: Consumer stopped
21:10:52.101 [org.springframework.kafka.KafkaListenerEndpointContainer#0-0-C-1] [INFO ] o.a.kafka.common.utils.AppInfoParser.unregisterAppInfo:83 - App info kafka.consumer for consumer-wallet-post-1 unregistered
21:10:52.101 [org.springframework.kafka.KafkaListenerEndpointContainer#0-0-C-1] [INFO ] o.s.k.l.KafkaMessageListenerContainer.info:292 - wallet-post: Consumer stopped
21:10:52.135 [SpringApplicationShutdownHook] [INFO ] com.zaxxer.hikari.HikariDataSource.close:350 - HikariPool-1 - Shutdown initiated...
21:10:52.144 [SpringApplicationShutdownHook] [INFO ] com.zaxxer.hikari.HikariDataSource.close:352 - HikariPool-1 - Shutdown completed.
21:11:58.102 [main] [INFO ] c.e.a.l.p.PostLedgerProcessorTest.logStarting:55 - Starting PostLedgerProcessorTest using Java 11.0.29 on Sunsunsun with PID 32820 (started by Sun in D:\TestProgram\Java\JavaEE\z-exchange\ledger-service)
21:11:58.102 [main] [INFO ] c.e.a.l.p.PostLedgerProcessorTest.logStartupProfileInfo:631 - No active profile set, falling back to 1 default profile: "default"
21:11:58.823 [main] [INFO ] o.s.d.r.c.RepositoryConfigurationDelegate.multipleStoresDetected:262 - Multiple Spring Data modules found, entering strict repository configuration mode
21:11:58.834 [main] [INFO ] o.s.d.r.c.RepositoryConfigurationDelegate.registerRepositoriesIn:132 - Bootstrapping Spring Data Redis repositories in DEFAULT mode.
21:11:58.854 [main] [INFO ] o.s.d.r.c.RepositoryConfigurationDelegate.registerRepositoriesIn:201 - Finished Spring Data repository scanning in 9 ms. Found 0 Redis repository interfaces.
21:12:00.959 [main] [INFO ] org.redisson.Version.logVersion:41 - Redisson 3.17.7
21:12:01.340 [redisson-netty-2-5] [INFO ] o.r.c.p.MasterPubSubConnectionPool.lambda$createConnection$1:161 - 1 connections initialized for 192.168.52.100/192.168.52.100:6379
21:12:01.396 [redisson-netty-2-19] [INFO ] o.r.c.pool.MasterConnectionPool.lambda$createConnection$1:161 - 24 connections initialized for 192.168.52.100/192.168.52.100:6379
21:12:02.804 [main] [INFO ] n.d.b.g.s.a.GrpcServerFactoryAutoConfiguration.shadedNettyGrpcServerFactory:74 - Detected grpc-netty-shaded: Creating ShadedNettyGrpcServerFactory
21:12:03.560 [main] [INFO ] o.s.b.a.e.web.EndpointLinksResolver.<init>:58 - Exposing 1 endpoint(s) beneath base path '/actuator'
21:12:03.734 [main] [INFO ] o.a.k.c.consumer.ConsumerConfig.logAll:376 - ConsumerConfig values: 
	allow.auto.create.topics = true
	auto.commit.interval.ms = 5000
	auto.offset.reset = latest
	bootstrap.servers = [192.168.52.100:9092]
	check.crcs = true
	client.dns.lookup = use_all_dns_ips
	client.id = consumer-wallet-post-1
	client.rack = 
	connections.max.idle.ms = 540000
	default.api.timeout.ms = 60000
	enable.auto.commit = false
	exclude.internal.topics = true
	fetch.max.bytes = 52428800
	fetch.max.wait.ms = 500
	fetch.min.bytes = 1
	group.id = wallet-post
	group.instance.id = null
	heartbeat.interval.ms = 3000
	interceptor.classes = []
	internal.leave.group.on.close = true
	internal.throw.on.fetch.stable.offset.unsupported = false
	isolation.level = read_uncommitted
	key.deserializer = class org.apache.kafka.common.serialization.StringDeserializer
	max.partition.fetch.bytes = 1048576
	max.poll.interval.ms = 300000
	max.poll.records = 500
	metadata.max.age.ms = 300000
	metric.reporters = []
	metrics.num.samples = 2
	metrics.recording.level = INFO
	metrics.sample.window.ms = 30000
	partition.assignment.strategy = [class org.apache.kafka.clients.consumer.RangeAssignor, class org.apache.kafka.clients.consumer.CooperativeStickyAssignor]
	receive.buffer.bytes = 65536
	reconnect.backoff.max.ms = 1000
	reconnect.backoff.ms = 50
	request.timeout.ms = 30000
	retry.backoff.ms = 100
	sasl.client.callback.handler.class = null
	sasl.jaas.config = null
	sasl.kerberos.kinit.cmd = /usr/bin/kinit
	sasl.kerberos.min.time.before.relogin = 60000
	sasl.kerberos.service.name = null
	sasl.kerberos.ticket.renew.jitter = 0.05
	sasl.kerberos.ticket.renew.window.factor = 0.8
	sasl.login.callback.handler.class = null
	sasl.login.class = null
	sasl.login.connect.timeout.ms = null
	sasl.login.read.timeout.ms = null
	sasl.login.refresh.buffer.seconds = 300
	sasl.login.refresh.min.period.seconds = 60
	sasl.login.refresh.window.factor = 0.8
	sasl.login.refresh.window.jitter = 0.05
	sasl.login.retry.backoff.max.ms = 10000
	sasl.login.retry.backoff.ms = 100
	sasl.mechanism = GSSAPI
	sasl.oauthbearer.clock.skew.seconds = 30
	sasl.oauthbearer.expected.audience = null
	sasl.oauthbearer.expected.issuer = null
	sasl.oauthbearer.jwks.endpoint.refresh.ms = 3600000
	sasl.oauthbearer.jwks.endpoint.retry.backoff.max.ms = 10000
	sasl.oauthbearer.jwks.endpoint.retry.backoff.ms = 100
	sasl.oauthbearer.jwks.endpoint.url = null
	sasl.oauthbearer.scope.claim.name = scope
	sasl.oauthbearer.sub.claim.name = sub
	sasl.oauthbearer.token.endpoint.url = null
	security.protocol = PLAINTEXT
	security.providers = null
	send.buffer.bytes = 131072
	session.timeout.ms = 45000
	socket.connection.setup.timeout.max.ms = 30000
	socket.connection.setup.timeout.ms = 10000
	ssl.cipher.suites = null
	ssl.enabled.protocols = [TLSv1.2, TLSv1.3]
	ssl.endpoint.identification.algorithm = https
	ssl.engine.factory.class = null
	ssl.key.password = null
	ssl.keymanager.algorithm = SunX509
	ssl.keystore.certificate.chain = null
	ssl.keystore.key = null
	ssl.keystore.location = null
	ssl.keystore.password = null
	ssl.keystore.type = JKS
	ssl.protocol = TLSv1.3
	ssl.provider = null
	ssl.secure.random.implementation = null
	ssl.trustmanager.algorithm = PKIX
	ssl.truststore.certificates = null
	ssl.truststore.location = null
	ssl.truststore.password = null
	ssl.truststore.type = JKS
	value.deserializer = class org.apache.kafka.common.serialization.ByteArrayDeserializer

21:12:03.930 [main] [INFO ] o.a.kafka.common.utils.AppInfoParser.<init>:119 - Kafka version: 3.1.2
21:12:03.931 [main] [INFO ] o.a.kafka.common.utils.AppInfoParser.<init>:120 - Kafka commitId: f8c67dc3ae0a3265
21:12:03.931 [main] [INFO ] o.a.kafka.common.utils.AppInfoParser.<init>:121 - Kafka startTimeMs: 1772629923927
21:12:03.960 [main] [INFO ] o.a.k.clients.consumer.KafkaConsumer.subscribe:966 - [Consumer clientId=consumer-wallet-post-1, groupId=wallet-post] Subscribed to topic(s): wallet.ledger.command.posting
21:12:03.967 [main] [INFO ] o.a.k.c.consumer.ConsumerConfig.logAll:376 - ConsumerConfig values: 
	allow.auto.create.topics = true
	auto.commit.interval.ms = 5000
	auto.offset.reset = latest
	bootstrap.servers = [192.168.52.100:9092]
	check.crcs = true
	client.dns.lookup = use_all_dns_ips
	client.id = consumer-wallet-post-2
	client.rack = 
	connections.max.idle.ms = 540000
	default.api.timeout.ms = 60000
	enable.auto.commit = false
	exclude.internal.topics = true
	fetch.max.bytes = 52428800
	fetch.max.wait.ms = 500
	fetch.min.bytes = 1
	group.id = wallet-post
	group.instance.id = null
	heartbeat.interval.ms = 3000
	interceptor.classes = []
	internal.leave.group.on.close = true
	internal.throw.on.fetch.stable.offset.unsupported = false
	isolation.level = read_uncommitted
	key.deserializer = class org.apache.kafka.common.serialization.StringDeserializer
	max.partition.fetch.bytes = 1048576
	max.poll.interval.ms = 300000
	max.poll.records = 500
	metadata.max.age.ms = 300000
	metric.reporters = []
	metrics.num.samples = 2
	metrics.recording.level = INFO
	metrics.sample.window.ms = 30000
	partition.assignment.strategy = [class org.apache.kafka.clients.consumer.RangeAssignor, class org.apache.kafka.clients.consumer.CooperativeStickyAssignor]
	receive.buffer.bytes = 65536
	reconnect.backoff.max.ms = 1000
	reconnect.backoff.ms = 50
	request.timeout.ms = 30000
	retry.backoff.ms = 100
	sasl.client.callback.handler.class = null
	sasl.jaas.config = null
	sasl.kerberos.kinit.cmd = /usr/bin/kinit
	sasl.kerberos.min.time.before.relogin = 60000
	sasl.kerberos.service.name = null
	sasl.kerberos.ticket.renew.jitter = 0.05
	sasl.kerberos.ticket.renew.window.factor = 0.8
	sasl.login.callback.handler.class = null
	sasl.login.class = null
	sasl.login.connect.timeout.ms = null
	sasl.login.read.timeout.ms = null
	sasl.login.refresh.buffer.seconds = 300
	sasl.login.refresh.min.period.seconds = 60
	sasl.login.refresh.window.factor = 0.8
	sasl.login.refresh.window.jitter = 0.05
	sasl.login.retry.backoff.max.ms = 10000
	sasl.login.retry.backoff.ms = 100
	sasl.mechanism = GSSAPI
	sasl.oauthbearer.clock.skew.seconds = 30
	sasl.oauthbearer.expected.audience = null
	sasl.oauthbearer.expected.issuer = null
	sasl.oauthbearer.jwks.endpoint.refresh.ms = 3600000
	sasl.oauthbearer.jwks.endpoint.retry.backoff.max.ms = 10000
	sasl.oauthbearer.jwks.endpoint.retry.backoff.ms = 100
	sasl.oauthbearer.jwks.endpoint.url = null
	sasl.oauthbearer.scope.claim.name = scope
	sasl.oauthbearer.sub.claim.name = sub
	sasl.oauthbearer.token.endpoint.url = null
	security.protocol = PLAINTEXT
	security.providers = null
	send.buffer.bytes = 131072
	session.timeout.ms = 45000
	socket.connection.setup.timeout.max.ms = 30000
	socket.connection.setup.timeout.ms = 10000
	ssl.cipher.suites = null
	ssl.enabled.protocols = [TLSv1.2, TLSv1.3]
	ssl.endpoint.identification.algorithm = https
	ssl.engine.factory.class = null
	ssl.key.password = null
	ssl.keymanager.algorithm = SunX509
	ssl.keystore.certificate.chain = null
	ssl.keystore.key = null
	ssl.keystore.location = null
	ssl.keystore.password = null
	ssl.keystore.type = JKS
	ssl.protocol = TLSv1.3
	ssl.provider = null
	ssl.secure.random.implementation = null
	ssl.trustmanager.algorithm = PKIX
	ssl.truststore.certificates = null
	ssl.truststore.location = null
	ssl.truststore.password = null
	ssl.truststore.type = JKS
	value.deserializer = class org.apache.kafka.common.serialization.ByteArrayDeserializer

21:12:03.977 [main] [INFO ] o.a.kafka.common.utils.AppInfoParser.<init>:119 - Kafka version: 3.1.2
21:12:03.978 [main] [INFO ] o.a.kafka.common.utils.AppInfoParser.<init>:120 - Kafka commitId: f8c67dc3ae0a3265
21:12:03.978 [main] [INFO ] o.a.kafka.common.utils.AppInfoParser.<init>:121 - Kafka startTimeMs: 1772629923977
21:12:03.983 [main] [INFO ] o.a.k.clients.consumer.KafkaConsumer.subscribe:966 - [Consumer clientId=consumer-wallet-post-2, groupId=wallet-post] Subscribed to topic(s): wallet.ledger.command.posting
21:12:03.988 [main] [INFO ] o.a.k.c.consumer.ConsumerConfig.logAll:376 - ConsumerConfig values: 
	allow.auto.create.topics = true
	auto.commit.interval.ms = 5000
	auto.offset.reset = latest
	bootstrap.servers = [192.168.52.100:9092]
	check.crcs = true
	client.dns.lookup = use_all_dns_ips
	client.id = consumer-wallet-post-3
	client.rack = 
	connections.max.idle.ms = 540000
	default.api.timeout.ms = 60000
	enable.auto.commit = false
	exclude.internal.topics = true
	fetch.max.bytes = 52428800
	fetch.max.wait.ms = 500
	fetch.min.bytes = 1
	group.id = wallet-post
	group.instance.id = null
	heartbeat.interval.ms = 3000
	interceptor.classes = []
	internal.leave.group.on.close = true
	internal.throw.on.fetch.stable.offset.unsupported = false
	isolation.level = read_uncommitted
	key.deserializer = class org.apache.kafka.common.serialization.StringDeserializer
	max.partition.fetch.bytes = 1048576
	max.poll.interval.ms = 300000
	max.poll.records = 500
	metadata.max.age.ms = 300000
	metric.reporters = []
	metrics.num.samples = 2
	metrics.recording.level = INFO
	metrics.sample.window.ms = 30000
	partition.assignment.strategy = [class org.apache.kafka.clients.consumer.RangeAssignor, class org.apache.kafka.clients.consumer.CooperativeStickyAssignor]
	receive.buffer.bytes = 65536
	reconnect.backoff.max.ms = 1000
	reconnect.backoff.ms = 50
	request.timeout.ms = 30000
	retry.backoff.ms = 100
	sasl.client.callback.handler.class = null
	sasl.jaas.config = null
	sasl.kerberos.kinit.cmd = /usr/bin/kinit
	sasl.kerberos.min.time.before.relogin = 60000
	sasl.kerberos.service.name = null
	sasl.kerberos.ticket.renew.jitter = 0.05
	sasl.kerberos.ticket.renew.window.factor = 0.8
	sasl.login.callback.handler.class = null
	sasl.login.class = null
	sasl.login.connect.timeout.ms = null
	sasl.login.read.timeout.ms = null
	sasl.login.refresh.buffer.seconds = 300
	sasl.login.refresh.min.period.seconds = 60
	sasl.login.refresh.window.factor = 0.8
	sasl.login.refresh.window.jitter = 0.05
	sasl.login.retry.backoff.max.ms = 10000
	sasl.login.retry.backoff.ms = 100
	sasl.mechanism = GSSAPI
	sasl.oauthbearer.clock.skew.seconds = 30
	sasl.oauthbearer.expected.audience = null
	sasl.oauthbearer.expected.issuer = null
	sasl.oauthbearer.jwks.endpoint.refresh.ms = 3600000
	sasl.oauthbearer.jwks.endpoint.retry.backoff.max.ms = 10000
	sasl.oauthbearer.jwks.endpoint.retry.backoff.ms = 100
	sasl.oauthbearer.jwks.endpoint.url = null
	sasl.oauthbearer.scope.claim.name = scope
	sasl.oauthbearer.sub.claim.name = sub
	sasl.oauthbearer.token.endpoint.url = null
	security.protocol = PLAINTEXT
	security.providers = null
	send.buffer.bytes = 131072
	session.timeout.ms = 45000
	socket.connection.setup.timeout.max.ms = 30000
	socket.connection.setup.timeout.ms = 10000
	ssl.cipher.suites = null
	ssl.enabled.protocols = [TLSv1.2, TLSv1.3]
	ssl.endpoint.identification.algorithm = https
	ssl.engine.factory.class = null
	ssl.key.password = null
	ssl.keymanager.algorithm = SunX509
	ssl.keystore.certificate.chain = null
	ssl.keystore.key = null
	ssl.keystore.location = null
	ssl.keystore.password = null
	ssl.keystore.type = JKS
	ssl.protocol = TLSv1.3
	ssl.provider = null
	ssl.secure.random.implementation = null
	ssl.trustmanager.algorithm = PKIX
	ssl.truststore.certificates = null
	ssl.truststore.location = null
	ssl.truststore.password = null
	ssl.truststore.type = JKS
	value.deserializer = class org.apache.kafka.common.serialization.ByteArrayDeserializer

21:12:03.994 [main] [INFO ] o.a.kafka.common.utils.AppInfoParser.<init>:119 - Kafka version: 3.1.2
21:12:03.995 [main] [INFO ] o.a.kafka.common.utils.AppInfoParser.<init>:120 - Kafka commitId: f8c67dc3ae0a3265
21:12:03.995 [main] [INFO ] o.a.kafka.common.utils.AppInfoParser.<init>:121 - Kafka startTimeMs: 1772629923994
21:12:03.999 [main] [INFO ] o.a.k.clients.consumer.KafkaConsumer.subscribe:966 - [Consumer clientId=consumer-wallet-post-3, groupId=wallet-post] Subscribed to topic(s): wallet.ledger.command.posting
21:12:04.093 [main] [INFO ] n.d.b.g.s.s.AbstractGrpcServerFactory.configureServices:108 - Registered gRPC service: ledger.AccountService, bean: accountServiceImpl, class: com.exchange.app.ledger.service.AccountServiceImpl
21:12:04.093 [main] [INFO ] n.d.b.g.s.s.AbstractGrpcServerFactory.configureServices:108 - Registered gRPC service: ledger.PostService, bean: postServiceImpl, class: com.exchange.app.ledger.service.PostServiceImpl
21:12:04.094 [main] [INFO ] n.d.b.g.s.s.AbstractGrpcServerFactory.configureServices:108 - Registered gRPC service: grpc.health.v1.Health, bean: grpcHealthService, class: io.grpc.protobuf.services.HealthServiceImpl
21:12:04.094 [main] [INFO ] n.d.b.g.s.s.AbstractGrpcServerFactory.configureServices:108 - Registered gRPC service: grpc.reflection.v1alpha.ServerReflection, bean: protoReflectionService, class: io.grpc.protobuf.services.ProtoReflectionService
21:12:04.309 [org.springframework.kafka.KafkaListenerEndpointContainer#0-1-C-1] [INFO ] org.apache.kafka.clients.Metadata.updateLatestMetadata:402 - [Consumer clientId=consumer-wallet-post-2, groupId=wallet-post] Resetting the last seen epoch of partition wallet.ledger.command.posting-0 to 0 since the associated topicId changed from null to 6CMdvSfjT4i9qNvLK0rz0g
21:12:04.309 [org.springframework.kafka.KafkaListenerEndpointContainer#0-0-C-1] [INFO ] org.apache.kafka.clients.Metadata.updateLatestMetadata:402 - [Consumer clientId=consumer-wallet-post-1, groupId=wallet-post] Resetting the last seen epoch of partition wallet.ledger.command.posting-0 to 0 since the associated topicId changed from null to 6CMdvSfjT4i9qNvLK0rz0g
21:12:04.310 [org.springframework.kafka.KafkaListenerEndpointContainer#0-2-C-1] [INFO ] org.apache.kafka.clients.Metadata.updateLatestMetadata:402 - [Consumer clientId=consumer-wallet-post-3, groupId=wallet-post] Resetting the last seen epoch of partition wallet.ledger.command.posting-0 to 0 since the associated topicId changed from null to 6CMdvSfjT4i9qNvLK0rz0g
21:12:04.312 [org.springframework.kafka.KafkaListenerEndpointContainer#0-0-C-1] [INFO ] org.apache.kafka.clients.Metadata.update:287 - [Consumer clientId=consumer-wallet-post-1, groupId=wallet-post] Cluster ID: xhieLtErTGiHtNba1-gbcg
21:12:04.312 [org.springframework.kafka.KafkaListenerEndpointContainer#0-1-C-1] [INFO ] org.apache.kafka.clients.Metadata.update:287 - [Consumer clientId=consumer-wallet-post-2, groupId=wallet-post] Cluster ID: xhieLtErTGiHtNba1-gbcg
21:12:04.312 [org.springframework.kafka.KafkaListenerEndpointContainer#0-2-C-1] [INFO ] org.apache.kafka.clients.Metadata.update:287 - [Consumer clientId=consumer-wallet-post-3, groupId=wallet-post] Cluster ID: xhieLtErTGiHtNba1-gbcg
21:12:04.313 [org.springframework.kafka.KafkaListenerEndpointContainer#0-1-C-1] [INFO ] o.a.k.c.c.i.ConsumerCoordinator.onSuccess:853 - [Consumer clientId=consumer-wallet-post-2, groupId=wallet-post] Discovered group coordinator 192.168.52.100:9092 (id: 2147483647 rack: null)
21:12:04.313 [org.springframework.kafka.KafkaListenerEndpointContainer#0-0-C-1] [INFO ] o.a.k.c.c.i.ConsumerCoordinator.onSuccess:853 - [Consumer clientId=consumer-wallet-post-1, groupId=wallet-post] Discovered group coordinator 192.168.52.100:9092 (id: 2147483647 rack: null)
21:12:04.313 [org.springframework.kafka.KafkaListenerEndpointContainer#0-2-C-1] [INFO ] o.a.k.c.c.i.ConsumerCoordinator.onSuccess:853 - [Consumer clientId=consumer-wallet-post-3, groupId=wallet-post] Discovered group coordinator 192.168.52.100:9092 (id: 2147483647 rack: null)
21:12:04.318 [org.springframework.kafka.KafkaListenerEndpointContainer#0-0-C-1] [INFO ] o.a.k.c.c.i.ConsumerCoordinator.sendJoinGroupRequest:535 - [Consumer clientId=consumer-wallet-post-1, groupId=wallet-post] (Re-)joining group
21:12:04.318 [org.springframework.kafka.KafkaListenerEndpointContainer#0-1-C-1] [INFO ] o.a.k.c.c.i.ConsumerCoordinator.sendJoinGroupRequest:535 - [Consumer clientId=consumer-wallet-post-2, groupId=wallet-post] (Re-)joining group
21:12:04.318 [org.springframework.kafka.KafkaListenerEndpointContainer#0-2-C-1] [INFO ] o.a.k.c.c.i.ConsumerCoordinator.sendJoinGroupRequest:535 - [Consumer clientId=consumer-wallet-post-3, groupId=wallet-post] (Re-)joining group
21:12:04.332 [org.springframework.kafka.KafkaListenerEndpointContainer#0-1-C-1] [INFO ] o.a.k.c.c.i.ConsumerCoordinator.requestRejoin:1000 - [Consumer clientId=consumer-wallet-post-2, groupId=wallet-post] Request joining group due to: need to re-join with the given member-id
21:12:04.333 [org.springframework.kafka.KafkaListenerEndpointContainer#0-2-C-1] [INFO ] o.a.k.c.c.i.ConsumerCoordinator.requestRejoin:1000 - [Consumer clientId=consumer-wallet-post-3, groupId=wallet-post] Request joining group due to: need to re-join with the given member-id
21:12:04.333 [org.springframework.kafka.KafkaListenerEndpointContainer#0-1-C-1] [INFO ] o.a.k.c.c.i.ConsumerCoordinator.sendJoinGroupRequest:535 - [Consumer clientId=consumer-wallet-post-2, groupId=wallet-post] (Re-)joining group
21:12:04.334 [org.springframework.kafka.KafkaListenerEndpointContainer#0-0-C-1] [INFO ] o.a.k.c.c.i.ConsumerCoordinator.requestRejoin:1000 - [Consumer clientId=consumer-wallet-post-1, groupId=wallet-post] Request joining group due to: need to re-join with the given member-id
21:12:04.335 [org.springframework.kafka.KafkaListenerEndpointContainer#0-0-C-1] [INFO ] o.a.k.c.c.i.ConsumerCoordinator.sendJoinGroupRequest:535 - [Consumer clientId=consumer-wallet-post-1, groupId=wallet-post] (Re-)joining group
21:12:04.335 [org.springframework.kafka.KafkaListenerEndpointContainer#0-2-C-1] [INFO ] o.a.k.c.c.i.ConsumerCoordinator.sendJoinGroupRequest:535 - [Consumer clientId=consumer-wallet-post-3, groupId=wallet-post] (Re-)joining group
21:12:04.337 [org.springframework.kafka.KafkaListenerEndpointContainer#0-1-C-1] [INFO ] o.a.k.c.c.i.ConsumerCoordinator.handle:595 - [Consumer clientId=consumer-wallet-post-2, groupId=wallet-post] Successfully joined group with generation Generation{generationId=48, memberId='consumer-wallet-post-2-d296f122-7607-45be-ab4e-f8181a788c19', protocol='range'}
21:12:04.341 [org.springframework.kafka.KafkaListenerEndpointContainer#0-1-C-1] [INFO ] o.a.k.c.c.i.ConsumerCoordinator.performAssignment:659 - [Consumer clientId=consumer-wallet-post-2, groupId=wallet-post] Finished assignment for group at generation 48: {consumer-wallet-post-2-d296f122-7607-45be-ab4e-f8181a788c19=Assignment(partitions=[wallet.ledger.command.posting-0])}
21:12:04.346 [org.springframework.kafka.KafkaListenerEndpointContainer#0-1-C-1] [INFO ] o.a.k.c.c.i.ConsumerCoordinator.handle:784 - [Consumer clientId=consumer-wallet-post-2, groupId=wallet-post] SyncGroup failed: The group began another rebalance. Need to re-join the group. Sent generation was Generation{generationId=48, memberId='consumer-wallet-post-2-d296f122-7607-45be-ab4e-f8181a788c19', protocol='range'}
21:12:04.346 [org.springframework.kafka.KafkaListenerEndpointContainer#0-1-C-1] [INFO ] o.a.k.c.c.i.ConsumerCoordinator.sendJoinGroupRequest:535 - [Consumer clientId=consumer-wallet-post-2, groupId=wallet-post] (Re-)joining group
21:12:04.348 [org.springframework.kafka.KafkaListenerEndpointContainer#0-2-C-1] [INFO ] o.a.k.c.c.i.ConsumerCoordinator.handle:595 - [Consumer clientId=consumer-wallet-post-3, groupId=wallet-post] Successfully joined group with generation Generation{generationId=49, memberId='consumer-wallet-post-3-dfdbc21b-f598-483e-ba02-4d624ea0ed75', protocol='range'}
21:12:04.349 [org.springframework.kafka.KafkaListenerEndpointContainer#0-0-C-1] [INFO ] o.a.k.c.c.i.ConsumerCoordinator.handle:595 - [Consumer clientId=consumer-wallet-post-1, groupId=wallet-post] Successfully joined group with generation Generation{generationId=49, memberId='consumer-wallet-post-1-ce465897-ea23-4eed-8bac-964de660e167', protocol='range'}
21:12:04.350 [org.springframework.kafka.KafkaListenerEndpointContainer#0-1-C-1] [INFO ] o.a.k.c.c.i.ConsumerCoordinator.handle:595 - [Consumer clientId=consumer-wallet-post-2, groupId=wallet-post] Successfully joined group with generation Generation{generationId=49, memberId='consumer-wallet-post-2-d296f122-7607-45be-ab4e-f8181a788c19', protocol='range'}
21:12:04.351 [org.springframework.kafka.KafkaListenerEndpointContainer#0-1-C-1] [INFO ] o.a.k.c.c.i.ConsumerCoordinator.performAssignment:659 - [Consumer clientId=consumer-wallet-post-2, groupId=wallet-post] Finished assignment for group at generation 49: {consumer-wallet-post-2-d296f122-7607-45be-ab4e-f8181a788c19=Assignment(partitions=[]), consumer-wallet-post-3-dfdbc21b-f598-483e-ba02-4d624ea0ed75=Assignment(partitions=[]), consumer-wallet-post-1-ce465897-ea23-4eed-8bac-964de660e167=Assignment(partitions=[wallet.ledger.command.posting-0])}
21:12:04.354 [org.springframework.kafka.KafkaListenerEndpointContainer#0-2-C-1] [INFO ] o.a.k.c.c.i.ConsumerCoordinator.handle:761 - [Consumer clientId=consumer-wallet-post-3, groupId=wallet-post] Successfully synced group in generation Generation{generationId=49, memberId='consumer-wallet-post-3-dfdbc21b-f598-483e-ba02-4d624ea0ed75', protocol='range'}
21:12:04.354 [org.springframework.kafka.KafkaListenerEndpointContainer#0-0-C-1] [INFO ] o.a.k.c.c.i.ConsumerCoordinator.handle:761 - [Consumer clientId=consumer-wallet-post-1, groupId=wallet-post] Successfully synced group in generation Generation{generationId=49, memberId='consumer-wallet-post-1-ce465897-ea23-4eed-8bac-964de660e167', protocol='range'}
21:12:04.354 [org.springframework.kafka.KafkaListenerEndpointContainer#0-2-C-1] [INFO ] o.a.k.c.c.i.ConsumerCoordinator.invokeOnAssignment:280 - [Consumer clientId=consumer-wallet-post-3, groupId=wallet-post] Notifying assignor about the new Assignment(partitions=[])
21:12:04.354 [org.springframework.kafka.KafkaListenerEndpointContainer#0-0-C-1] [INFO ] o.a.k.c.c.i.ConsumerCoordinator.invokeOnAssignment:280 - [Consumer clientId=consumer-wallet-post-1, groupId=wallet-post] Notifying assignor about the new Assignment(partitions=[wallet.ledger.command.posting-0])
21:12:04.355 [org.springframework.kafka.KafkaListenerEndpointContainer#0-2-C-1] [INFO ] o.a.k.c.c.i.ConsumerCoordinator.invokePartitionsAssigned:292 - [Consumer clientId=consumer-wallet-post-3, groupId=wallet-post] Adding newly assigned partitions: 
21:12:04.355 [org.springframework.kafka.KafkaListenerEndpointContainer#0-1-C-1] [INFO ] o.a.k.c.c.i.ConsumerCoordinator.handle:761 - [Consumer clientId=consumer-wallet-post-2, groupId=wallet-post] Successfully synced group in generation Generation{generationId=49, memberId='consumer-wallet-post-2-d296f122-7607-45be-ab4e-f8181a788c19', protocol='range'}
21:12:04.355 [org.springframework.kafka.KafkaListenerEndpointContainer#0-1-C-1] [INFO ] o.a.k.c.c.i.ConsumerCoordinator.invokeOnAssignment:280 - [Consumer clientId=consumer-wallet-post-2, groupId=wallet-post] Notifying assignor about the new Assignment(partitions=[])
21:12:04.355 [org.springframework.kafka.KafkaListenerEndpointContainer#0-1-C-1] [INFO ] o.a.k.c.c.i.ConsumerCoordinator.invokePartitionsAssigned:292 - [Consumer clientId=consumer-wallet-post-2, groupId=wallet-post] Adding newly assigned partitions: 
21:12:04.356 [org.springframework.kafka.KafkaListenerEndpointContainer#0-2-C-1] [INFO ] o.s.k.l.KafkaMessageListenerContainer.info:292 - wallet-post: partitions assigned: []
21:12:04.356 [org.springframework.kafka.KafkaListenerEndpointContainer#0-1-C-1] [INFO ] o.s.k.l.KafkaMessageListenerContainer.info:292 - wallet-post: partitions assigned: []
21:12:04.357 [org.springframework.kafka.KafkaListenerEndpointContainer#0-0-C-1] [INFO ] o.a.k.c.c.i.ConsumerCoordinator.invokePartitionsAssigned:292 - [Consumer clientId=consumer-wallet-post-1, groupId=wallet-post] Adding newly assigned partitions: wallet.ledger.command.posting-0
21:12:04.365 [org.springframework.kafka.KafkaListenerEndpointContainer#0-0-C-1] [INFO ] o.a.k.c.c.i.ConsumerCoordinator.refreshCommittedOffsetsIfNeeded:851 - [Consumer clientId=consumer-wallet-post-1, groupId=wallet-post] Setting offset for partition wallet.ledger.command.posting-0 to the committed offset FetchPosition{offset=64, offsetEpoch=Optional.empty, currentLeader=LeaderAndEpoch{leader=Optional[192.168.52.100:9092 (id: 0 rack: null)], epoch=0}}
21:12:04.366 [org.springframework.kafka.KafkaListenerEndpointContainer#0-0-C-1] [INFO ] o.s.k.l.KafkaMessageListenerContainer.info:292 - wallet-post: partitions assigned: [wallet.ledger.command.posting-0]
21:12:04.643 [main] [INFO ] n.d.b.g.s.s.GrpcServerLifecycle.createAndStartGrpcServer:116 - gRPC Server started, listening on address: *, port: 9091
21:12:04.655 [main] [INFO ] c.e.a.l.p.PostLedgerProcessorTest.logStarted:61 - Started PostLedgerProcessorTest in 6.934 seconds (JVM running for 7.847)
21:12:05.005 [scheduling-1] [INFO ] c.e.a.l.c.outbox.OutboxDispatcher.dispatch:18 - outbox dispatch start
21:12:05.009 [scheduling-1] [INFO ] com.zaxxer.hikari.HikariDataSource.getConnection:110 - HikariPool-1 - Starting...
21:12:05.186 [scheduling-1] [INFO ] com.zaxxer.hikari.HikariDataSource.getConnection:123 - HikariPool-1 - Start completed.
21:12:05.220 [scheduling-1] [INFO ] c.e.c.o.retry.OutboxRetryHandler.retry:86 - outbox retry success: 0, failed: 0
21:12:05.220 [scheduling-1] [INFO ] c.e.a.l.c.outbox.OutboxDispatcher.dispatch:20 - outbox dispatch end
21:12:08.005 [main] [ERROR] c.e.a.l.p.post.PostLedgerProcessor.postTransaction:72 - account not found, notFoundRefs=[]
21:12:40.375 [scheduling-1] [INFO ] c.e.a.l.c.outbox.OutboxDispatcher.dispatch:18 - outbox dispatch start
21:12:40.381 [scheduling-1] [INFO ] c.e.c.o.retry.OutboxRetryHandler.retry:86 - outbox retry success: 0, failed: 0
21:12:40.382 [scheduling-1] [INFO ] c.e.a.l.c.outbox.OutboxDispatcher.dispatch:20 - outbox dispatch end
21:12:45.011 [scheduling-1] [INFO ] c.e.a.l.c.outbox.OutboxDispatcher.dispatch:18 - outbox dispatch start
21:12:45.016 [scheduling-1] [INFO ] c.e.c.o.retry.OutboxRetryHandler.retry:86 - outbox retry success: 0, failed: 0
21:12:45.017 [scheduling-1] [INFO ] c.e.a.l.c.outbox.OutboxDispatcher.dispatch:20 - outbox dispatch end
21:12:45.423 [main] [INFO ] c.e.a.l.p.PostLedgerProcessorTest.testPostTxnSuccess:52 - reply: error {
  code: ERROR_NOT_FOUND
  message: "account_not_found"
  detail: "account_not_found, refs: []"
}

21:12:45.440 [SpringApplicationShutdownHook] [INFO ] n.d.b.g.s.s.GrpcServerLifecycle.stopAndReleaseGrpcServer:160 - Completed gRPC server shutdown
21:12:45.442 [org.springframework.kafka.KafkaListenerEndpointContainer#0-0-C-1] [INFO ] o.a.k.c.c.i.ConsumerCoordinator.invokePartitionsRevoked:311 - [Consumer clientId=consumer-wallet-post-1, groupId=wallet-post] Revoke previously assigned partitions wallet.ledger.command.posting-0
21:12:45.442 [org.springframework.kafka.KafkaListenerEndpointContainer#0-1-C-1] [INFO ] o.a.k.c.c.i.ConsumerCoordinator.maybeLeaveGroup:1060 - [Consumer clientId=consumer-wallet-post-2, groupId=wallet-post] Member consumer-wallet-post-2-d296f122-7607-45be-ab4e-f8181a788c19 sending LeaveGroup request to coordinator 192.168.52.100:9092 (id: 2147483647 rack: null) due to the consumer unsubscribed from all topics
21:12:45.442 [org.springframework.kafka.KafkaListenerEndpointContainer#0-2-C-1] [INFO ] o.a.k.c.c.i.ConsumerCoordinator.maybeLeaveGroup:1060 - [Consumer clientId=consumer-wallet-post-3, groupId=wallet-post] Member consumer-wallet-post-3-dfdbc21b-f598-483e-ba02-4d624ea0ed75 sending LeaveGroup request to coordinator 192.168.52.100:9092 (id: 2147483647 rack: null) due to the consumer unsubscribed from all topics
21:12:45.443 [org.springframework.kafka.KafkaListenerEndpointContainer#0-0-C-1] [INFO ] o.s.k.l.KafkaMessageListenerContainer.info:292 - wallet-post: partitions revoked: [wallet.ledger.command.posting-0]
21:12:45.443 [org.springframework.kafka.KafkaListenerEndpointContainer#0-2-C-1] [INFO ] o.a.k.c.c.i.ConsumerCoordinator.resetStateAndGeneration:972 - [Consumer clientId=consumer-wallet-post-3, groupId=wallet-post] Resetting generation due to: consumer pro-actively leaving the group
21:12:45.443 [org.springframework.kafka.KafkaListenerEndpointContainer#0-1-C-1] [INFO ] o.a.k.c.c.i.ConsumerCoordinator.resetStateAndGeneration:972 - [Consumer clientId=consumer-wallet-post-2, groupId=wallet-post] Resetting generation due to: consumer pro-actively leaving the group
21:12:45.443 [org.springframework.kafka.KafkaListenerEndpointContainer#0-1-C-1] [INFO ] o.a.k.c.c.i.ConsumerCoordinator.requestRejoin:1000 - [Consumer clientId=consumer-wallet-post-2, groupId=wallet-post] Request joining group due to: consumer pro-actively leaving the group
21:12:45.443 [org.springframework.kafka.KafkaListenerEndpointContainer#0-2-C-1] [INFO ] o.a.k.c.c.i.ConsumerCoordinator.requestRejoin:1000 - [Consumer clientId=consumer-wallet-post-3, groupId=wallet-post] Request joining group due to: consumer pro-actively leaving the group
21:12:45.443 [org.springframework.kafka.KafkaListenerEndpointContainer#0-0-C-1] [INFO ] o.a.k.c.c.i.ConsumerCoordinator.maybeLeaveGroup:1060 - [Consumer clientId=consumer-wallet-post-1, groupId=wallet-post] Member consumer-wallet-post-1-ce465897-ea23-4eed-8bac-964de660e167 sending LeaveGroup request to coordinator 192.168.52.100:9092 (id: 2147483647 rack: null) due to the consumer unsubscribed from all topics
21:12:45.443 [org.springframework.kafka.KafkaListenerEndpointContainer#0-1-C-1] [INFO ] o.a.k.clients.consumer.KafkaConsumer.unsubscribe:1075 - [Consumer clientId=consumer-wallet-post-2, groupId=wallet-post] Unsubscribed all topics or patterns and assigned partitions
21:12:45.443 [org.springframework.kafka.KafkaListenerEndpointContainer#0-2-C-1] [INFO ] o.a.k.clients.consumer.KafkaConsumer.unsubscribe:1075 - [Consumer clientId=consumer-wallet-post-3, groupId=wallet-post] Unsubscribed all topics or patterns and assigned partitions
21:12:45.443 [org.springframework.kafka.KafkaListenerEndpointContainer#0-0-C-1] [INFO ] o.a.k.c.c.i.ConsumerCoordinator.resetStateAndGeneration:972 - [Consumer clientId=consumer-wallet-post-1, groupId=wallet-post] Resetting generation due to: consumer pro-actively leaving the group
21:12:45.444 [org.springframework.kafka.KafkaListenerEndpointContainer#0-0-C-1] [INFO ] o.a.k.c.c.i.ConsumerCoordinator.requestRejoin:1000 - [Consumer clientId=consumer-wallet-post-1, groupId=wallet-post] Request joining group due to: consumer pro-actively leaving the group
21:12:45.444 [org.springframework.kafka.KafkaListenerEndpointContainer#0-0-C-1] [INFO ] o.a.k.clients.consumer.KafkaConsumer.unsubscribe:1075 - [Consumer clientId=consumer-wallet-post-1, groupId=wallet-post] Unsubscribed all topics or patterns and assigned partitions
21:12:45.446 [org.springframework.kafka.KafkaListenerEndpointContainer#0-1-C-1] [INFO ] o.a.k.c.c.i.ConsumerCoordinator.resetStateAndGeneration:972 - [Consumer clientId=consumer-wallet-post-2, groupId=wallet-post] Resetting generation due to: consumer pro-actively leaving the group
21:12:45.446 [org.springframework.kafka.KafkaListenerEndpointContainer#0-1-C-1] [INFO ] o.a.k.c.c.i.ConsumerCoordinator.requestRejoin:1000 - [Consumer clientId=consumer-wallet-post-2, groupId=wallet-post] Request joining group due to: consumer pro-actively leaving the group
21:12:45.446 [org.springframework.kafka.KafkaListenerEndpointContainer#0-0-C-1] [INFO ] o.a.k.c.c.i.ConsumerCoordinator.resetStateAndGeneration:972 - [Consumer clientId=consumer-wallet-post-1, groupId=wallet-post] Resetting generation due to: consumer pro-actively leaving the group
21:12:45.446 [org.springframework.kafka.KafkaListenerEndpointContainer#0-0-C-1] [INFO ] o.a.k.c.c.i.ConsumerCoordinator.requestRejoin:1000 - [Consumer clientId=consumer-wallet-post-1, groupId=wallet-post] Request joining group due to: consumer pro-actively leaving the group
21:12:45.446 [org.springframework.kafka.KafkaListenerEndpointContainer#0-2-C-1] [INFO ] o.a.k.c.c.i.ConsumerCoordinator.resetStateAndGeneration:972 - [Consumer clientId=consumer-wallet-post-3, groupId=wallet-post] Resetting generation due to: consumer pro-actively leaving the group
21:12:45.446 [org.springframework.kafka.KafkaListenerEndpointContainer#0-2-C-1] [INFO ] o.a.k.c.c.i.ConsumerCoordinator.requestRejoin:1000 - [Consumer clientId=consumer-wallet-post-3, groupId=wallet-post] Request joining group due to: consumer pro-actively leaving the group
21:12:45.449 [org.springframework.kafka.KafkaListenerEndpointContainer#0-1-C-1] [INFO ] o.a.kafka.common.metrics.Metrics.close:659 - Metrics scheduler closed
21:12:45.449 [org.springframework.kafka.KafkaListenerEndpointContainer#0-0-C-1] [INFO ] o.a.kafka.common.metrics.Metrics.close:659 - Metrics scheduler closed
21:12:45.449 [org.springframework.kafka.KafkaListenerEndpointContainer#0-1-C-1] [INFO ] o.a.kafka.common.metrics.Metrics.close:663 - Closing reporter org.apache.kafka.common.metrics.JmxReporter
21:12:45.449 [org.springframework.kafka.KafkaListenerEndpointContainer#0-0-C-1] [INFO ] o.a.kafka.common.metrics.Metrics.close:663 - Closing reporter org.apache.kafka.common.metrics.JmxReporter
21:12:45.449 [org.springframework.kafka.KafkaListenerEndpointContainer#0-0-C-1] [INFO ] o.a.kafka.common.metrics.Metrics.close:669 - Metrics reporters closed
21:12:45.449 [org.springframework.kafka.KafkaListenerEndpointContainer#0-1-C-1] [INFO ] o.a.kafka.common.metrics.Metrics.close:669 - Metrics reporters closed
21:12:45.451 [org.springframework.kafka.KafkaListenerEndpointContainer#0-2-C-1] [INFO ] o.a.kafka.common.metrics.Metrics.close:659 - Metrics scheduler closed
21:12:45.451 [org.springframework.kafka.KafkaListenerEndpointContainer#0-2-C-1] [INFO ] o.a.kafka.common.metrics.Metrics.close:663 - Closing reporter org.apache.kafka.common.metrics.JmxReporter
21:12:45.451 [org.springframework.kafka.KafkaListenerEndpointContainer#0-2-C-1] [INFO ] o.a.kafka.common.metrics.Metrics.close:669 - Metrics reporters closed
21:12:45.456 [org.springframework.kafka.KafkaListenerEndpointContainer#0-1-C-1] [INFO ] o.a.kafka.common.utils.AppInfoParser.unregisterAppInfo:83 - App info kafka.consumer for consumer-wallet-post-2 unregistered
21:12:45.456 [org.springframework.kafka.KafkaListenerEndpointContainer#0-1-C-1] [INFO ] o.s.k.l.KafkaMessageListenerContainer.info:292 - wallet-post: Consumer stopped
21:12:45.457 [org.springframework.kafka.KafkaListenerEndpointContainer#0-0-C-1] [INFO ] o.a.kafka.common.utils.AppInfoParser.unregisterAppInfo:83 - App info kafka.consumer for consumer-wallet-post-1 unregistered
21:12:45.458 [org.springframework.kafka.KafkaListenerEndpointContainer#0-0-C-1] [INFO ] o.s.k.l.KafkaMessageListenerContainer.info:292 - wallet-post: Consumer stopped
21:12:45.458 [org.springframework.kafka.KafkaListenerEndpointContainer#0-2-C-1] [INFO ] o.a.kafka.common.utils.AppInfoParser.unregisterAppInfo:83 - App info kafka.consumer for consumer-wallet-post-3 unregistered
21:12:45.458 [org.springframework.kafka.KafkaListenerEndpointContainer#0-2-C-1] [INFO ] o.s.k.l.KafkaMessageListenerContainer.info:292 - wallet-post: Consumer stopped
21:12:45.495 [SpringApplicationShutdownHook] [INFO ] com.zaxxer.hikari.HikariDataSource.close:350 - HikariPool-1 - Shutdown initiated...
21:12:45.510 [SpringApplicationShutdownHook] [INFO ] com.zaxxer.hikari.HikariDataSource.close:352 - HikariPool-1 - Shutdown completed.
21:14:07.087 [main] [INFO ] c.e.a.l.p.PostLedgerProcessorTest.logStarting:55 - Starting PostLedgerProcessorTest using Java 11.0.29 on Sunsunsun with PID 12860 (started by Sun in D:\TestProgram\Java\JavaEE\z-exchange\ledger-service)
21:14:07.088 [main] [INFO ] c.e.a.l.p.PostLedgerProcessorTest.logStartupProfileInfo:631 - No active profile set, falling back to 1 default profile: "default"
21:14:07.865 [main] [INFO ] o.s.d.r.c.RepositoryConfigurationDelegate.multipleStoresDetected:262 - Multiple Spring Data modules found, entering strict repository configuration mode
21:14:07.868 [main] [INFO ] o.s.d.r.c.RepositoryConfigurationDelegate.registerRepositoriesIn:132 - Bootstrapping Spring Data Redis repositories in DEFAULT mode.
21:14:07.887 [main] [INFO ] o.s.d.r.c.RepositoryConfigurationDelegate.registerRepositoriesIn:201 - Finished Spring Data repository scanning in 8 ms. Found 0 Redis repository interfaces.
21:14:10.022 [main] [INFO ] org.redisson.Version.logVersion:41 - Redisson 3.17.7
21:14:10.383 [redisson-netty-2-5] [INFO ] o.r.c.p.MasterPubSubConnectionPool.lambda$createConnection$1:161 - 1 connections initialized for 192.168.52.100/192.168.52.100:6379
21:14:10.457 [redisson-netty-2-19] [INFO ] o.r.c.pool.MasterConnectionPool.lambda$createConnection$1:161 - 24 connections initialized for 192.168.52.100/192.168.52.100:6379
21:14:12.004 [main] [INFO ] n.d.b.g.s.a.GrpcServerFactoryAutoConfiguration.shadedNettyGrpcServerFactory:74 - Detected grpc-netty-shaded: Creating ShadedNettyGrpcServerFactory
21:14:12.768 [main] [INFO ] o.s.b.a.e.web.EndpointLinksResolver.<init>:58 - Exposing 1 endpoint(s) beneath base path '/actuator'
21:14:12.952 [main] [INFO ] o.a.k.c.consumer.ConsumerConfig.logAll:376 - ConsumerConfig values: 
	allow.auto.create.topics = true
	auto.commit.interval.ms = 5000
	auto.offset.reset = latest
	bootstrap.servers = [192.168.52.100:9092]
	check.crcs = true
	client.dns.lookup = use_all_dns_ips
	client.id = consumer-wallet-post-1
	client.rack = 
	connections.max.idle.ms = 540000
	default.api.timeout.ms = 60000
	enable.auto.commit = false
	exclude.internal.topics = true
	fetch.max.bytes = 52428800
	fetch.max.wait.ms = 500
	fetch.min.bytes = 1
	group.id = wallet-post
	group.instance.id = null
	heartbeat.interval.ms = 3000
	interceptor.classes = []
	internal.leave.group.on.close = true
	internal.throw.on.fetch.stable.offset.unsupported = false
	isolation.level = read_uncommitted
	key.deserializer = class org.apache.kafka.common.serialization.StringDeserializer
	max.partition.fetch.bytes = 1048576
	max.poll.interval.ms = 300000
	max.poll.records = 500
	metadata.max.age.ms = 300000
	metric.reporters = []
	metrics.num.samples = 2
	metrics.recording.level = INFO
	metrics.sample.window.ms = 30000
	partition.assignment.strategy = [class org.apache.kafka.clients.consumer.RangeAssignor, class org.apache.kafka.clients.consumer.CooperativeStickyAssignor]
	receive.buffer.bytes = 65536
	reconnect.backoff.max.ms = 1000
	reconnect.backoff.ms = 50
	request.timeout.ms = 30000
	retry.backoff.ms = 100
	sasl.client.callback.handler.class = null
	sasl.jaas.config = null
	sasl.kerberos.kinit.cmd = /usr/bin/kinit
	sasl.kerberos.min.time.before.relogin = 60000
	sasl.kerberos.service.name = null
	sasl.kerberos.ticket.renew.jitter = 0.05
	sasl.kerberos.ticket.renew.window.factor = 0.8
	sasl.login.callback.handler.class = null
	sasl.login.class = null
	sasl.login.connect.timeout.ms = null
	sasl.login.read.timeout.ms = null
	sasl.login.refresh.buffer.seconds = 300
	sasl.login.refresh.min.period.seconds = 60
	sasl.login.refresh.window.factor = 0.8
	sasl.login.refresh.window.jitter = 0.05
	sasl.login.retry.backoff.max.ms = 10000
	sasl.login.retry.backoff.ms = 100
	sasl.mechanism = GSSAPI
	sasl.oauthbearer.clock.skew.seconds = 30
	sasl.oauthbearer.expected.audience = null
	sasl.oauthbearer.expected.issuer = null
	sasl.oauthbearer.jwks.endpoint.refresh.ms = 3600000
	sasl.oauthbearer.jwks.endpoint.retry.backoff.max.ms = 10000
	sasl.oauthbearer.jwks.endpoint.retry.backoff.ms = 100
	sasl.oauthbearer.jwks.endpoint.url = null
	sasl.oauthbearer.scope.claim.name = scope
	sasl.oauthbearer.sub.claim.name = sub
	sasl.oauthbearer.token.endpoint.url = null
	security.protocol = PLAINTEXT
	security.providers = null
	send.buffer.bytes = 131072
	session.timeout.ms = 45000
	socket.connection.setup.timeout.max.ms = 30000
	socket.connection.setup.timeout.ms = 10000
	ssl.cipher.suites = null
	ssl.enabled.protocols = [TLSv1.2, TLSv1.3]
	ssl.endpoint.identification.algorithm = https
	ssl.engine.factory.class = null
	ssl.key.password = null
	ssl.keymanager.algorithm = SunX509
	ssl.keystore.certificate.chain = null
	ssl.keystore.key = null
	ssl.keystore.location = null
	ssl.keystore.password = null
	ssl.keystore.type = JKS
	ssl.protocol = TLSv1.3
	ssl.provider = null
	ssl.secure.random.implementation = null
	ssl.trustmanager.algorithm = PKIX
	ssl.truststore.certificates = null
	ssl.truststore.location = null
	ssl.truststore.password = null
	ssl.truststore.type = JKS
	value.deserializer = class org.apache.kafka.common.serialization.ByteArrayDeserializer

21:14:13.127 [main] [INFO ] o.a.kafka.common.utils.AppInfoParser.<init>:119 - Kafka version: 3.1.2
21:14:13.127 [main] [INFO ] o.a.kafka.common.utils.AppInfoParser.<init>:120 - Kafka commitId: f8c67dc3ae0a3265
21:14:13.127 [main] [INFO ] o.a.kafka.common.utils.AppInfoParser.<init>:121 - Kafka startTimeMs: 1772630053127
21:14:13.159 [main] [INFO ] o.a.k.clients.consumer.KafkaConsumer.subscribe:966 - [Consumer clientId=consumer-wallet-post-1, groupId=wallet-post] Subscribed to topic(s): wallet.ledger.command.posting
21:14:13.169 [main] [INFO ] o.a.k.c.consumer.ConsumerConfig.logAll:376 - ConsumerConfig values: 
	allow.auto.create.topics = true
	auto.commit.interval.ms = 5000
	auto.offset.reset = latest
	bootstrap.servers = [192.168.52.100:9092]
	check.crcs = true
	client.dns.lookup = use_all_dns_ips
	client.id = consumer-wallet-post-2
	client.rack = 
	connections.max.idle.ms = 540000
	default.api.timeout.ms = 60000
	enable.auto.commit = false
	exclude.internal.topics = true
	fetch.max.bytes = 52428800
	fetch.max.wait.ms = 500
	fetch.min.bytes = 1
	group.id = wallet-post
	group.instance.id = null
	heartbeat.interval.ms = 3000
	interceptor.classes = []
	internal.leave.group.on.close = true
	internal.throw.on.fetch.stable.offset.unsupported = false
	isolation.level = read_uncommitted
	key.deserializer = class org.apache.kafka.common.serialization.StringDeserializer
	max.partition.fetch.bytes = 1048576
	max.poll.interval.ms = 300000
	max.poll.records = 500
	metadata.max.age.ms = 300000
	metric.reporters = []
	metrics.num.samples = 2
	metrics.recording.level = INFO
	metrics.sample.window.ms = 30000
	partition.assignment.strategy = [class org.apache.kafka.clients.consumer.RangeAssignor, class org.apache.kafka.clients.consumer.CooperativeStickyAssignor]
	receive.buffer.bytes = 65536
	reconnect.backoff.max.ms = 1000
	reconnect.backoff.ms = 50
	request.timeout.ms = 30000
	retry.backoff.ms = 100
	sasl.client.callback.handler.class = null
	sasl.jaas.config = null
	sasl.kerberos.kinit.cmd = /usr/bin/kinit
	sasl.kerberos.min.time.before.relogin = 60000
	sasl.kerberos.service.name = null
	sasl.kerberos.ticket.renew.jitter = 0.05
	sasl.kerberos.ticket.renew.window.factor = 0.8
	sasl.login.callback.handler.class = null
	sasl.login.class = null
	sasl.login.connect.timeout.ms = null
	sasl.login.read.timeout.ms = null
	sasl.login.refresh.buffer.seconds = 300
	sasl.login.refresh.min.period.seconds = 60
	sasl.login.refresh.window.factor = 0.8
	sasl.login.refresh.window.jitter = 0.05
	sasl.login.retry.backoff.max.ms = 10000
	sasl.login.retry.backoff.ms = 100
	sasl.mechanism = GSSAPI
	sasl.oauthbearer.clock.skew.seconds = 30
	sasl.oauthbearer.expected.audience = null
	sasl.oauthbearer.expected.issuer = null
	sasl.oauthbearer.jwks.endpoint.refresh.ms = 3600000
	sasl.oauthbearer.jwks.endpoint.retry.backoff.max.ms = 10000
	sasl.oauthbearer.jwks.endpoint.retry.backoff.ms = 100
	sasl.oauthbearer.jwks.endpoint.url = null
	sasl.oauthbearer.scope.claim.name = scope
	sasl.oauthbearer.sub.claim.name = sub
	sasl.oauthbearer.token.endpoint.url = null
	security.protocol = PLAINTEXT
	security.providers = null
	send.buffer.bytes = 131072
	session.timeout.ms = 45000
	socket.connection.setup.timeout.max.ms = 30000
	socket.connection.setup.timeout.ms = 10000
	ssl.cipher.suites = null
	ssl.enabled.protocols = [TLSv1.2, TLSv1.3]
	ssl.endpoint.identification.algorithm = https
	ssl.engine.factory.class = null
	ssl.key.password = null
	ssl.keymanager.algorithm = SunX509
	ssl.keystore.certificate.chain = null
	ssl.keystore.key = null
	ssl.keystore.location = null
	ssl.keystore.password = null
	ssl.keystore.type = JKS
	ssl.protocol = TLSv1.3
	ssl.provider = null
	ssl.secure.random.implementation = null
	ssl.trustmanager.algorithm = PKIX
	ssl.truststore.certificates = null
	ssl.truststore.location = null
	ssl.truststore.password = null
	ssl.truststore.type = JKS
	value.deserializer = class org.apache.kafka.common.serialization.ByteArrayDeserializer

21:14:13.176 [main] [INFO ] o.a.kafka.common.utils.AppInfoParser.<init>:119 - Kafka version: 3.1.2
21:14:13.176 [main] [INFO ] o.a.kafka.common.utils.AppInfoParser.<init>:120 - Kafka commitId: f8c67dc3ae0a3265
21:14:13.176 [main] [INFO ] o.a.kafka.common.utils.AppInfoParser.<init>:121 - Kafka startTimeMs: 1772630053176
21:14:13.176 [main] [INFO ] o.a.k.clients.consumer.KafkaConsumer.subscribe:966 - [Consumer clientId=consumer-wallet-post-2, groupId=wallet-post] Subscribed to topic(s): wallet.ledger.command.posting
21:14:13.182 [main] [INFO ] o.a.k.c.consumer.ConsumerConfig.logAll:376 - ConsumerConfig values: 
	allow.auto.create.topics = true
	auto.commit.interval.ms = 5000
	auto.offset.reset = latest
	bootstrap.servers = [192.168.52.100:9092]
	check.crcs = true
	client.dns.lookup = use_all_dns_ips
	client.id = consumer-wallet-post-3
	client.rack = 
	connections.max.idle.ms = 540000
	default.api.timeout.ms = 60000
	enable.auto.commit = false
	exclude.internal.topics = true
	fetch.max.bytes = 52428800
	fetch.max.wait.ms = 500
	fetch.min.bytes = 1
	group.id = wallet-post
	group.instance.id = null
	heartbeat.interval.ms = 3000
	interceptor.classes = []
	internal.leave.group.on.close = true
	internal.throw.on.fetch.stable.offset.unsupported = false
	isolation.level = read_uncommitted
	key.deserializer = class org.apache.kafka.common.serialization.StringDeserializer
	max.partition.fetch.bytes = 1048576
	max.poll.interval.ms = 300000
	max.poll.records = 500
	metadata.max.age.ms = 300000
	metric.reporters = []
	metrics.num.samples = 2
	metrics.recording.level = INFO
	metrics.sample.window.ms = 30000
	partition.assignment.strategy = [class org.apache.kafka.clients.consumer.RangeAssignor, class org.apache.kafka.clients.consumer.CooperativeStickyAssignor]
	receive.buffer.bytes = 65536
	reconnect.backoff.max.ms = 1000
	reconnect.backoff.ms = 50
	request.timeout.ms = 30000
	retry.backoff.ms = 100
	sasl.client.callback.handler.class = null
	sasl.jaas.config = null
	sasl.kerberos.kinit.cmd = /usr/bin/kinit
	sasl.kerberos.min.time.before.relogin = 60000
	sasl.kerberos.service.name = null
	sasl.kerberos.ticket.renew.jitter = 0.05
	sasl.kerberos.ticket.renew.window.factor = 0.8
	sasl.login.callback.handler.class = null
	sasl.login.class = null
	sasl.login.connect.timeout.ms = null
	sasl.login.read.timeout.ms = null
	sasl.login.refresh.buffer.seconds = 300
	sasl.login.refresh.min.period.seconds = 60
	sasl.login.refresh.window.factor = 0.8
	sasl.login.refresh.window.jitter = 0.05
	sasl.login.retry.backoff.max.ms = 10000
	sasl.login.retry.backoff.ms = 100
	sasl.mechanism = GSSAPI
	sasl.oauthbearer.clock.skew.seconds = 30
	sasl.oauthbearer.expected.audience = null
	sasl.oauthbearer.expected.issuer = null
	sasl.oauthbearer.jwks.endpoint.refresh.ms = 3600000
	sasl.oauthbearer.jwks.endpoint.retry.backoff.max.ms = 10000
	sasl.oauthbearer.jwks.endpoint.retry.backoff.ms = 100
	sasl.oauthbearer.jwks.endpoint.url = null
	sasl.oauthbearer.scope.claim.name = scope
	sasl.oauthbearer.sub.claim.name = sub
	sasl.oauthbearer.token.endpoint.url = null
	security.protocol = PLAINTEXT
	security.providers = null
	send.buffer.bytes = 131072
	session.timeout.ms = 45000
	socket.connection.setup.timeout.max.ms = 30000
	socket.connection.setup.timeout.ms = 10000
	ssl.cipher.suites = null
	ssl.enabled.protocols = [TLSv1.2, TLSv1.3]
	ssl.endpoint.identification.algorithm = https
	ssl.engine.factory.class = null
	ssl.key.password = null
	ssl.keymanager.algorithm = SunX509
	ssl.keystore.certificate.chain = null
	ssl.keystore.key = null
	ssl.keystore.location = null
	ssl.keystore.password = null
	ssl.keystore.type = JKS
	ssl.protocol = TLSv1.3
	ssl.provider = null
	ssl.secure.random.implementation = null
	ssl.trustmanager.algorithm = PKIX
	ssl.truststore.certificates = null
	ssl.truststore.location = null
	ssl.truststore.password = null
	ssl.truststore.type = JKS
	value.deserializer = class org.apache.kafka.common.serialization.ByteArrayDeserializer

21:14:13.182 [main] [INFO ] o.a.kafka.common.utils.AppInfoParser.<init>:119 - Kafka version: 3.1.2
21:14:13.182 [main] [INFO ] o.a.kafka.common.utils.AppInfoParser.<init>:120 - Kafka commitId: f8c67dc3ae0a3265
21:14:13.182 [main] [INFO ] o.a.kafka.common.utils.AppInfoParser.<init>:121 - Kafka startTimeMs: 1772630053182
21:14:13.192 [main] [INFO ] o.a.k.clients.consumer.KafkaConsumer.subscribe:966 - [Consumer clientId=consumer-wallet-post-3, groupId=wallet-post] Subscribed to topic(s): wallet.ledger.command.posting
21:14:13.286 [main] [INFO ] n.d.b.g.s.s.AbstractGrpcServerFactory.configureServices:108 - Registered gRPC service: ledger.AccountService, bean: accountServiceImpl, class: com.exchange.app.ledger.service.AccountServiceImpl
21:14:13.286 [main] [INFO ] n.d.b.g.s.s.AbstractGrpcServerFactory.configureServices:108 - Registered gRPC service: ledger.PostService, bean: postServiceImpl, class: com.exchange.app.ledger.service.PostServiceImpl
21:14:13.286 [main] [INFO ] n.d.b.g.s.s.AbstractGrpcServerFactory.configureServices:108 - Registered gRPC service: grpc.health.v1.Health, bean: grpcHealthService, class: io.grpc.protobuf.services.HealthServiceImpl
21:14:13.286 [main] [INFO ] n.d.b.g.s.s.AbstractGrpcServerFactory.configureServices:108 - Registered gRPC service: grpc.reflection.v1alpha.ServerReflection, bean: protoReflectionService, class: io.grpc.protobuf.services.ProtoReflectionService
21:14:13.497 [org.springframework.kafka.KafkaListenerEndpointContainer#0-1-C-1] [INFO ] org.apache.kafka.clients.Metadata.updateLatestMetadata:402 - [Consumer clientId=consumer-wallet-post-2, groupId=wallet-post] Resetting the last seen epoch of partition wallet.ledger.command.posting-0 to 0 since the associated topicId changed from null to 6CMdvSfjT4i9qNvLK0rz0g
21:14:13.497 [org.springframework.kafka.KafkaListenerEndpointContainer#0-2-C-1] [INFO ] org.apache.kafka.clients.Metadata.updateLatestMetadata:402 - [Consumer clientId=consumer-wallet-post-3, groupId=wallet-post] Resetting the last seen epoch of partition wallet.ledger.command.posting-0 to 0 since the associated topicId changed from null to 6CMdvSfjT4i9qNvLK0rz0g
21:14:13.497 [org.springframework.kafka.KafkaListenerEndpointContainer#0-0-C-1] [INFO ] org.apache.kafka.clients.Metadata.updateLatestMetadata:402 - [Consumer clientId=consumer-wallet-post-1, groupId=wallet-post] Resetting the last seen epoch of partition wallet.ledger.command.posting-0 to 0 since the associated topicId changed from null to 6CMdvSfjT4i9qNvLK0rz0g
21:14:13.504 [org.springframework.kafka.KafkaListenerEndpointContainer#0-1-C-1] [INFO ] org.apache.kafka.clients.Metadata.update:287 - [Consumer clientId=consumer-wallet-post-2, groupId=wallet-post] Cluster ID: xhieLtErTGiHtNba1-gbcg
21:14:13.504 [org.springframework.kafka.KafkaListenerEndpointContainer#0-0-C-1] [INFO ] org.apache.kafka.clients.Metadata.update:287 - [Consumer clientId=consumer-wallet-post-1, groupId=wallet-post] Cluster ID: xhieLtErTGiHtNba1-gbcg
21:14:13.504 [org.springframework.kafka.KafkaListenerEndpointContainer#0-2-C-1] [INFO ] org.apache.kafka.clients.Metadata.update:287 - [Consumer clientId=consumer-wallet-post-3, groupId=wallet-post] Cluster ID: xhieLtErTGiHtNba1-gbcg
21:14:13.504 [org.springframework.kafka.KafkaListenerEndpointContainer#0-1-C-1] [INFO ] o.a.k.c.c.i.ConsumerCoordinator.onSuccess:853 - [Consumer clientId=consumer-wallet-post-2, groupId=wallet-post] Discovered group coordinator 192.168.52.100:9092 (id: 2147483647 rack: null)
21:14:13.504 [org.springframework.kafka.KafkaListenerEndpointContainer#0-0-C-1] [INFO ] o.a.k.c.c.i.ConsumerCoordinator.onSuccess:853 - [Consumer clientId=consumer-wallet-post-1, groupId=wallet-post] Discovered group coordinator 192.168.52.100:9092 (id: 2147483647 rack: null)
21:14:13.504 [org.springframework.kafka.KafkaListenerEndpointContainer#0-2-C-1] [INFO ] o.a.k.c.c.i.ConsumerCoordinator.onSuccess:853 - [Consumer clientId=consumer-wallet-post-3, groupId=wallet-post] Discovered group coordinator 192.168.52.100:9092 (id: 2147483647 rack: null)
21:14:13.504 [org.springframework.kafka.KafkaListenerEndpointContainer#0-2-C-1] [INFO ] o.a.k.c.c.i.ConsumerCoordinator.sendJoinGroupRequest:535 - [Consumer clientId=consumer-wallet-post-3, groupId=wallet-post] (Re-)joining group
21:14:13.504 [org.springframework.kafka.KafkaListenerEndpointContainer#0-0-C-1] [INFO ] o.a.k.c.c.i.ConsumerCoordinator.sendJoinGroupRequest:535 - [Consumer clientId=consumer-wallet-post-1, groupId=wallet-post] (Re-)joining group
21:14:13.504 [org.springframework.kafka.KafkaListenerEndpointContainer#0-1-C-1] [INFO ] o.a.k.c.c.i.ConsumerCoordinator.sendJoinGroupRequest:535 - [Consumer clientId=consumer-wallet-post-2, groupId=wallet-post] (Re-)joining group
21:14:13.523 [org.springframework.kafka.KafkaListenerEndpointContainer#0-0-C-1] [INFO ] o.a.k.c.c.i.ConsumerCoordinator.requestRejoin:1000 - [Consumer clientId=consumer-wallet-post-1, groupId=wallet-post] Request joining group due to: need to re-join with the given member-id
21:14:13.524 [org.springframework.kafka.KafkaListenerEndpointContainer#0-2-C-1] [INFO ] o.a.k.c.c.i.ConsumerCoordinator.requestRejoin:1000 - [Consumer clientId=consumer-wallet-post-3, groupId=wallet-post] Request joining group due to: need to re-join with the given member-id
21:14:13.524 [org.springframework.kafka.KafkaListenerEndpointContainer#0-0-C-1] [INFO ] o.a.k.c.c.i.ConsumerCoordinator.sendJoinGroupRequest:535 - [Consumer clientId=consumer-wallet-post-1, groupId=wallet-post] (Re-)joining group
21:14:13.524 [org.springframework.kafka.KafkaListenerEndpointContainer#0-1-C-1] [INFO ] o.a.k.c.c.i.ConsumerCoordinator.requestRejoin:1000 - [Consumer clientId=consumer-wallet-post-2, groupId=wallet-post] Request joining group due to: need to re-join with the given member-id
21:14:13.524 [org.springframework.kafka.KafkaListenerEndpointContainer#0-1-C-1] [INFO ] o.a.k.c.c.i.ConsumerCoordinator.sendJoinGroupRequest:535 - [Consumer clientId=consumer-wallet-post-2, groupId=wallet-post] (Re-)joining group
21:14:13.524 [org.springframework.kafka.KafkaListenerEndpointContainer#0-2-C-1] [INFO ] o.a.k.c.c.i.ConsumerCoordinator.sendJoinGroupRequest:535 - [Consumer clientId=consumer-wallet-post-3, groupId=wallet-post] (Re-)joining group
21:14:13.524 [org.springframework.kafka.KafkaListenerEndpointContainer#0-0-C-1] [INFO ] o.a.k.c.c.i.ConsumerCoordinator.handle:595 - [Consumer clientId=consumer-wallet-post-1, groupId=wallet-post] Successfully joined group with generation Generation{generationId=51, memberId='consumer-wallet-post-1-8f09dc32-e6d9-4840-baf9-9d4ae8a58856', protocol='range'}
21:14:13.524 [org.springframework.kafka.KafkaListenerEndpointContainer#0-0-C-1] [INFO ] o.a.k.c.c.i.ConsumerCoordinator.performAssignment:659 - [Consumer clientId=consumer-wallet-post-1, groupId=wallet-post] Finished assignment for group at generation 51: {consumer-wallet-post-1-8f09dc32-e6d9-4840-baf9-9d4ae8a58856=Assignment(partitions=[wallet.ledger.command.posting-0])}
21:14:13.534 [org.springframework.kafka.KafkaListenerEndpointContainer#0-0-C-1] [INFO ] o.a.k.c.c.i.ConsumerCoordinator.handle:784 - [Consumer clientId=consumer-wallet-post-1, groupId=wallet-post] SyncGroup failed: The group began another rebalance. Need to re-join the group. Sent generation was Generation{generationId=51, memberId='consumer-wallet-post-1-8f09dc32-e6d9-4840-baf9-9d4ae8a58856', protocol='range'}
21:14:13.534 [org.springframework.kafka.KafkaListenerEndpointContainer#0-0-C-1] [INFO ] o.a.k.c.c.i.ConsumerCoordinator.sendJoinGroupRequest:535 - [Consumer clientId=consumer-wallet-post-1, groupId=wallet-post] (Re-)joining group
21:14:13.534 [org.springframework.kafka.KafkaListenerEndpointContainer#0-2-C-1] [INFO ] o.a.k.c.c.i.ConsumerCoordinator.handle:595 - [Consumer clientId=consumer-wallet-post-3, groupId=wallet-post] Successfully joined group with generation Generation{generationId=52, memberId='consumer-wallet-post-3-8b959cae-6f83-4b5d-8461-9c9b3f22d80c', protocol='range'}
21:14:13.534 [org.springframework.kafka.KafkaListenerEndpointContainer#0-1-C-1] [INFO ] o.a.k.c.c.i.ConsumerCoordinator.handle:595 - [Consumer clientId=consumer-wallet-post-2, groupId=wallet-post] Successfully joined group with generation Generation{generationId=52, memberId='consumer-wallet-post-2-03d132e6-7b25-4054-852f-737a9d7462a8', protocol='range'}
21:14:13.534 [org.springframework.kafka.KafkaListenerEndpointContainer#0-0-C-1] [INFO ] o.a.k.c.c.i.ConsumerCoordinator.handle:595 - [Consumer clientId=consumer-wallet-post-1, groupId=wallet-post] Successfully joined group with generation Generation{generationId=52, memberId='consumer-wallet-post-1-8f09dc32-e6d9-4840-baf9-9d4ae8a58856', protocol='range'}
21:14:13.534 [org.springframework.kafka.KafkaListenerEndpointContainer#0-0-C-1] [INFO ] o.a.k.c.c.i.ConsumerCoordinator.performAssignment:659 - [Consumer clientId=consumer-wallet-post-1, groupId=wallet-post] Finished assignment for group at generation 52: {consumer-wallet-post-1-8f09dc32-e6d9-4840-baf9-9d4ae8a58856=Assignment(partitions=[wallet.ledger.command.posting-0]), consumer-wallet-post-3-8b959cae-6f83-4b5d-8461-9c9b3f22d80c=Assignment(partitions=[]), consumer-wallet-post-2-03d132e6-7b25-4054-852f-737a9d7462a8=Assignment(partitions=[])}
21:14:13.544 [org.springframework.kafka.KafkaListenerEndpointContainer#0-1-C-1] [INFO ] o.a.k.c.c.i.ConsumerCoordinator.handle:761 - [Consumer clientId=consumer-wallet-post-2, groupId=wallet-post] Successfully synced group in generation Generation{generationId=52, memberId='consumer-wallet-post-2-03d132e6-7b25-4054-852f-737a9d7462a8', protocol='range'}
21:14:13.544 [org.springframework.kafka.KafkaListenerEndpointContainer#0-2-C-1] [INFO ] o.a.k.c.c.i.ConsumerCoordinator.handle:761 - [Consumer clientId=consumer-wallet-post-3, groupId=wallet-post] Successfully synced group in generation Generation{generationId=52, memberId='consumer-wallet-post-3-8b959cae-6f83-4b5d-8461-9c9b3f22d80c', protocol='range'}
21:14:13.544 [org.springframework.kafka.KafkaListenerEndpointContainer#0-1-C-1] [INFO ] o.a.k.c.c.i.ConsumerCoordinator.invokeOnAssignment:280 - [Consumer clientId=consumer-wallet-post-2, groupId=wallet-post] Notifying assignor about the new Assignment(partitions=[])
21:14:13.544 [org.springframework.kafka.KafkaListenerEndpointContainer#0-0-C-1] [INFO ] o.a.k.c.c.i.ConsumerCoordinator.handle:761 - [Consumer clientId=consumer-wallet-post-1, groupId=wallet-post] Successfully synced group in generation Generation{generationId=52, memberId='consumer-wallet-post-1-8f09dc32-e6d9-4840-baf9-9d4ae8a58856', protocol='range'}
21:14:13.544 [org.springframework.kafka.KafkaListenerEndpointContainer#0-1-C-1] [INFO ] o.a.k.c.c.i.ConsumerCoordinator.invokePartitionsAssigned:292 - [Consumer clientId=consumer-wallet-post-2, groupId=wallet-post] Adding newly assigned partitions: 
21:14:13.544 [org.springframework.kafka.KafkaListenerEndpointContainer#0-2-C-1] [INFO ] o.a.k.c.c.i.ConsumerCoordinator.invokeOnAssignment:280 - [Consumer clientId=consumer-wallet-post-3, groupId=wallet-post] Notifying assignor about the new Assignment(partitions=[])
21:14:13.544 [org.springframework.kafka.KafkaListenerEndpointContainer#0-0-C-1] [INFO ] o.a.k.c.c.i.ConsumerCoordinator.invokeOnAssignment:280 - [Consumer clientId=consumer-wallet-post-1, groupId=wallet-post] Notifying assignor about the new Assignment(partitions=[wallet.ledger.command.posting-0])
21:14:13.544 [org.springframework.kafka.KafkaListenerEndpointContainer#0-2-C-1] [INFO ] o.a.k.c.c.i.ConsumerCoordinator.invokePartitionsAssigned:292 - [Consumer clientId=consumer-wallet-post-3, groupId=wallet-post] Adding newly assigned partitions: 
21:14:13.544 [org.springframework.kafka.KafkaListenerEndpointContainer#0-1-C-1] [INFO ] o.s.k.l.KafkaMessageListenerContainer.info:292 - wallet-post: partitions assigned: []
21:14:13.544 [org.springframework.kafka.KafkaListenerEndpointContainer#0-2-C-1] [INFO ] o.s.k.l.KafkaMessageListenerContainer.info:292 - wallet-post: partitions assigned: []
21:14:13.548 [org.springframework.kafka.KafkaListenerEndpointContainer#0-0-C-1] [INFO ] o.a.k.c.c.i.ConsumerCoordinator.invokePartitionsAssigned:292 - [Consumer clientId=consumer-wallet-post-1, groupId=wallet-post] Adding newly assigned partitions: wallet.ledger.command.posting-0
21:14:13.557 [org.springframework.kafka.KafkaListenerEndpointContainer#0-0-C-1] [INFO ] o.a.k.c.c.i.ConsumerCoordinator.refreshCommittedOffsetsIfNeeded:851 - [Consumer clientId=consumer-wallet-post-1, groupId=wallet-post] Setting offset for partition wallet.ledger.command.posting-0 to the committed offset FetchPosition{offset=64, offsetEpoch=Optional.empty, currentLeader=LeaderAndEpoch{leader=Optional[192.168.52.100:9092 (id: 0 rack: null)], epoch=0}}
21:14:13.559 [org.springframework.kafka.KafkaListenerEndpointContainer#0-0-C-1] [INFO ] o.s.k.l.KafkaMessageListenerContainer.info:292 - wallet-post: partitions assigned: [wallet.ledger.command.posting-0]
21:14:13.787 [main] [INFO ] n.d.b.g.s.s.GrpcServerLifecycle.createAndStartGrpcServer:116 - gRPC Server started, listening on address: *, port: 9091
21:14:13.803 [main] [INFO ] c.e.a.l.p.PostLedgerProcessorTest.logStarted:61 - Started PostLedgerProcessorTest in 7.124 seconds (JVM running for 7.888)
21:14:14.269 [main] [ERROR] c.e.a.l.p.post.PostLedgerProcessor.idempClaimAndReqValidate:118 - another same request in processing, request:referenceId: "txn-a-9"
description: "description"
entries {
  accountRef: "5367025801-1"
  direction: LedgerDirection_Debit
  amount: 100
  assetId: "asset-1"
}
entries {
  accountRef: "5367025801-1"
  direction: LedgerDirection_Credit
  amount: 100
  assetId: "asset-1"
}
, idempValue:IdempValue(status=PENDING, hash=-1689251266180315466, token=falsef, content=null)
21:14:59.369 [scheduling-1] [INFO ] c.e.a.l.c.outbox.OutboxDispatcher.dispatch:18 - outbox dispatch start
21:14:59.369 [kafka-coordinator-heartbeat-thread | wallet-post] [INFO ] o.a.k.c.c.i.ConsumerCoordinator.markCoordinatorUnknown:916 - [Consumer clientId=consumer-wallet-post-2, groupId=wallet-post] Group coordinator 192.168.52.100:9092 (id: 2147483647 rack: null) is unavailable or invalid due to cause: session timed out without receiving a heartbeat response.isDisconnected: false. Rediscovery will be attempted.
21:14:59.369 [kafka-coordinator-heartbeat-thread | wallet-post] [INFO ] o.a.k.c.c.i.ConsumerCoordinator.markCoordinatorUnknown:929 - [Consumer clientId=consumer-wallet-post-2, groupId=wallet-post] Requesting disconnect from last known coordinator 192.168.52.100:9092 (id: 2147483647 rack: null)
21:14:59.369 [kafka-coordinator-heartbeat-thread | wallet-post] [INFO ] o.a.k.c.c.i.ConsumerCoordinator.markCoordinatorUnknown:916 - [Consumer clientId=consumer-wallet-post-1, groupId=wallet-post] Group coordinator 192.168.52.100:9092 (id: 2147483647 rack: null) is unavailable or invalid due to cause: session timed out without receiving a heartbeat response.isDisconnected: false. Rediscovery will be attempted.
21:14:59.376 [kafka-coordinator-heartbeat-thread | wallet-post] [INFO ] o.a.k.c.c.i.ConsumerCoordinator.markCoordinatorUnknown:916 - [Consumer clientId=consumer-wallet-post-3, groupId=wallet-post] Group coordinator 192.168.52.100:9092 (id: 2147483647 rack: null) is unavailable or invalid due to cause: session timed out without receiving a heartbeat response.isDisconnected: false. Rediscovery will be attempted.
21:14:59.376 [kafka-coordinator-heartbeat-thread | wallet-post] [INFO ] o.a.k.c.c.i.ConsumerCoordinator.markCoordinatorUnknown:929 - [Consumer clientId=consumer-wallet-post-3, groupId=wallet-post] Requesting disconnect from last known coordinator 192.168.52.100:9092 (id: 2147483647 rack: null)
21:14:59.376 [kafka-coordinator-heartbeat-thread | wallet-post] [INFO ] o.a.k.c.c.i.ConsumerCoordinator.markCoordinatorUnknown:929 - [Consumer clientId=consumer-wallet-post-1, groupId=wallet-post] Requesting disconnect from last known coordinator 192.168.52.100:9092 (id: 2147483647 rack: null)
21:14:59.376 [kafka-coordinator-heartbeat-thread | wallet-post] [INFO ] o.apache.kafka.clients.NetworkClient.disconnect:324 - [Consumer clientId=consumer-wallet-post-3, groupId=wallet-post] Client requested disconnect from node 2147483647
21:14:59.376 [kafka-coordinator-heartbeat-thread | wallet-post] [INFO ] o.apache.kafka.clients.NetworkClient.disconnect:324 - [Consumer clientId=consumer-wallet-post-2, groupId=wallet-post] Client requested disconnect from node 2147483647
21:14:59.378 [kafka-coordinator-heartbeat-thread | wallet-post] [INFO ] o.apache.kafka.clients.NetworkClient.disconnect:324 - [Consumer clientId=consumer-wallet-post-1, groupId=wallet-post] Client requested disconnect from node 2147483647
21:14:59.389 [org.springframework.kafka.KafkaListenerEndpointContainer#0-0-C-1] [INFO ] o.a.k.c.c.i.ConsumerCoordinator.onSuccess:853 - [Consumer clientId=consumer-wallet-post-1, groupId=wallet-post] Discovered group coordinator 192.168.52.100:9092 (id: 2147483647 rack: null)
21:14:59.389 [scheduling-1] [INFO ] com.zaxxer.hikari.HikariDataSource.getConnection:110 - HikariPool-1 - Starting...
21:14:59.389 [org.springframework.kafka.KafkaListenerEndpointContainer#0-0-C-1] [INFO ] o.a.k.c.c.i.ConsumerCoordinator.markCoordinatorUnknown:916 - [Consumer clientId=consumer-wallet-post-1, groupId=wallet-post] Group coordinator 192.168.52.100:9092 (id: 2147483647 rack: null) is unavailable or invalid due to cause: coordinator unavailable.isDisconnected: true. Rediscovery will be attempted.
21:14:59.399 [org.springframework.kafka.KafkaListenerEndpointContainer#0-0-C-1] [INFO ] o.a.k.c.c.i.ConsumerCoordinator.onSuccess:853 - [Consumer clientId=consumer-wallet-post-1, groupId=wallet-post] Discovered group coordinator 192.168.52.100:9092 (id: 2147483647 rack: null)
21:14:59.399 [org.springframework.kafka.KafkaListenerEndpointContainer#0-0-C-1] [INFO ] o.a.k.c.c.i.ConsumerCoordinator.markCoordinatorUnknown:916 - [Consumer clientId=consumer-wallet-post-1, groupId=wallet-post] Group coordinator 192.168.52.100:9092 (id: 2147483647 rack: null) is unavailable or invalid due to cause: coordinator unavailable.isDisconnected: false. Rediscovery will be attempted.
21:14:59.401 [org.springframework.kafka.KafkaListenerEndpointContainer#0-0-C-1] [INFO ] o.a.k.c.c.i.ConsumerCoordinator.markCoordinatorUnknown:929 - [Consumer clientId=consumer-wallet-post-1, groupId=wallet-post] Requesting disconnect from last known coordinator 192.168.52.100:9092 (id: 2147483647 rack: null)
21:14:59.401 [org.springframework.kafka.KafkaListenerEndpointContainer#0-1-C-1] [INFO ] o.a.k.c.c.i.ConsumerCoordinator.onSuccess:853 - [Consumer clientId=consumer-wallet-post-2, groupId=wallet-post] Discovered group coordinator 192.168.52.100:9092 (id: 2147483647 rack: null)
21:14:59.401 [org.springframework.kafka.KafkaListenerEndpointContainer#0-2-C-1] [INFO ] o.a.k.c.c.i.ConsumerCoordinator.onSuccess:853 - [Consumer clientId=consumer-wallet-post-3, groupId=wallet-post] Discovered group coordinator 192.168.52.100:9092 (id: 2147483647 rack: null)
21:14:59.401 [org.springframework.kafka.KafkaListenerEndpointContainer#0-1-C-1] [INFO ] o.a.k.c.c.i.ConsumerCoordinator.onSuccess:853 - [Consumer clientId=consumer-wallet-post-2, groupId=wallet-post] Discovered group coordinator 192.168.52.100:9092 (id: 2147483647 rack: null)
21:14:59.401 [org.springframework.kafka.KafkaListenerEndpointContainer#0-1-C-1] [INFO ] o.a.k.c.c.i.ConsumerCoordinator.markCoordinatorUnknown:916 - [Consumer clientId=consumer-wallet-post-2, groupId=wallet-post] Group coordinator 192.168.52.100:9092 (id: 2147483647 rack: null) is unavailable or invalid due to cause: coordinator unavailable.isDisconnected: false. Rediscovery will be attempted.
21:14:59.401 [org.springframework.kafka.KafkaListenerEndpointContainer#0-1-C-1] [INFO ] o.a.k.c.c.i.ConsumerCoordinator.markCoordinatorUnknown:929 - [Consumer clientId=consumer-wallet-post-2, groupId=wallet-post] Requesting disconnect from last known coordinator 192.168.52.100:9092 (id: 2147483647 rack: null)
21:14:59.401 [org.springframework.kafka.KafkaListenerEndpointContainer#0-2-C-1] [INFO ] o.a.k.c.c.i.ConsumerCoordinator.onSuccess:853 - [Consumer clientId=consumer-wallet-post-3, groupId=wallet-post] Discovered group coordinator 192.168.52.100:9092 (id: 2147483647 rack: null)
21:14:59.401 [org.springframework.kafka.KafkaListenerEndpointContainer#0-2-C-1] [INFO ] o.a.k.c.c.i.ConsumerCoordinator.markCoordinatorUnknown:916 - [Consumer clientId=consumer-wallet-post-3, groupId=wallet-post] Group coordinator 192.168.52.100:9092 (id: 2147483647 rack: null) is unavailable or invalid due to cause: coordinator unavailable.isDisconnected: false. Rediscovery will be attempted.
21:14:59.401 [org.springframework.kafka.KafkaListenerEndpointContainer#0-2-C-1] [INFO ] o.a.k.c.c.i.ConsumerCoordinator.markCoordinatorUnknown:929 - [Consumer clientId=consumer-wallet-post-3, groupId=wallet-post] Requesting disconnect from last known coordinator 192.168.52.100:9092 (id: 2147483647 rack: null)
21:14:59.421 [SpringApplicationShutdownHook] [INFO ] n.d.b.g.s.s.GrpcServerLifecycle.stopAndReleaseGrpcServer:160 - Completed gRPC server shutdown
21:14:59.506 [org.springframework.kafka.KafkaListenerEndpointContainer#0-1-C-1] [INFO ] o.a.k.c.c.i.ConsumerCoordinator.resetStateAndGeneration:972 - [Consumer clientId=consumer-wallet-post-2, groupId=wallet-post] Resetting generation due to: consumer pro-actively leaving the group
21:14:59.506 [org.springframework.kafka.KafkaListenerEndpointContainer#0-0-C-1] [INFO ] o.a.k.c.c.i.ConsumerCoordinator.invokePartitionsRevoked:311 - [Consumer clientId=consumer-wallet-post-1, groupId=wallet-post] Revoke previously assigned partitions wallet.ledger.command.posting-0
21:14:59.506 [org.springframework.kafka.KafkaListenerEndpointContainer#0-2-C-1] [INFO ] o.a.k.c.c.i.ConsumerCoordinator.resetStateAndGeneration:972 - [Consumer clientId=consumer-wallet-post-3, groupId=wallet-post] Resetting generation due to: consumer pro-actively leaving the group
21:14:59.506 [org.springframework.kafka.KafkaListenerEndpointContainer#0-1-C-1] [INFO ] o.a.k.c.c.i.ConsumerCoordinator.requestRejoin:1000 - [Consumer clientId=consumer-wallet-post-2, groupId=wallet-post] Request joining group due to: consumer pro-actively leaving the group
21:14:59.506 [org.springframework.kafka.KafkaListenerEndpointContainer#0-2-C-1] [INFO ] o.a.k.c.c.i.ConsumerCoordinator.requestRejoin:1000 - [Consumer clientId=consumer-wallet-post-3, groupId=wallet-post] Request joining group due to: consumer pro-actively leaving the group
21:14:59.506 [org.springframework.kafka.KafkaListenerEndpointContainer#0-2-C-1] [INFO ] o.a.k.clients.consumer.KafkaConsumer.unsubscribe:1075 - [Consumer clientId=consumer-wallet-post-3, groupId=wallet-post] Unsubscribed all topics or patterns and assigned partitions
21:14:59.506 [org.springframework.kafka.KafkaListenerEndpointContainer#0-1-C-1] [INFO ] o.a.k.clients.consumer.KafkaConsumer.unsubscribe:1075 - [Consumer clientId=consumer-wallet-post-2, groupId=wallet-post] Unsubscribed all topics or patterns and assigned partitions
21:14:59.506 [org.springframework.kafka.KafkaListenerEndpointContainer#0-0-C-1] [INFO ] o.s.k.l.KafkaMessageListenerContainer.info:292 - wallet-post: partitions revoked: [wallet.ledger.command.posting-0]
21:14:59.506 [org.springframework.kafka.KafkaListenerEndpointContainer#0-0-C-1] [INFO ] o.a.k.c.c.i.ConsumerCoordinator.resetStateAndGeneration:972 - [Consumer clientId=consumer-wallet-post-1, groupId=wallet-post] Resetting generation due to: consumer pro-actively leaving the group
21:14:59.506 [org.springframework.kafka.KafkaListenerEndpointContainer#0-0-C-1] [INFO ] o.a.k.c.c.i.ConsumerCoordinator.requestRejoin:1000 - [Consumer clientId=consumer-wallet-post-1, groupId=wallet-post] Request joining group due to: consumer pro-actively leaving the group
21:14:59.506 [org.springframework.kafka.KafkaListenerEndpointContainer#0-0-C-1] [INFO ] o.a.k.clients.consumer.KafkaConsumer.unsubscribe:1075 - [Consumer clientId=consumer-wallet-post-1, groupId=wallet-post] Unsubscribed all topics or patterns and assigned partitions
21:14:59.506 [org.springframework.kafka.KafkaListenerEndpointContainer#0-0-C-1] [INFO ] o.a.k.c.c.i.ConsumerCoordinator.resetStateAndGeneration:972 - [Consumer clientId=consumer-wallet-post-1, groupId=wallet-post] Resetting generation due to: consumer pro-actively leaving the group
21:14:59.506 [org.springframework.kafka.KafkaListenerEndpointContainer#0-0-C-1] [INFO ] o.a.k.c.c.i.ConsumerCoordinator.requestRejoin:1000 - [Consumer clientId=consumer-wallet-post-1, groupId=wallet-post] Request joining group due to: consumer pro-actively leaving the group
21:14:59.506 [org.springframework.kafka.KafkaListenerEndpointContainer#0-2-C-1] [INFO ] o.a.k.c.c.i.ConsumerCoordinator.resetStateAndGeneration:972 - [Consumer clientId=consumer-wallet-post-3, groupId=wallet-post] Resetting generation due to: consumer pro-actively leaving the group
21:14:59.506 [org.springframework.kafka.KafkaListenerEndpointContainer#0-2-C-1] [INFO ] o.a.k.c.c.i.ConsumerCoordinator.requestRejoin:1000 - [Consumer clientId=consumer-wallet-post-3, groupId=wallet-post] Request joining group due to: consumer pro-actively leaving the group
21:14:59.506 [org.springframework.kafka.KafkaListenerEndpointContainer#0-1-C-1] [INFO ] o.a.k.c.c.i.ConsumerCoordinator.resetStateAndGeneration:972 - [Consumer clientId=consumer-wallet-post-2, groupId=wallet-post] Resetting generation due to: consumer pro-actively leaving the group
21:14:59.506 [org.springframework.kafka.KafkaListenerEndpointContainer#0-1-C-1] [INFO ] o.a.k.c.c.i.ConsumerCoordinator.requestRejoin:1000 - [Consumer clientId=consumer-wallet-post-2, groupId=wallet-post] Request joining group due to: consumer pro-actively leaving the group
21:14:59.506 [org.springframework.kafka.KafkaListenerEndpointContainer#0-0-C-1] [INFO ] o.a.kafka.common.metrics.Metrics.close:659 - Metrics scheduler closed
21:14:59.522 [org.springframework.kafka.KafkaListenerEndpointContainer#0-0-C-1] [INFO ] o.a.kafka.common.metrics.Metrics.close:663 - Closing reporter org.apache.kafka.common.metrics.JmxReporter
21:14:59.522 [org.springframework.kafka.KafkaListenerEndpointContainer#0-2-C-1] [INFO ] o.a.kafka.common.metrics.Metrics.close:659 - Metrics scheduler closed
21:14:59.522 [org.springframework.kafka.KafkaListenerEndpointContainer#0-1-C-1] [INFO ] o.a.kafka.common.metrics.Metrics.close:659 - Metrics scheduler closed
21:14:59.522 [org.springframework.kafka.KafkaListenerEndpointContainer#0-0-C-1] [INFO ] o.a.kafka.common.metrics.Metrics.close:669 - Metrics reporters closed
21:14:59.522 [org.springframework.kafka.KafkaListenerEndpointContainer#0-2-C-1] [INFO ] o.a.kafka.common.metrics.Metrics.close:663 - Closing reporter org.apache.kafka.common.metrics.JmxReporter
21:14:59.522 [org.springframework.kafka.KafkaListenerEndpointContainer#0-1-C-1] [INFO ] o.a.kafka.common.metrics.Metrics.close:663 - Closing reporter org.apache.kafka.common.metrics.JmxReporter
21:14:59.522 [org.springframework.kafka.KafkaListenerEndpointContainer#0-2-C-1] [INFO ] o.a.kafka.common.metrics.Metrics.close:669 - Metrics reporters closed
21:14:59.522 [org.springframework.kafka.KafkaListenerEndpointContainer#0-1-C-1] [INFO ] o.a.kafka.common.metrics.Metrics.close:669 - Metrics reporters closed
21:14:59.536 [org.springframework.kafka.KafkaListenerEndpointContainer#0-0-C-1] [INFO ] o.a.kafka.common.utils.AppInfoParser.unregisterAppInfo:83 - App info kafka.consumer for consumer-wallet-post-1 unregistered
21:14:59.536 [org.springframework.kafka.KafkaListenerEndpointContainer#0-0-C-1] [INFO ] o.s.k.l.KafkaMessageListenerContainer.info:292 - wallet-post: Consumer stopped
21:14:59.536 [org.springframework.kafka.KafkaListenerEndpointContainer#0-1-C-1] [INFO ] o.a.kafka.common.utils.AppInfoParser.unregisterAppInfo:83 - App info kafka.consumer for consumer-wallet-post-2 unregistered
21:14:59.536 [org.springframework.kafka.KafkaListenerEndpointContainer#0-1-C-1] [INFO ] o.s.k.l.KafkaMessageListenerContainer.info:292 - wallet-post: Consumer stopped
21:14:59.536 [org.springframework.kafka.KafkaListenerEndpointContainer#0-2-C-1] [INFO ] o.a.kafka.common.utils.AppInfoParser.unregisterAppInfo:83 - App info kafka.consumer for consumer-wallet-post-3 unregistered
21:14:59.536 [org.springframework.kafka.KafkaListenerEndpointContainer#0-2-C-1] [INFO ] o.s.k.l.KafkaMessageListenerContainer.info:292 - wallet-post: Consumer stopped
21:14:59.536 [scheduling-1] [INFO ] com.zaxxer.hikari.HikariDataSource.getConnection:123 - HikariPool-1 - Start completed.
21:14:59.579 [SpringApplicationShutdownHook] [INFO ] com.zaxxer.hikari.HikariDataSource.close:350 - HikariPool-1 - Shutdown initiated...
21:14:59.586 [SpringApplicationShutdownHook] [INFO ] com.zaxxer.hikari.HikariDataSource.close:352 - HikariPool-1 - Shutdown completed.
21:15:18.534 [main] [INFO ] c.e.a.l.p.PostLedgerProcessorTest.logStarting:55 - Starting PostLedgerProcessorTest using Java 11.0.29 on Sunsunsun with PID 26384 (started by Sun in D:\TestProgram\Java\JavaEE\z-exchange\ledger-service)
21:15:18.534 [main] [INFO ] c.e.a.l.p.PostLedgerProcessorTest.logStartupProfileInfo:631 - No active profile set, falling back to 1 default profile: "default"
21:15:19.372 [main] [INFO ] o.s.d.r.c.RepositoryConfigurationDelegate.multipleStoresDetected:262 - Multiple Spring Data modules found, entering strict repository configuration mode
21:15:19.376 [main] [INFO ] o.s.d.r.c.RepositoryConfigurationDelegate.registerRepositoriesIn:132 - Bootstrapping Spring Data Redis repositories in DEFAULT mode.
21:15:19.388 [main] [INFO ] o.s.d.r.c.RepositoryConfigurationDelegate.registerRepositoriesIn:201 - Finished Spring Data repository scanning in 10 ms. Found 0 Redis repository interfaces.
21:15:27.377 [main] [INFO ] org.redisson.Version.logVersion:41 - Redisson 3.17.7
21:15:27.909 [redisson-netty-2-5] [INFO ] o.r.c.p.MasterPubSubConnectionPool.lambda$createConnection$1:161 - 1 connections initialized for 192.168.52.100/192.168.52.100:6379
21:15:27.971 [redisson-netty-2-19] [INFO ] o.r.c.pool.MasterConnectionPool.lambda$createConnection$1:161 - 24 connections initialized for 192.168.52.100/192.168.52.100:6379
21:15:34.062 [main] [INFO ] n.d.b.g.s.a.GrpcServerFactoryAutoConfiguration.shadedNettyGrpcServerFactory:74 - Detected grpc-netty-shaded: Creating ShadedNettyGrpcServerFactory
21:15:34.734 [main] [INFO ] o.s.b.a.e.web.EndpointLinksResolver.<init>:58 - Exposing 1 endpoint(s) beneath base path '/actuator'
21:15:34.859 [main] [INFO ] o.a.k.c.consumer.ConsumerConfig.logAll:376 - ConsumerConfig values: 
	allow.auto.create.topics = true
	auto.commit.interval.ms = 5000
	auto.offset.reset = latest
	bootstrap.servers = [192.168.52.100:9092]
	check.crcs = true
	client.dns.lookup = use_all_dns_ips
	client.id = consumer-wallet-post-1
	client.rack = 
	connections.max.idle.ms = 540000
	default.api.timeout.ms = 60000
	enable.auto.commit = false
	exclude.internal.topics = true
	fetch.max.bytes = 52428800
	fetch.max.wait.ms = 500
	fetch.min.bytes = 1
	group.id = wallet-post
	group.instance.id = null
	heartbeat.interval.ms = 3000
	interceptor.classes = []
	internal.leave.group.on.close = true
	internal.throw.on.fetch.stable.offset.unsupported = false
	isolation.level = read_uncommitted
	key.deserializer = class org.apache.kafka.common.serialization.StringDeserializer
	max.partition.fetch.bytes = 1048576
	max.poll.interval.ms = 300000
	max.poll.records = 500
	metadata.max.age.ms = 300000
	metric.reporters = []
	metrics.num.samples = 2
	metrics.recording.level = INFO
	metrics.sample.window.ms = 30000
	partition.assignment.strategy = [class org.apache.kafka.clients.consumer.RangeAssignor, class org.apache.kafka.clients.consumer.CooperativeStickyAssignor]
	receive.buffer.bytes = 65536
	reconnect.backoff.max.ms = 1000
	reconnect.backoff.ms = 50
	request.timeout.ms = 30000
	retry.backoff.ms = 100
	sasl.client.callback.handler.class = null
	sasl.jaas.config = null
	sasl.kerberos.kinit.cmd = /usr/bin/kinit
	sasl.kerberos.min.time.before.relogin = 60000
	sasl.kerberos.service.name = null
	sasl.kerberos.ticket.renew.jitter = 0.05
	sasl.kerberos.ticket.renew.window.factor = 0.8
	sasl.login.callback.handler.class = null
	sasl.login.class = null
	sasl.login.connect.timeout.ms = null
	sasl.login.read.timeout.ms = null
	sasl.login.refresh.buffer.seconds = 300
	sasl.login.refresh.min.period.seconds = 60
	sasl.login.refresh.window.factor = 0.8
	sasl.login.refresh.window.jitter = 0.05
	sasl.login.retry.backoff.max.ms = 10000
	sasl.login.retry.backoff.ms = 100
	sasl.mechanism = GSSAPI
	sasl.oauthbearer.clock.skew.seconds = 30
	sasl.oauthbearer.expected.audience = null
	sasl.oauthbearer.expected.issuer = null
	sasl.oauthbearer.jwks.endpoint.refresh.ms = 3600000
	sasl.oauthbearer.jwks.endpoint.retry.backoff.max.ms = 10000
	sasl.oauthbearer.jwks.endpoint.retry.backoff.ms = 100
	sasl.oauthbearer.jwks.endpoint.url = null
	sasl.oauthbearer.scope.claim.name = scope
	sasl.oauthbearer.sub.claim.name = sub
	sasl.oauthbearer.token.endpoint.url = null
	security.protocol = PLAINTEXT
	security.providers = null
	send.buffer.bytes = 131072
	session.timeout.ms = 45000
	socket.connection.setup.timeout.max.ms = 30000
	socket.connection.setup.timeout.ms = 10000
	ssl.cipher.suites = null
	ssl.enabled.protocols = [TLSv1.2, TLSv1.3]
	ssl.endpoint.identification.algorithm = https
	ssl.engine.factory.class = null
	ssl.key.password = null
	ssl.keymanager.algorithm = SunX509
	ssl.keystore.certificate.chain = null
	ssl.keystore.key = null
	ssl.keystore.location = null
	ssl.keystore.password = null
	ssl.keystore.type = JKS
	ssl.protocol = TLSv1.3
	ssl.provider = null
	ssl.secure.random.implementation = null
	ssl.trustmanager.algorithm = PKIX
	ssl.truststore.certificates = null
	ssl.truststore.location = null
	ssl.truststore.password = null
	ssl.truststore.type = JKS
	value.deserializer = class org.apache.kafka.common.serialization.ByteArrayDeserializer

21:15:35.003 [main] [INFO ] o.a.kafka.common.utils.AppInfoParser.<init>:119 - Kafka version: 3.1.2
21:15:35.003 [main] [INFO ] o.a.kafka.common.utils.AppInfoParser.<init>:120 - Kafka commitId: f8c67dc3ae0a3265
21:15:35.003 [main] [INFO ] o.a.kafka.common.utils.AppInfoParser.<init>:121 - Kafka startTimeMs: 1772630135003
21:15:35.035 [main] [INFO ] o.a.k.clients.consumer.KafkaConsumer.subscribe:966 - [Consumer clientId=consumer-wallet-post-1, groupId=wallet-post] Subscribed to topic(s): wallet.ledger.command.posting
21:15:35.046 [main] [INFO ] o.a.k.c.consumer.ConsumerConfig.logAll:376 - ConsumerConfig values: 
	allow.auto.create.topics = true
	auto.commit.interval.ms = 5000
	auto.offset.reset = latest
	bootstrap.servers = [192.168.52.100:9092]
	check.crcs = true
	client.dns.lookup = use_all_dns_ips
	client.id = consumer-wallet-post-2
	client.rack = 
	connections.max.idle.ms = 540000
	default.api.timeout.ms = 60000
	enable.auto.commit = false
	exclude.internal.topics = true
	fetch.max.bytes = 52428800
	fetch.max.wait.ms = 500
	fetch.min.bytes = 1
	group.id = wallet-post
	group.instance.id = null
	heartbeat.interval.ms = 3000
	interceptor.classes = []
	internal.leave.group.on.close = true
	internal.throw.on.fetch.stable.offset.unsupported = false
	isolation.level = read_uncommitted
	key.deserializer = class org.apache.kafka.common.serialization.StringDeserializer
	max.partition.fetch.bytes = 1048576
	max.poll.interval.ms = 300000
	max.poll.records = 500
	metadata.max.age.ms = 300000
	metric.reporters = []
	metrics.num.samples = 2
	metrics.recording.level = INFO
	metrics.sample.window.ms = 30000
	partition.assignment.strategy = [class org.apache.kafka.clients.consumer.RangeAssignor, class org.apache.kafka.clients.consumer.CooperativeStickyAssignor]
	receive.buffer.bytes = 65536
	reconnect.backoff.max.ms = 1000
	reconnect.backoff.ms = 50
	request.timeout.ms = 30000
	retry.backoff.ms = 100
	sasl.client.callback.handler.class = null
	sasl.jaas.config = null
	sasl.kerberos.kinit.cmd = /usr/bin/kinit
	sasl.kerberos.min.time.before.relogin = 60000
	sasl.kerberos.service.name = null
	sasl.kerberos.ticket.renew.jitter = 0.05
	sasl.kerberos.ticket.renew.window.factor = 0.8
	sasl.login.callback.handler.class = null
	sasl.login.class = null
	sasl.login.connect.timeout.ms = null
	sasl.login.read.timeout.ms = null
	sasl.login.refresh.buffer.seconds = 300
	sasl.login.refresh.min.period.seconds = 60
	sasl.login.refresh.window.factor = 0.8
	sasl.login.refresh.window.jitter = 0.05
	sasl.login.retry.backoff.max.ms = 10000
	sasl.login.retry.backoff.ms = 100
	sasl.mechanism = GSSAPI
	sasl.oauthbearer.clock.skew.seconds = 30
	sasl.oauthbearer.expected.audience = null
	sasl.oauthbearer.expected.issuer = null
	sasl.oauthbearer.jwks.endpoint.refresh.ms = 3600000
	sasl.oauthbearer.jwks.endpoint.retry.backoff.max.ms = 10000
	sasl.oauthbearer.jwks.endpoint.retry.backoff.ms = 100
	sasl.oauthbearer.jwks.endpoint.url = null
	sasl.oauthbearer.scope.claim.name = scope
	sasl.oauthbearer.sub.claim.name = sub
	sasl.oauthbearer.token.endpoint.url = null
	security.protocol = PLAINTEXT
	security.providers = null
	send.buffer.bytes = 131072
	session.timeout.ms = 45000
	socket.connection.setup.timeout.max.ms = 30000
	socket.connection.setup.timeout.ms = 10000
	ssl.cipher.suites = null
	ssl.enabled.protocols = [TLSv1.2, TLSv1.3]
	ssl.endpoint.identification.algorithm = https
	ssl.engine.factory.class = null
	ssl.key.password = null
	ssl.keymanager.algorithm = SunX509
	ssl.keystore.certificate.chain = null
	ssl.keystore.key = null
	ssl.keystore.location = null
	ssl.keystore.password = null
	ssl.keystore.type = JKS
	ssl.protocol = TLSv1.3
	ssl.provider = null
	ssl.secure.random.implementation = null
	ssl.trustmanager.algorithm = PKIX
	ssl.truststore.certificates = null
	ssl.truststore.location = null
	ssl.truststore.password = null
	ssl.truststore.type = JKS
	value.deserializer = class org.apache.kafka.common.serialization.ByteArrayDeserializer

21:15:35.053 [main] [INFO ] o.a.kafka.common.utils.AppInfoParser.<init>:119 - Kafka version: 3.1.2
21:15:35.053 [main] [INFO ] o.a.kafka.common.utils.AppInfoParser.<init>:120 - Kafka commitId: f8c67dc3ae0a3265
21:15:35.053 [main] [INFO ] o.a.kafka.common.utils.AppInfoParser.<init>:121 - Kafka startTimeMs: 1772630135053
21:15:35.060 [main] [INFO ] o.a.k.clients.consumer.KafkaConsumer.subscribe:966 - [Consumer clientId=consumer-wallet-post-2, groupId=wallet-post] Subscribed to topic(s): wallet.ledger.command.posting
21:15:35.064 [main] [INFO ] o.a.k.c.consumer.ConsumerConfig.logAll:376 - ConsumerConfig values: 
	allow.auto.create.topics = true
	auto.commit.interval.ms = 5000
	auto.offset.reset = latest
	bootstrap.servers = [192.168.52.100:9092]
	check.crcs = true
	client.dns.lookup = use_all_dns_ips
	client.id = consumer-wallet-post-3
	client.rack = 
	connections.max.idle.ms = 540000
	default.api.timeout.ms = 60000
	enable.auto.commit = false
	exclude.internal.topics = true
	fetch.max.bytes = 52428800
	fetch.max.wait.ms = 500
	fetch.min.bytes = 1
	group.id = wallet-post
	group.instance.id = null
	heartbeat.interval.ms = 3000
	interceptor.classes = []
	internal.leave.group.on.close = true
	internal.throw.on.fetch.stable.offset.unsupported = false
	isolation.level = read_uncommitted
	key.deserializer = class org.apache.kafka.common.serialization.StringDeserializer
	max.partition.fetch.bytes = 1048576
	max.poll.interval.ms = 300000
	max.poll.records = 500
	metadata.max.age.ms = 300000
	metric.reporters = []
	metrics.num.samples = 2
	metrics.recording.level = INFO
	metrics.sample.window.ms = 30000
	partition.assignment.strategy = [class org.apache.kafka.clients.consumer.RangeAssignor, class org.apache.kafka.clients.consumer.CooperativeStickyAssignor]
	receive.buffer.bytes = 65536
	reconnect.backoff.max.ms = 1000
	reconnect.backoff.ms = 50
	request.timeout.ms = 30000
	retry.backoff.ms = 100
	sasl.client.callback.handler.class = null
	sasl.jaas.config = null
	sasl.kerberos.kinit.cmd = /usr/bin/kinit
	sasl.kerberos.min.time.before.relogin = 60000
	sasl.kerberos.service.name = null
	sasl.kerberos.ticket.renew.jitter = 0.05
	sasl.kerberos.ticket.renew.window.factor = 0.8
	sasl.login.callback.handler.class = null
	sasl.login.class = null
	sasl.login.connect.timeout.ms = null
	sasl.login.read.timeout.ms = null
	sasl.login.refresh.buffer.seconds = 300
	sasl.login.refresh.min.period.seconds = 60
	sasl.login.refresh.window.factor = 0.8
	sasl.login.refresh.window.jitter = 0.05
	sasl.login.retry.backoff.max.ms = 10000
	sasl.login.retry.backoff.ms = 100
	sasl.mechanism = GSSAPI
	sasl.oauthbearer.clock.skew.seconds = 30
	sasl.oauthbearer.expected.audience = null
	sasl.oauthbearer.expected.issuer = null
	sasl.oauthbearer.jwks.endpoint.refresh.ms = 3600000
	sasl.oauthbearer.jwks.endpoint.retry.backoff.max.ms = 10000
	sasl.oauthbearer.jwks.endpoint.retry.backoff.ms = 100
	sasl.oauthbearer.jwks.endpoint.url = null
	sasl.oauthbearer.scope.claim.name = scope
	sasl.oauthbearer.sub.claim.name = sub
	sasl.oauthbearer.token.endpoint.url = null
	security.protocol = PLAINTEXT
	security.providers = null
	send.buffer.bytes = 131072
	session.timeout.ms = 45000
	socket.connection.setup.timeout.max.ms = 30000
	socket.connection.setup.timeout.ms = 10000
	ssl.cipher.suites = null
	ssl.enabled.protocols = [TLSv1.2, TLSv1.3]
	ssl.endpoint.identification.algorithm = https
	ssl.engine.factory.class = null
	ssl.key.password = null
	ssl.keymanager.algorithm = SunX509
	ssl.keystore.certificate.chain = null
	ssl.keystore.key = null
	ssl.keystore.location = null
	ssl.keystore.password = null
	ssl.keystore.type = JKS
	ssl.protocol = TLSv1.3
	ssl.provider = null
	ssl.secure.random.implementation = null
	ssl.trustmanager.algorithm = PKIX
	ssl.truststore.certificates = null
	ssl.truststore.location = null
	ssl.truststore.password = null
	ssl.truststore.type = JKS
	value.deserializer = class org.apache.kafka.common.serialization.ByteArrayDeserializer

21:15:35.066 [main] [INFO ] o.a.kafka.common.utils.AppInfoParser.<init>:119 - Kafka version: 3.1.2
21:15:35.066 [main] [INFO ] o.a.kafka.common.utils.AppInfoParser.<init>:120 - Kafka commitId: f8c67dc3ae0a3265
21:15:35.066 [main] [INFO ] o.a.kafka.common.utils.AppInfoParser.<init>:121 - Kafka startTimeMs: 1772630135066
21:15:35.066 [main] [INFO ] o.a.k.clients.consumer.KafkaConsumer.subscribe:966 - [Consumer clientId=consumer-wallet-post-3, groupId=wallet-post] Subscribed to topic(s): wallet.ledger.command.posting
21:15:35.138 [main] [INFO ] n.d.b.g.s.s.AbstractGrpcServerFactory.configureServices:108 - Registered gRPC service: ledger.AccountService, bean: accountServiceImpl, class: com.exchange.app.ledger.service.AccountServiceImpl
21:15:35.138 [main] [INFO ] n.d.b.g.s.s.AbstractGrpcServerFactory.configureServices:108 - Registered gRPC service: ledger.PostService, bean: postServiceImpl, class: com.exchange.app.ledger.service.PostServiceImpl
21:15:35.138 [main] [INFO ] n.d.b.g.s.s.AbstractGrpcServerFactory.configureServices:108 - Registered gRPC service: grpc.health.v1.Health, bean: grpcHealthService, class: io.grpc.protobuf.services.HealthServiceImpl
21:15:35.138 [main] [INFO ] n.d.b.g.s.s.AbstractGrpcServerFactory.configureServices:108 - Registered gRPC service: grpc.reflection.v1alpha.ServerReflection, bean: protoReflectionService, class: io.grpc.protobuf.services.ProtoReflectionService
21:15:35.317 [org.springframework.kafka.KafkaListenerEndpointContainer#0-2-C-1] [INFO ] org.apache.kafka.clients.Metadata.updateLatestMetadata:402 - [Consumer clientId=consumer-wallet-post-3, groupId=wallet-post] Resetting the last seen epoch of partition wallet.ledger.command.posting-0 to 0 since the associated topicId changed from null to 6CMdvSfjT4i9qNvLK0rz0g
21:15:35.317 [org.springframework.kafka.KafkaListenerEndpointContainer#0-1-C-1] [INFO ] org.apache.kafka.clients.Metadata.updateLatestMetadata:402 - [Consumer clientId=consumer-wallet-post-2, groupId=wallet-post] Resetting the last seen epoch of partition wallet.ledger.command.posting-0 to 0 since the associated topicId changed from null to 6CMdvSfjT4i9qNvLK0rz0g
21:15:35.330 [org.springframework.kafka.KafkaListenerEndpointContainer#0-2-C-1] [INFO ] org.apache.kafka.clients.Metadata.update:287 - [Consumer clientId=consumer-wallet-post-3, groupId=wallet-post] Cluster ID: xhieLtErTGiHtNba1-gbcg
21:15:35.330 [org.springframework.kafka.KafkaListenerEndpointContainer#0-1-C-1] [INFO ] org.apache.kafka.clients.Metadata.update:287 - [Consumer clientId=consumer-wallet-post-2, groupId=wallet-post] Cluster ID: xhieLtErTGiHtNba1-gbcg
21:15:35.330 [org.springframework.kafka.KafkaListenerEndpointContainer#0-2-C-1] [INFO ] o.a.k.c.c.i.ConsumerCoordinator.onSuccess:853 - [Consumer clientId=consumer-wallet-post-3, groupId=wallet-post] Discovered group coordinator 192.168.52.100:9092 (id: 2147483647 rack: null)
21:15:35.330 [org.springframework.kafka.KafkaListenerEndpointContainer#0-2-C-1] [INFO ] o.a.k.c.c.i.ConsumerCoordinator.sendJoinGroupRequest:535 - [Consumer clientId=consumer-wallet-post-3, groupId=wallet-post] (Re-)joining group
21:15:35.330 [org.springframework.kafka.KafkaListenerEndpointContainer#0-0-C-1] [INFO ] org.apache.kafka.clients.Metadata.updateLatestMetadata:402 - [Consumer clientId=consumer-wallet-post-1, groupId=wallet-post] Resetting the last seen epoch of partition wallet.ledger.command.posting-0 to 0 since the associated topicId changed from null to 6CMdvSfjT4i9qNvLK0rz0g
21:15:35.330 [org.springframework.kafka.KafkaListenerEndpointContainer#0-0-C-1] [INFO ] org.apache.kafka.clients.Metadata.update:287 - [Consumer clientId=consumer-wallet-post-1, groupId=wallet-post] Cluster ID: xhieLtErTGiHtNba1-gbcg
21:15:35.330 [org.springframework.kafka.KafkaListenerEndpointContainer#0-1-C-1] [INFO ] o.a.k.c.c.i.ConsumerCoordinator.onSuccess:853 - [Consumer clientId=consumer-wallet-post-2, groupId=wallet-post] Discovered group coordinator 192.168.52.100:9092 (id: 2147483647 rack: null)
21:15:35.337 [org.springframework.kafka.KafkaListenerEndpointContainer#0-1-C-1] [INFO ] o.a.k.c.c.i.ConsumerCoordinator.sendJoinGroupRequest:535 - [Consumer clientId=consumer-wallet-post-2, groupId=wallet-post] (Re-)joining group
21:15:35.339 [org.springframework.kafka.KafkaListenerEndpointContainer#0-0-C-1] [INFO ] o.a.k.c.c.i.ConsumerCoordinator.onSuccess:853 - [Consumer clientId=consumer-wallet-post-1, groupId=wallet-post] Discovered group coordinator 192.168.52.100:9092 (id: 2147483647 rack: null)
21:15:35.339 [org.springframework.kafka.KafkaListenerEndpointContainer#0-0-C-1] [INFO ] o.a.k.c.c.i.ConsumerCoordinator.sendJoinGroupRequest:535 - [Consumer clientId=consumer-wallet-post-1, groupId=wallet-post] (Re-)joining group
21:15:35.348 [org.springframework.kafka.KafkaListenerEndpointContainer#0-0-C-1] [INFO ] o.a.k.c.c.i.ConsumerCoordinator.requestRejoin:1000 - [Consumer clientId=consumer-wallet-post-1, groupId=wallet-post] Request joining group due to: need to re-join with the given member-id
21:15:35.349 [org.springframework.kafka.KafkaListenerEndpointContainer#0-0-C-1] [INFO ] o.a.k.c.c.i.ConsumerCoordinator.sendJoinGroupRequest:535 - [Consumer clientId=consumer-wallet-post-1, groupId=wallet-post] (Re-)joining group
21:15:35.349 [org.springframework.kafka.KafkaListenerEndpointContainer#0-1-C-1] [INFO ] o.a.k.c.c.i.ConsumerCoordinator.requestRejoin:1000 - [Consumer clientId=consumer-wallet-post-2, groupId=wallet-post] Request joining group due to: need to re-join with the given member-id
21:15:35.349 [org.springframework.kafka.KafkaListenerEndpointContainer#0-1-C-1] [INFO ] o.a.k.c.c.i.ConsumerCoordinator.sendJoinGroupRequest:535 - [Consumer clientId=consumer-wallet-post-2, groupId=wallet-post] (Re-)joining group
21:15:35.349 [org.springframework.kafka.KafkaListenerEndpointContainer#0-2-C-1] [INFO ] o.a.k.c.c.i.ConsumerCoordinator.requestRejoin:1000 - [Consumer clientId=consumer-wallet-post-3, groupId=wallet-post] Request joining group due to: need to re-join with the given member-id
21:15:35.349 [org.springframework.kafka.KafkaListenerEndpointContainer#0-2-C-1] [INFO ] o.a.k.c.c.i.ConsumerCoordinator.sendJoinGroupRequest:535 - [Consumer clientId=consumer-wallet-post-3, groupId=wallet-post] (Re-)joining group
21:15:35.359 [org.springframework.kafka.KafkaListenerEndpointContainer#0-2-C-1] [INFO ] o.a.k.c.c.i.ConsumerCoordinator.handle:595 - [Consumer clientId=consumer-wallet-post-3, groupId=wallet-post] Successfully joined group with generation Generation{generationId=54, memberId='consumer-wallet-post-3-b04ab5e2-ac7e-4905-84f8-45532e0b3821', protocol='range'}
21:15:35.359 [org.springframework.kafka.KafkaListenerEndpointContainer#0-0-C-1] [INFO ] o.a.k.c.c.i.ConsumerCoordinator.handle:595 - [Consumer clientId=consumer-wallet-post-1, groupId=wallet-post] Successfully joined group with generation Generation{generationId=54, memberId='consumer-wallet-post-1-0c944e95-888d-49ff-bc63-66cf89ed1e13', protocol='range'}
21:15:35.364 [org.springframework.kafka.KafkaListenerEndpointContainer#0-0-C-1] [INFO ] o.a.k.c.c.i.ConsumerCoordinator.performAssignment:659 - [Consumer clientId=consumer-wallet-post-1, groupId=wallet-post] Finished assignment for group at generation 54: {consumer-wallet-post-3-b04ab5e2-ac7e-4905-84f8-45532e0b3821=Assignment(partitions=[]), consumer-wallet-post-1-0c944e95-888d-49ff-bc63-66cf89ed1e13=Assignment(partitions=[wallet.ledger.command.posting-0]), consumer-wallet-post-2-913e8073-0503-4f9b-881c-1a9a949bae56=Assignment(partitions=[])}
21:15:35.364 [org.springframework.kafka.KafkaListenerEndpointContainer#0-1-C-1] [INFO ] o.a.k.c.c.i.ConsumerCoordinator.handle:595 - [Consumer clientId=consumer-wallet-post-2, groupId=wallet-post] Successfully joined group with generation Generation{generationId=54, memberId='consumer-wallet-post-2-913e8073-0503-4f9b-881c-1a9a949bae56', protocol='range'}
21:15:35.374 [org.springframework.kafka.KafkaListenerEndpointContainer#0-0-C-1] [INFO ] o.a.k.c.c.i.ConsumerCoordinator.handle:761 - [Consumer clientId=consumer-wallet-post-1, groupId=wallet-post] Successfully synced group in generation Generation{generationId=54, memberId='consumer-wallet-post-1-0c944e95-888d-49ff-bc63-66cf89ed1e13', protocol='range'}
21:15:35.374 [org.springframework.kafka.KafkaListenerEndpointContainer#0-2-C-1] [INFO ] o.a.k.c.c.i.ConsumerCoordinator.handle:761 - [Consumer clientId=consumer-wallet-post-3, groupId=wallet-post] Successfully synced group in generation Generation{generationId=54, memberId='consumer-wallet-post-3-b04ab5e2-ac7e-4905-84f8-45532e0b3821', protocol='range'}
21:15:35.374 [org.springframework.kafka.KafkaListenerEndpointContainer#0-0-C-1] [INFO ] o.a.k.c.c.i.ConsumerCoordinator.invokeOnAssignment:280 - [Consumer clientId=consumer-wallet-post-1, groupId=wallet-post] Notifying assignor about the new Assignment(partitions=[wallet.ledger.command.posting-0])
21:15:35.374 [org.springframework.kafka.KafkaListenerEndpointContainer#0-2-C-1] [INFO ] o.a.k.c.c.i.ConsumerCoordinator.invokeOnAssignment:280 - [Consumer clientId=consumer-wallet-post-3, groupId=wallet-post] Notifying assignor about the new Assignment(partitions=[])
21:15:35.374 [org.springframework.kafka.KafkaListenerEndpointContainer#0-2-C-1] [INFO ] o.a.k.c.c.i.ConsumerCoordinator.invokePartitionsAssigned:292 - [Consumer clientId=consumer-wallet-post-3, groupId=wallet-post] Adding newly assigned partitions: 
21:15:35.374 [org.springframework.kafka.KafkaListenerEndpointContainer#0-2-C-1] [INFO ] o.s.k.l.KafkaMessageListenerContainer.info:292 - wallet-post: partitions assigned: []
21:15:35.374 [org.springframework.kafka.KafkaListenerEndpointContainer#0-1-C-1] [INFO ] o.a.k.c.c.i.ConsumerCoordinator.handle:761 - [Consumer clientId=consumer-wallet-post-2, groupId=wallet-post] Successfully synced group in generation Generation{generationId=54, memberId='consumer-wallet-post-2-913e8073-0503-4f9b-881c-1a9a949bae56', protocol='range'}
21:15:35.376 [org.springframework.kafka.KafkaListenerEndpointContainer#0-0-C-1] [INFO ] o.a.k.c.c.i.ConsumerCoordinator.invokePartitionsAssigned:292 - [Consumer clientId=consumer-wallet-post-1, groupId=wallet-post] Adding newly assigned partitions: wallet.ledger.command.posting-0
21:15:35.376 [org.springframework.kafka.KafkaListenerEndpointContainer#0-1-C-1] [INFO ] o.a.k.c.c.i.ConsumerCoordinator.invokeOnAssignment:280 - [Consumer clientId=consumer-wallet-post-2, groupId=wallet-post] Notifying assignor about the new Assignment(partitions=[])
21:15:35.376 [org.springframework.kafka.KafkaListenerEndpointContainer#0-1-C-1] [INFO ] o.a.k.c.c.i.ConsumerCoordinator.invokePartitionsAssigned:292 - [Consumer clientId=consumer-wallet-post-2, groupId=wallet-post] Adding newly assigned partitions: 
21:15:35.376 [org.springframework.kafka.KafkaListenerEndpointContainer#0-1-C-1] [INFO ] o.s.k.l.KafkaMessageListenerContainer.info:292 - wallet-post: partitions assigned: []
21:15:35.383 [org.springframework.kafka.KafkaListenerEndpointContainer#0-0-C-1] [INFO ] o.a.k.c.c.i.ConsumerCoordinator.refreshCommittedOffsetsIfNeeded:851 - [Consumer clientId=consumer-wallet-post-1, groupId=wallet-post] Setting offset for partition wallet.ledger.command.posting-0 to the committed offset FetchPosition{offset=64, offsetEpoch=Optional.empty, currentLeader=LeaderAndEpoch{leader=Optional[192.168.52.100:9092 (id: 0 rack: null)], epoch=0}}
21:15:35.383 [org.springframework.kafka.KafkaListenerEndpointContainer#0-0-C-1] [INFO ] o.s.k.l.KafkaMessageListenerContainer.info:292 - wallet-post: partitions assigned: [wallet.ledger.command.posting-0]
21:15:35.668 [main] [INFO ] n.d.b.g.s.s.GrpcServerLifecycle.createAndStartGrpcServer:116 - gRPC Server started, listening on address: *, port: 9091
21:15:35.684 [main] [INFO ] c.e.a.l.p.PostLedgerProcessorTest.logStarted:61 - Started PostLedgerProcessorTest in 17.567 seconds (JVM running for 18.336)
21:15:36.079 [main] [INFO ] com.zaxxer.hikari.HikariDataSource.getConnection:110 - HikariPool-1 - Starting...
21:15:36.382 [main] [INFO ] com.zaxxer.hikari.HikariDataSource.getConnection:123 - HikariPool-1 - Start completed.
21:16:10.226 [scheduling-1] [INFO ] c.e.a.l.c.outbox.OutboxDispatcher.dispatch:18 - outbox dispatch start
21:16:14.709 [scheduling-1] [INFO ] c.e.c.o.retry.OutboxRetryHandler.retry:86 - outbox retry success: 0, failed: 0
21:16:14.709 [scheduling-1] [INFO ] c.e.a.l.c.outbox.OutboxDispatcher.dispatch:20 - outbox dispatch end
21:16:15.278 [scheduling-1] [INFO ] c.e.a.l.c.outbox.OutboxDispatcher.dispatch:18 - outbox dispatch start
21:16:18.519 [main] [ERROR] c.e.a.l.p.post.PostLedgerProcessor.postTransaction:72 - account not found, notFoundRefs=[]
21:16:19.225 [scheduling-1] [INFO ] c.e.c.o.retry.OutboxRetryHandler.retry:86 - outbox retry success: 0, failed: 0
21:16:19.225 [scheduling-1] [INFO ] c.e.a.l.c.outbox.OutboxDispatcher.dispatch:20 - outbox dispatch end
21:16:26.348 [scheduling-1] [INFO ] c.e.a.l.c.outbox.OutboxDispatcher.dispatch:18 - outbox dispatch start
21:16:26.348 [scheduling-1] [INFO ] c.e.c.o.retry.OutboxRetryHandler.retry:86 - outbox retry success: 0, failed: 0
21:16:26.348 [scheduling-1] [INFO ] c.e.a.l.c.outbox.OutboxDispatcher.dispatch:20 - outbox dispatch end
21:16:30.020 [scheduling-1] [INFO ] c.e.a.l.c.outbox.OutboxDispatcher.dispatch:18 - outbox dispatch start
21:16:30.020 [scheduling-1] [INFO ] c.e.c.o.retry.OutboxRetryHandler.retry:86 - outbox retry success: 0, failed: 0
21:16:30.020 [scheduling-1] [INFO ] c.e.a.l.c.outbox.OutboxDispatcher.dispatch:20 - outbox dispatch end
21:16:35.814 [scheduling-1] [INFO ] c.e.a.l.c.outbox.OutboxDispatcher.dispatch:18 - outbox dispatch start
21:16:37.749 [scheduling-1] [INFO ] c.e.c.o.retry.OutboxRetryHandler.retry:86 - outbox retry success: 0, failed: 0
21:16:37.751 [scheduling-1] [INFO ] c.e.a.l.c.outbox.OutboxDispatcher.dispatch:20 - outbox dispatch end
21:17:09.844 [scheduling-1] [INFO ] c.e.a.l.c.outbox.OutboxDispatcher.dispatch:18 - outbox dispatch start
21:17:09.844 [HikariPool-1 housekeeper] [WARN ] com.zaxxer.hikari.pool.HikariPool.run:788 - HikariPool-1 - Thread starvation or clock leap detected (housekeeper delta=59s618ms386µs400ns).
21:17:09.848 [scheduling-1] [INFO ] c.e.c.o.retry.OutboxRetryHandler.retry:86 - outbox retry success: 0, failed: 0
21:17:09.848 [scheduling-1] [INFO ] c.e.a.l.c.outbox.OutboxDispatcher.dispatch:20 - outbox dispatch end
21:17:09.864 [main] [INFO ] c.e.a.l.p.PostLedgerProcessorTest.testPostTxnSuccess:52 - reply: error {
  code: ERROR_NOT_FOUND
  message: "account_not_found"
  detail: "account_not_found, refs: []"
}

21:17:09.878 [SpringApplicationShutdownHook] [INFO ] n.d.b.g.s.s.GrpcServerLifecycle.stopAndReleaseGrpcServer:160 - Completed gRPC server shutdown
21:17:09.878 [org.springframework.kafka.KafkaListenerEndpointContainer#0-0-C-1] [INFO ] o.a.k.c.c.i.ConsumerCoordinator.invokePartitionsRevoked:311 - [Consumer clientId=consumer-wallet-post-1, groupId=wallet-post] Revoke previously assigned partitions wallet.ledger.command.posting-0
21:17:09.878 [org.springframework.kafka.KafkaListenerEndpointContainer#0-1-C-1] [INFO ] o.a.k.c.c.i.ConsumerCoordinator.maybeLeaveGroup:1060 - [Consumer clientId=consumer-wallet-post-2, groupId=wallet-post] Member consumer-wallet-post-2-913e8073-0503-4f9b-881c-1a9a949bae56 sending LeaveGroup request to coordinator 192.168.52.100:9092 (id: 2147483647 rack: null) due to the consumer unsubscribed from all topics
21:17:09.878 [org.springframework.kafka.KafkaListenerEndpointContainer#0-2-C-1] [INFO ] o.a.k.c.c.i.ConsumerCoordinator.maybeLeaveGroup:1060 - [Consumer clientId=consumer-wallet-post-3, groupId=wallet-post] Member consumer-wallet-post-3-b04ab5e2-ac7e-4905-84f8-45532e0b3821 sending LeaveGroup request to coordinator 192.168.52.100:9092 (id: 2147483647 rack: null) due to the consumer unsubscribed from all topics
21:17:09.878 [org.springframework.kafka.KafkaListenerEndpointContainer#0-0-C-1] [INFO ] o.s.k.l.KafkaMessageListenerContainer.info:292 - wallet-post: partitions revoked: [wallet.ledger.command.posting-0]
21:17:09.878 [org.springframework.kafka.KafkaListenerEndpointContainer#0-0-C-1] [INFO ] o.a.k.c.c.i.ConsumerCoordinator.maybeLeaveGroup:1060 - [Consumer clientId=consumer-wallet-post-1, groupId=wallet-post] Member consumer-wallet-post-1-0c944e95-888d-49ff-bc63-66cf89ed1e13 sending LeaveGroup request to coordinator 192.168.52.100:9092 (id: 2147483647 rack: null) due to the consumer unsubscribed from all topics
21:17:09.878 [org.springframework.kafka.KafkaListenerEndpointContainer#0-2-C-1] [INFO ] o.a.k.c.c.i.ConsumerCoordinator.resetStateAndGeneration:972 - [Consumer clientId=consumer-wallet-post-3, groupId=wallet-post] Resetting generation due to: consumer pro-actively leaving the group
21:17:09.878 [org.springframework.kafka.KafkaListenerEndpointContainer#0-1-C-1] [INFO ] o.a.k.c.c.i.ConsumerCoordinator.resetStateAndGeneration:972 - [Consumer clientId=consumer-wallet-post-2, groupId=wallet-post] Resetting generation due to: consumer pro-actively leaving the group
21:17:09.878 [org.springframework.kafka.KafkaListenerEndpointContainer#0-2-C-1] [INFO ] o.a.k.c.c.i.ConsumerCoordinator.requestRejoin:1000 - [Consumer clientId=consumer-wallet-post-3, groupId=wallet-post] Request joining group due to: consumer pro-actively leaving the group
21:17:09.878 [org.springframework.kafka.KafkaListenerEndpointContainer#0-1-C-1] [INFO ] o.a.k.c.c.i.ConsumerCoordinator.requestRejoin:1000 - [Consumer clientId=consumer-wallet-post-2, groupId=wallet-post] Request joining group due to: consumer pro-actively leaving the group
21:17:09.878 [org.springframework.kafka.KafkaListenerEndpointContainer#0-0-C-1] [INFO ] o.a.k.c.c.i.ConsumerCoordinator.resetStateAndGeneration:972 - [Consumer clientId=consumer-wallet-post-1, groupId=wallet-post] Resetting generation due to: consumer pro-actively leaving the group
21:17:09.878 [org.springframework.kafka.KafkaListenerEndpointContainer#0-2-C-1] [INFO ] o.a.k.clients.consumer.KafkaConsumer.unsubscribe:1075 - [Consumer clientId=consumer-wallet-post-3, groupId=wallet-post] Unsubscribed all topics or patterns and assigned partitions
21:17:09.878 [org.springframework.kafka.KafkaListenerEndpointContainer#0-0-C-1] [INFO ] o.a.k.c.c.i.ConsumerCoordinator.requestRejoin:1000 - [Consumer clientId=consumer-wallet-post-1, groupId=wallet-post] Request joining group due to: consumer pro-actively leaving the group
21:17:09.878 [org.springframework.kafka.KafkaListenerEndpointContainer#0-1-C-1] [INFO ] o.a.k.clients.consumer.KafkaConsumer.unsubscribe:1075 - [Consumer clientId=consumer-wallet-post-2, groupId=wallet-post] Unsubscribed all topics or patterns and assigned partitions
21:17:09.878 [org.springframework.kafka.KafkaListenerEndpointContainer#0-0-C-1] [INFO ] o.a.k.clients.consumer.KafkaConsumer.unsubscribe:1075 - [Consumer clientId=consumer-wallet-post-1, groupId=wallet-post] Unsubscribed all topics or patterns and assigned partitions
21:17:09.888 [org.springframework.kafka.KafkaListenerEndpointContainer#0-0-C-1] [INFO ] o.a.k.c.c.i.ConsumerCoordinator.resetStateAndGeneration:972 - [Consumer clientId=consumer-wallet-post-1, groupId=wallet-post] Resetting generation due to: consumer pro-actively leaving the group
21:17:09.888 [org.springframework.kafka.KafkaListenerEndpointContainer#0-2-C-1] [INFO ] o.a.k.c.c.i.ConsumerCoordinator.resetStateAndGeneration:972 - [Consumer clientId=consumer-wallet-post-3, groupId=wallet-post] Resetting generation due to: consumer pro-actively leaving the group
21:17:09.888 [org.springframework.kafka.KafkaListenerEndpointContainer#0-1-C-1] [INFO ] o.a.k.c.c.i.ConsumerCoordinator.resetStateAndGeneration:972 - [Consumer clientId=consumer-wallet-post-2, groupId=wallet-post] Resetting generation due to: consumer pro-actively leaving the group
21:17:09.888 [org.springframework.kafka.KafkaListenerEndpointContainer#0-0-C-1] [INFO ] o.a.k.c.c.i.ConsumerCoordinator.requestRejoin:1000 - [Consumer clientId=consumer-wallet-post-1, groupId=wallet-post] Request joining group due to: consumer pro-actively leaving the group
21:17:09.888 [org.springframework.kafka.KafkaListenerEndpointContainer#0-2-C-1] [INFO ] o.a.k.c.c.i.ConsumerCoordinator.requestRejoin:1000 - [Consumer clientId=consumer-wallet-post-3, groupId=wallet-post] Request joining group due to: consumer pro-actively leaving the group
21:17:09.888 [org.springframework.kafka.KafkaListenerEndpointContainer#0-1-C-1] [INFO ] o.a.k.c.c.i.ConsumerCoordinator.requestRejoin:1000 - [Consumer clientId=consumer-wallet-post-2, groupId=wallet-post] Request joining group due to: consumer pro-actively leaving the group
21:17:09.893 [org.springframework.kafka.KafkaListenerEndpointContainer#0-1-C-1] [INFO ] o.a.kafka.common.metrics.Metrics.close:659 - Metrics scheduler closed
21:17:09.893 [org.springframework.kafka.KafkaListenerEndpointContainer#0-0-C-1] [INFO ] o.a.kafka.common.metrics.Metrics.close:659 - Metrics scheduler closed
21:17:09.893 [org.springframework.kafka.KafkaListenerEndpointContainer#0-1-C-1] [INFO ] o.a.kafka.common.metrics.Metrics.close:663 - Closing reporter org.apache.kafka.common.metrics.JmxReporter
21:17:09.893 [org.springframework.kafka.KafkaListenerEndpointContainer#0-0-C-1] [INFO ] o.a.kafka.common.metrics.Metrics.close:663 - Closing reporter org.apache.kafka.common.metrics.JmxReporter
21:17:09.893 [org.springframework.kafka.KafkaListenerEndpointContainer#0-1-C-1] [INFO ] o.a.kafka.common.metrics.Metrics.close:669 - Metrics reporters closed
21:17:09.893 [org.springframework.kafka.KafkaListenerEndpointContainer#0-0-C-1] [INFO ] o.a.kafka.common.metrics.Metrics.close:669 - Metrics reporters closed
21:17:09.898 [org.springframework.kafka.KafkaListenerEndpointContainer#0-2-C-1] [INFO ] o.a.kafka.common.metrics.Metrics.close:659 - Metrics scheduler closed
21:17:09.898 [org.springframework.kafka.KafkaListenerEndpointContainer#0-2-C-1] [INFO ] o.a.kafka.common.metrics.Metrics.close:663 - Closing reporter org.apache.kafka.common.metrics.JmxReporter
21:17:09.899 [org.springframework.kafka.KafkaListenerEndpointContainer#0-2-C-1] [INFO ] o.a.kafka.common.metrics.Metrics.close:669 - Metrics reporters closed
21:17:09.903 [org.springframework.kafka.KafkaListenerEndpointContainer#0-1-C-1] [INFO ] o.a.kafka.common.utils.AppInfoParser.unregisterAppInfo:83 - App info kafka.consumer for consumer-wallet-post-2 unregistered
21:17:09.904 [org.springframework.kafka.KafkaListenerEndpointContainer#0-1-C-1] [INFO ] o.s.k.l.KafkaMessageListenerContainer.info:292 - wallet-post: Consumer stopped
21:17:09.904 [org.springframework.kafka.KafkaListenerEndpointContainer#0-0-C-1] [INFO ] o.a.kafka.common.utils.AppInfoParser.unregisterAppInfo:83 - App info kafka.consumer for consumer-wallet-post-1 unregistered
21:17:09.904 [org.springframework.kafka.KafkaListenerEndpointContainer#0-0-C-1] [INFO ] o.s.k.l.KafkaMessageListenerContainer.info:292 - wallet-post: Consumer stopped
21:17:09.904 [org.springframework.kafka.KafkaListenerEndpointContainer#0-2-C-1] [INFO ] o.a.kafka.common.utils.AppInfoParser.unregisterAppInfo:83 - App info kafka.consumer for consumer-wallet-post-3 unregistered
21:17:09.905 [org.springframework.kafka.KafkaListenerEndpointContainer#0-2-C-1] [INFO ] o.s.k.l.KafkaMessageListenerContainer.info:292 - wallet-post: Consumer stopped
21:17:09.939 [SpringApplicationShutdownHook] [INFO ] com.zaxxer.hikari.HikariDataSource.close:350 - HikariPool-1 - Shutdown initiated...
21:17:09.943 [SpringApplicationShutdownHook] [INFO ] com.zaxxer.hikari.HikariDataSource.close:352 - HikariPool-1 - Shutdown completed.
21:17:58.323 [main] [INFO ] c.e.a.l.p.PostLedgerProcessorTest.logStarting:55 - Starting PostLedgerProcessorTest using Java 11.0.29 on Sunsunsun with PID 5332 (started by Sun in D:\TestProgram\Java\JavaEE\z-exchange\ledger-service)
21:17:58.323 [main] [INFO ] c.e.a.l.p.PostLedgerProcessorTest.logStartupProfileInfo:631 - No active profile set, falling back to 1 default profile: "default"
21:17:59.065 [main] [INFO ] o.s.d.r.c.RepositoryConfigurationDelegate.multipleStoresDetected:262 - Multiple Spring Data modules found, entering strict repository configuration mode
21:17:59.065 [main] [INFO ] o.s.d.r.c.RepositoryConfigurationDelegate.registerRepositoriesIn:132 - Bootstrapping Spring Data Redis repositories in DEFAULT mode.
21:17:59.086 [main] [INFO ] o.s.d.r.c.RepositoryConfigurationDelegate.registerRepositoriesIn:201 - Finished Spring Data repository scanning in 9 ms. Found 0 Redis repository interfaces.
21:18:01.586 [main] [INFO ] org.redisson.Version.logVersion:41 - Redisson 3.17.7
21:18:01.950 [redisson-netty-2-5] [INFO ] o.r.c.p.MasterPubSubConnectionPool.lambda$createConnection$1:161 - 1 connections initialized for 192.168.52.100/192.168.52.100:6379
21:18:02.004 [redisson-netty-2-18] [INFO ] o.r.c.pool.MasterConnectionPool.lambda$createConnection$1:161 - 24 connections initialized for 192.168.52.100/192.168.52.100:6379
21:18:03.637 [main] [INFO ] n.d.b.g.s.a.GrpcServerFactoryAutoConfiguration.shadedNettyGrpcServerFactory:74 - Detected grpc-netty-shaded: Creating ShadedNettyGrpcServerFactory
21:18:04.540 [main] [INFO ] o.s.b.a.e.web.EndpointLinksResolver.<init>:58 - Exposing 1 endpoint(s) beneath base path '/actuator'
21:18:04.746 [main] [INFO ] o.a.k.c.consumer.ConsumerConfig.logAll:376 - ConsumerConfig values: 
	allow.auto.create.topics = true
	auto.commit.interval.ms = 5000
	auto.offset.reset = latest
	bootstrap.servers = [192.168.52.100:9092]
	check.crcs = true
	client.dns.lookup = use_all_dns_ips
	client.id = consumer-wallet-post-1
	client.rack = 
	connections.max.idle.ms = 540000
	default.api.timeout.ms = 60000
	enable.auto.commit = false
	exclude.internal.topics = true
	fetch.max.bytes = 52428800
	fetch.max.wait.ms = 500
	fetch.min.bytes = 1
	group.id = wallet-post
	group.instance.id = null
	heartbeat.interval.ms = 3000
	interceptor.classes = []
	internal.leave.group.on.close = true
	internal.throw.on.fetch.stable.offset.unsupported = false
	isolation.level = read_uncommitted
	key.deserializer = class org.apache.kafka.common.serialization.StringDeserializer
	max.partition.fetch.bytes = 1048576
	max.poll.interval.ms = 300000
	max.poll.records = 500
	metadata.max.age.ms = 300000
	metric.reporters = []
	metrics.num.samples = 2
	metrics.recording.level = INFO
	metrics.sample.window.ms = 30000
	partition.assignment.strategy = [class org.apache.kafka.clients.consumer.RangeAssignor, class org.apache.kafka.clients.consumer.CooperativeStickyAssignor]
	receive.buffer.bytes = 65536
	reconnect.backoff.max.ms = 1000
	reconnect.backoff.ms = 50
	request.timeout.ms = 30000
	retry.backoff.ms = 100
	sasl.client.callback.handler.class = null
	sasl.jaas.config = null
	sasl.kerberos.kinit.cmd = /usr/bin/kinit
	sasl.kerberos.min.time.before.relogin = 60000
	sasl.kerberos.service.name = null
	sasl.kerberos.ticket.renew.jitter = 0.05
	sasl.kerberos.ticket.renew.window.factor = 0.8
	sasl.login.callback.handler.class = null
	sasl.login.class = null
	sasl.login.connect.timeout.ms = null
	sasl.login.read.timeout.ms = null
	sasl.login.refresh.buffer.seconds = 300
	sasl.login.refresh.min.period.seconds = 60
	sasl.login.refresh.window.factor = 0.8
	sasl.login.refresh.window.jitter = 0.05
	sasl.login.retry.backoff.max.ms = 10000
	sasl.login.retry.backoff.ms = 100
	sasl.mechanism = GSSAPI
	sasl.oauthbearer.clock.skew.seconds = 30
	sasl.oauthbearer.expected.audience = null
	sasl.oauthbearer.expected.issuer = null
	sasl.oauthbearer.jwks.endpoint.refresh.ms = 3600000
	sasl.oauthbearer.jwks.endpoint.retry.backoff.max.ms = 10000
	sasl.oauthbearer.jwks.endpoint.retry.backoff.ms = 100
	sasl.oauthbearer.jwks.endpoint.url = null
	sasl.oauthbearer.scope.claim.name = scope
	sasl.oauthbearer.sub.claim.name = sub
	sasl.oauthbearer.token.endpoint.url = null
	security.protocol = PLAINTEXT
	security.providers = null
	send.buffer.bytes = 131072
	session.timeout.ms = 45000
	socket.connection.setup.timeout.max.ms = 30000
	socket.connection.setup.timeout.ms = 10000
	ssl.cipher.suites = null
	ssl.enabled.protocols = [TLSv1.2, TLSv1.3]
	ssl.endpoint.identification.algorithm = https
	ssl.engine.factory.class = null
	ssl.key.password = null
	ssl.keymanager.algorithm = SunX509
	ssl.keystore.certificate.chain = null
	ssl.keystore.key = null
	ssl.keystore.location = null
	ssl.keystore.password = null
	ssl.keystore.type = JKS
	ssl.protocol = TLSv1.3
	ssl.provider = null
	ssl.secure.random.implementation = null
	ssl.trustmanager.algorithm = PKIX
	ssl.truststore.certificates = null
	ssl.truststore.location = null
	ssl.truststore.password = null
	ssl.truststore.type = JKS
	value.deserializer = class org.apache.kafka.common.serialization.ByteArrayDeserializer

21:18:04.938 [main] [INFO ] o.a.kafka.common.utils.AppInfoParser.<init>:119 - Kafka version: 3.1.2
21:18:04.938 [main] [INFO ] o.a.kafka.common.utils.AppInfoParser.<init>:120 - Kafka commitId: f8c67dc3ae0a3265
21:18:04.938 [main] [INFO ] o.a.kafka.common.utils.AppInfoParser.<init>:121 - Kafka startTimeMs: 1772630284938
21:18:04.983 [main] [INFO ] o.a.k.clients.consumer.KafkaConsumer.subscribe:966 - [Consumer clientId=consumer-wallet-post-1, groupId=wallet-post] Subscribed to topic(s): wallet.ledger.command.posting
21:18:04.992 [main] [INFO ] o.a.k.c.consumer.ConsumerConfig.logAll:376 - ConsumerConfig values: 
	allow.auto.create.topics = true
	auto.commit.interval.ms = 5000
	auto.offset.reset = latest
	bootstrap.servers = [192.168.52.100:9092]
	check.crcs = true
	client.dns.lookup = use_all_dns_ips
	client.id = consumer-wallet-post-2
	client.rack = 
	connections.max.idle.ms = 540000
	default.api.timeout.ms = 60000
	enable.auto.commit = false
	exclude.internal.topics = true
	fetch.max.bytes = 52428800
	fetch.max.wait.ms = 500
	fetch.min.bytes = 1
	group.id = wallet-post
	group.instance.id = null
	heartbeat.interval.ms = 3000
	interceptor.classes = []
	internal.leave.group.on.close = true
	internal.throw.on.fetch.stable.offset.unsupported = false
	isolation.level = read_uncommitted
	key.deserializer = class org.apache.kafka.common.serialization.StringDeserializer
	max.partition.fetch.bytes = 1048576
	max.poll.interval.ms = 300000
	max.poll.records = 500
	metadata.max.age.ms = 300000
	metric.reporters = []
	metrics.num.samples = 2
	metrics.recording.level = INFO
	metrics.sample.window.ms = 30000
	partition.assignment.strategy = [class org.apache.kafka.clients.consumer.RangeAssignor, class org.apache.kafka.clients.consumer.CooperativeStickyAssignor]
	receive.buffer.bytes = 65536
	reconnect.backoff.max.ms = 1000
	reconnect.backoff.ms = 50
	request.timeout.ms = 30000
	retry.backoff.ms = 100
	sasl.client.callback.handler.class = null
	sasl.jaas.config = null
	sasl.kerberos.kinit.cmd = /usr/bin/kinit
	sasl.kerberos.min.time.before.relogin = 60000
	sasl.kerberos.service.name = null
	sasl.kerberos.ticket.renew.jitter = 0.05
	sasl.kerberos.ticket.renew.window.factor = 0.8
	sasl.login.callback.handler.class = null
	sasl.login.class = null
	sasl.login.connect.timeout.ms = null
	sasl.login.read.timeout.ms = null
	sasl.login.refresh.buffer.seconds = 300
	sasl.login.refresh.min.period.seconds = 60
	sasl.login.refresh.window.factor = 0.8
	sasl.login.refresh.window.jitter = 0.05
	sasl.login.retry.backoff.max.ms = 10000
	sasl.login.retry.backoff.ms = 100
	sasl.mechanism = GSSAPI
	sasl.oauthbearer.clock.skew.seconds = 30
	sasl.oauthbearer.expected.audience = null
	sasl.oauthbearer.expected.issuer = null
	sasl.oauthbearer.jwks.endpoint.refresh.ms = 3600000
	sasl.oauthbearer.jwks.endpoint.retry.backoff.max.ms = 10000
	sasl.oauthbearer.jwks.endpoint.retry.backoff.ms = 100
	sasl.oauthbearer.jwks.endpoint.url = null
	sasl.oauthbearer.scope.claim.name = scope
	sasl.oauthbearer.sub.claim.name = sub
	sasl.oauthbearer.token.endpoint.url = null
	security.protocol = PLAINTEXT
	security.providers = null
	send.buffer.bytes = 131072
	session.timeout.ms = 45000
	socket.connection.setup.timeout.max.ms = 30000
	socket.connection.setup.timeout.ms = 10000
	ssl.cipher.suites = null
	ssl.enabled.protocols = [TLSv1.2, TLSv1.3]
	ssl.endpoint.identification.algorithm = https
	ssl.engine.factory.class = null
	ssl.key.password = null
	ssl.keymanager.algorithm = SunX509
	ssl.keystore.certificate.chain = null
	ssl.keystore.key = null
	ssl.keystore.location = null
	ssl.keystore.password = null
	ssl.keystore.type = JKS
	ssl.protocol = TLSv1.3
	ssl.provider = null
	ssl.secure.random.implementation = null
	ssl.trustmanager.algorithm = PKIX
	ssl.truststore.certificates = null
	ssl.truststore.location = null
	ssl.truststore.password = null
	ssl.truststore.type = JKS
	value.deserializer = class org.apache.kafka.common.serialization.ByteArrayDeserializer

21:18:04.992 [main] [INFO ] o.a.kafka.common.utils.AppInfoParser.<init>:119 - Kafka version: 3.1.2
21:18:04.992 [main] [INFO ] o.a.kafka.common.utils.AppInfoParser.<init>:120 - Kafka commitId: f8c67dc3ae0a3265
21:18:05.002 [main] [INFO ] o.a.kafka.common.utils.AppInfoParser.<init>:121 - Kafka startTimeMs: 1772630284992
21:18:05.002 [main] [INFO ] o.a.k.clients.consumer.KafkaConsumer.subscribe:966 - [Consumer clientId=consumer-wallet-post-2, groupId=wallet-post] Subscribed to topic(s): wallet.ledger.command.posting
21:18:05.013 [main] [INFO ] o.a.k.c.consumer.ConsumerConfig.logAll:376 - ConsumerConfig values: 
	allow.auto.create.topics = true
	auto.commit.interval.ms = 5000
	auto.offset.reset = latest
	bootstrap.servers = [192.168.52.100:9092]
	check.crcs = true
	client.dns.lookup = use_all_dns_ips
	client.id = consumer-wallet-post-3
	client.rack = 
	connections.max.idle.ms = 540000
	default.api.timeout.ms = 60000
	enable.auto.commit = false
	exclude.internal.topics = true
	fetch.max.bytes = 52428800
	fetch.max.wait.ms = 500
	fetch.min.bytes = 1
	group.id = wallet-post
	group.instance.id = null
	heartbeat.interval.ms = 3000
	interceptor.classes = []
	internal.leave.group.on.close = true
	internal.throw.on.fetch.stable.offset.unsupported = false
	isolation.level = read_uncommitted
	key.deserializer = class org.apache.kafka.common.serialization.StringDeserializer
	max.partition.fetch.bytes = 1048576
	max.poll.interval.ms = 300000
	max.poll.records = 500
	metadata.max.age.ms = 300000
	metric.reporters = []
	metrics.num.samples = 2
	metrics.recording.level = INFO
	metrics.sample.window.ms = 30000
	partition.assignment.strategy = [class org.apache.kafka.clients.consumer.RangeAssignor, class org.apache.kafka.clients.consumer.CooperativeStickyAssignor]
	receive.buffer.bytes = 65536
	reconnect.backoff.max.ms = 1000
	reconnect.backoff.ms = 50
	request.timeout.ms = 30000
	retry.backoff.ms = 100
	sasl.client.callback.handler.class = null
	sasl.jaas.config = null
	sasl.kerberos.kinit.cmd = /usr/bin/kinit
	sasl.kerberos.min.time.before.relogin = 60000
	sasl.kerberos.service.name = null
	sasl.kerberos.ticket.renew.jitter = 0.05
	sasl.kerberos.ticket.renew.window.factor = 0.8
	sasl.login.callback.handler.class = null
	sasl.login.class = null
	sasl.login.connect.timeout.ms = null
	sasl.login.read.timeout.ms = null
	sasl.login.refresh.buffer.seconds = 300
	sasl.login.refresh.min.period.seconds = 60
	sasl.login.refresh.window.factor = 0.8
	sasl.login.refresh.window.jitter = 0.05
	sasl.login.retry.backoff.max.ms = 10000
	sasl.login.retry.backoff.ms = 100
	sasl.mechanism = GSSAPI
	sasl.oauthbearer.clock.skew.seconds = 30
	sasl.oauthbearer.expected.audience = null
	sasl.oauthbearer.expected.issuer = null
	sasl.oauthbearer.jwks.endpoint.refresh.ms = 3600000
	sasl.oauthbearer.jwks.endpoint.retry.backoff.max.ms = 10000
	sasl.oauthbearer.jwks.endpoint.retry.backoff.ms = 100
	sasl.oauthbearer.jwks.endpoint.url = null
	sasl.oauthbearer.scope.claim.name = scope
	sasl.oauthbearer.sub.claim.name = sub
	sasl.oauthbearer.token.endpoint.url = null
	security.protocol = PLAINTEXT
	security.providers = null
	send.buffer.bytes = 131072
	session.timeout.ms = 45000
	socket.connection.setup.timeout.max.ms = 30000
	socket.connection.setup.timeout.ms = 10000
	ssl.cipher.suites = null
	ssl.enabled.protocols = [TLSv1.2, TLSv1.3]
	ssl.endpoint.identification.algorithm = https
	ssl.engine.factory.class = null
	ssl.key.password = null
	ssl.keymanager.algorithm = SunX509
	ssl.keystore.certificate.chain = null
	ssl.keystore.key = null
	ssl.keystore.location = null
	ssl.keystore.password = null
	ssl.keystore.type = JKS
	ssl.protocol = TLSv1.3
	ssl.provider = null
	ssl.secure.random.implementation = null
	ssl.trustmanager.algorithm = PKIX
	ssl.truststore.certificates = null
	ssl.truststore.location = null
	ssl.truststore.password = null
	ssl.truststore.type = JKS
	value.deserializer = class org.apache.kafka.common.serialization.ByteArrayDeserializer

21:18:05.013 [main] [INFO ] o.a.kafka.common.utils.AppInfoParser.<init>:119 - Kafka version: 3.1.2
21:18:05.013 [main] [INFO ] o.a.kafka.common.utils.AppInfoParser.<init>:120 - Kafka commitId: f8c67dc3ae0a3265
21:18:05.013 [main] [INFO ] o.a.kafka.common.utils.AppInfoParser.<init>:121 - Kafka startTimeMs: 1772630285013
21:18:05.013 [main] [INFO ] o.a.k.clients.consumer.KafkaConsumer.subscribe:966 - [Consumer clientId=consumer-wallet-post-3, groupId=wallet-post] Subscribed to topic(s): wallet.ledger.command.posting
21:18:05.090 [main] [INFO ] n.d.b.g.s.s.AbstractGrpcServerFactory.configureServices:108 - Registered gRPC service: ledger.AccountService, bean: accountServiceImpl, class: com.exchange.app.ledger.service.AccountServiceImpl
21:18:05.090 [main] [INFO ] n.d.b.g.s.s.AbstractGrpcServerFactory.configureServices:108 - Registered gRPC service: ledger.PostService, bean: postServiceImpl, class: com.exchange.app.ledger.service.PostServiceImpl
21:18:05.090 [main] [INFO ] n.d.b.g.s.s.AbstractGrpcServerFactory.configureServices:108 - Registered gRPC service: grpc.health.v1.Health, bean: grpcHealthService, class: io.grpc.protobuf.services.HealthServiceImpl
21:18:05.090 [main] [INFO ] n.d.b.g.s.s.AbstractGrpcServerFactory.configureServices:108 - Registered gRPC service: grpc.reflection.v1alpha.ServerReflection, bean: protoReflectionService, class: io.grpc.protobuf.services.ProtoReflectionService
21:18:05.276 [org.springframework.kafka.KafkaListenerEndpointContainer#0-1-C-1] [INFO ] org.apache.kafka.clients.Metadata.updateLatestMetadata:402 - [Consumer clientId=consumer-wallet-post-2, groupId=wallet-post] Resetting the last seen epoch of partition wallet.ledger.command.posting-0 to 0 since the associated topicId changed from null to 6CMdvSfjT4i9qNvLK0rz0g
21:18:05.276 [org.springframework.kafka.KafkaListenerEndpointContainer#0-2-C-1] [INFO ] org.apache.kafka.clients.Metadata.updateLatestMetadata:402 - [Consumer clientId=consumer-wallet-post-3, groupId=wallet-post] Resetting the last seen epoch of partition wallet.ledger.command.posting-0 to 0 since the associated topicId changed from null to 6CMdvSfjT4i9qNvLK0rz0g
21:18:05.276 [org.springframework.kafka.KafkaListenerEndpointContainer#0-0-C-1] [INFO ] org.apache.kafka.clients.Metadata.updateLatestMetadata:402 - [Consumer clientId=consumer-wallet-post-1, groupId=wallet-post] Resetting the last seen epoch of partition wallet.ledger.command.posting-0 to 0 since the associated topicId changed from null to 6CMdvSfjT4i9qNvLK0rz0g
21:18:05.287 [org.springframework.kafka.KafkaListenerEndpointContainer#0-2-C-1] [INFO ] org.apache.kafka.clients.Metadata.update:287 - [Consumer clientId=consumer-wallet-post-3, groupId=wallet-post] Cluster ID: xhieLtErTGiHtNba1-gbcg
21:18:05.287 [org.springframework.kafka.KafkaListenerEndpointContainer#0-1-C-1] [INFO ] org.apache.kafka.clients.Metadata.update:287 - [Consumer clientId=consumer-wallet-post-2, groupId=wallet-post] Cluster ID: xhieLtErTGiHtNba1-gbcg
21:18:05.287 [org.springframework.kafka.KafkaListenerEndpointContainer#0-0-C-1] [INFO ] org.apache.kafka.clients.Metadata.update:287 - [Consumer clientId=consumer-wallet-post-1, groupId=wallet-post] Cluster ID: xhieLtErTGiHtNba1-gbcg
21:18:05.287 [org.springframework.kafka.KafkaListenerEndpointContainer#0-0-C-1] [INFO ] o.a.k.c.c.i.ConsumerCoordinator.onSuccess:853 - [Consumer clientId=consumer-wallet-post-1, groupId=wallet-post] Discovered group coordinator 192.168.52.100:9092 (id: 2147483647 rack: null)
21:18:05.287 [org.springframework.kafka.KafkaListenerEndpointContainer#0-2-C-1] [INFO ] o.a.k.c.c.i.ConsumerCoordinator.onSuccess:853 - [Consumer clientId=consumer-wallet-post-3, groupId=wallet-post] Discovered group coordinator 192.168.52.100:9092 (id: 2147483647 rack: null)
21:18:05.287 [org.springframework.kafka.KafkaListenerEndpointContainer#0-1-C-1] [INFO ] o.a.k.c.c.i.ConsumerCoordinator.onSuccess:853 - [Consumer clientId=consumer-wallet-post-2, groupId=wallet-post] Discovered group coordinator 192.168.52.100:9092 (id: 2147483647 rack: null)
21:18:05.289 [org.springframework.kafka.KafkaListenerEndpointContainer#0-2-C-1] [INFO ] o.a.k.c.c.i.ConsumerCoordinator.sendJoinGroupRequest:535 - [Consumer clientId=consumer-wallet-post-3, groupId=wallet-post] (Re-)joining group
21:18:05.289 [org.springframework.kafka.KafkaListenerEndpointContainer#0-0-C-1] [INFO ] o.a.k.c.c.i.ConsumerCoordinator.sendJoinGroupRequest:535 - [Consumer clientId=consumer-wallet-post-1, groupId=wallet-post] (Re-)joining group
21:18:05.289 [org.springframework.kafka.KafkaListenerEndpointContainer#0-1-C-1] [INFO ] o.a.k.c.c.i.ConsumerCoordinator.sendJoinGroupRequest:535 - [Consumer clientId=consumer-wallet-post-2, groupId=wallet-post] (Re-)joining group
21:18:05.300 [org.springframework.kafka.KafkaListenerEndpointContainer#0-2-C-1] [INFO ] o.a.k.c.c.i.ConsumerCoordinator.requestRejoin:1000 - [Consumer clientId=consumer-wallet-post-3, groupId=wallet-post] Request joining group due to: need to re-join with the given member-id
21:18:05.300 [org.springframework.kafka.KafkaListenerEndpointContainer#0-2-C-1] [INFO ] o.a.k.c.c.i.ConsumerCoordinator.sendJoinGroupRequest:535 - [Consumer clientId=consumer-wallet-post-3, groupId=wallet-post] (Re-)joining group
21:18:05.314 [org.springframework.kafka.KafkaListenerEndpointContainer#0-1-C-1] [INFO ] o.a.k.c.c.i.ConsumerCoordinator.requestRejoin:1000 - [Consumer clientId=consumer-wallet-post-2, groupId=wallet-post] Request joining group due to: need to re-join with the given member-id
21:18:05.314 [org.springframework.kafka.KafkaListenerEndpointContainer#0-0-C-1] [INFO ] o.a.k.c.c.i.ConsumerCoordinator.requestRejoin:1000 - [Consumer clientId=consumer-wallet-post-1, groupId=wallet-post] Request joining group due to: need to re-join with the given member-id
21:18:05.314 [org.springframework.kafka.KafkaListenerEndpointContainer#0-0-C-1] [INFO ] o.a.k.c.c.i.ConsumerCoordinator.sendJoinGroupRequest:535 - [Consumer clientId=consumer-wallet-post-1, groupId=wallet-post] (Re-)joining group
21:18:05.314 [org.springframework.kafka.KafkaListenerEndpointContainer#0-1-C-1] [INFO ] o.a.k.c.c.i.ConsumerCoordinator.sendJoinGroupRequest:535 - [Consumer clientId=consumer-wallet-post-2, groupId=wallet-post] (Re-)joining group
21:18:05.314 [org.springframework.kafka.KafkaListenerEndpointContainer#0-2-C-1] [INFO ] o.a.k.c.c.i.ConsumerCoordinator.handle:595 - [Consumer clientId=consumer-wallet-post-3, groupId=wallet-post] Successfully joined group with generation Generation{generationId=56, memberId='consumer-wallet-post-3-a68b51be-727c-4b44-80c3-fd9b50e4680a', protocol='range'}
21:18:05.321 [org.springframework.kafka.KafkaListenerEndpointContainer#0-1-C-1] [INFO ] o.a.k.c.c.i.ConsumerCoordinator.handle:595 - [Consumer clientId=consumer-wallet-post-2, groupId=wallet-post] Successfully joined group with generation Generation{generationId=56, memberId='consumer-wallet-post-2-fa0933a4-5abc-49b5-a280-73ccaa2bfd80', protocol='range'}
21:18:05.321 [org.springframework.kafka.KafkaListenerEndpointContainer#0-2-C-1] [INFO ] o.a.k.c.c.i.ConsumerCoordinator.handle:784 - [Consumer clientId=consumer-wallet-post-3, groupId=wallet-post] SyncGroup failed: The group began another rebalance. Need to re-join the group. Sent generation was Generation{generationId=56, memberId='consumer-wallet-post-3-a68b51be-727c-4b44-80c3-fd9b50e4680a', protocol='range'}
21:18:05.321 [org.springframework.kafka.KafkaListenerEndpointContainer#0-2-C-1] [INFO ] o.a.k.c.c.i.ConsumerCoordinator.sendJoinGroupRequest:535 - [Consumer clientId=consumer-wallet-post-3, groupId=wallet-post] (Re-)joining group
21:18:05.321 [org.springframework.kafka.KafkaListenerEndpointContainer#0-1-C-1] [INFO ] o.a.k.c.c.i.ConsumerCoordinator.performAssignment:659 - [Consumer clientId=consumer-wallet-post-2, groupId=wallet-post] Finished assignment for group at generation 56: {consumer-wallet-post-3-a68b51be-727c-4b44-80c3-fd9b50e4680a=Assignment(partitions=[]), consumer-wallet-post-2-fa0933a4-5abc-49b5-a280-73ccaa2bfd80=Assignment(partitions=[wallet.ledger.command.posting-0])}
21:18:05.321 [org.springframework.kafka.KafkaListenerEndpointContainer#0-1-C-1] [INFO ] o.a.k.c.c.i.ConsumerCoordinator.handle:784 - [Consumer clientId=consumer-wallet-post-2, groupId=wallet-post] SyncGroup failed: The group began another rebalance. Need to re-join the group. Sent generation was Generation{generationId=56, memberId='consumer-wallet-post-2-fa0933a4-5abc-49b5-a280-73ccaa2bfd80', protocol='range'}
21:18:05.321 [org.springframework.kafka.KafkaListenerEndpointContainer#0-1-C-1] [INFO ] o.a.k.c.c.i.ConsumerCoordinator.sendJoinGroupRequest:535 - [Consumer clientId=consumer-wallet-post-2, groupId=wallet-post] (Re-)joining group
21:18:05.321 [org.springframework.kafka.KafkaListenerEndpointContainer#0-0-C-1] [INFO ] o.a.k.c.c.i.ConsumerCoordinator.handle:595 - [Consumer clientId=consumer-wallet-post-1, groupId=wallet-post] Successfully joined group with generation Generation{generationId=57, memberId='consumer-wallet-post-1-82433172-a834-45eb-a148-f985e0feea98', protocol='range'}
21:18:05.321 [org.springframework.kafka.KafkaListenerEndpointContainer#0-2-C-1] [INFO ] o.a.k.c.c.i.ConsumerCoordinator.handle:595 - [Consumer clientId=consumer-wallet-post-3, groupId=wallet-post] Successfully joined group with generation Generation{generationId=57, memberId='consumer-wallet-post-3-a68b51be-727c-4b44-80c3-fd9b50e4680a', protocol='range'}
21:18:05.330 [org.springframework.kafka.KafkaListenerEndpointContainer#0-1-C-1] [INFO ] o.a.k.c.c.i.ConsumerCoordinator.handle:595 - [Consumer clientId=consumer-wallet-post-2, groupId=wallet-post] Successfully joined group with generation Generation{generationId=57, memberId='consumer-wallet-post-2-fa0933a4-5abc-49b5-a280-73ccaa2bfd80', protocol='range'}
21:18:05.330 [org.springframework.kafka.KafkaListenerEndpointContainer#0-1-C-1] [INFO ] o.a.k.c.c.i.ConsumerCoordinator.performAssignment:659 - [Consumer clientId=consumer-wallet-post-2, groupId=wallet-post] Finished assignment for group at generation 57: {consumer-wallet-post-1-82433172-a834-45eb-a148-f985e0feea98=Assignment(partitions=[wallet.ledger.command.posting-0]), consumer-wallet-post-3-a68b51be-727c-4b44-80c3-fd9b50e4680a=Assignment(partitions=[]), consumer-wallet-post-2-fa0933a4-5abc-49b5-a280-73ccaa2bfd80=Assignment(partitions=[])}
21:18:05.331 [org.springframework.kafka.KafkaListenerEndpointContainer#0-0-C-1] [INFO ] o.a.k.c.c.i.ConsumerCoordinator.handle:761 - [Consumer clientId=consumer-wallet-post-1, groupId=wallet-post] Successfully synced group in generation Generation{generationId=57, memberId='consumer-wallet-post-1-82433172-a834-45eb-a148-f985e0feea98', protocol='range'}
21:18:05.331 [org.springframework.kafka.KafkaListenerEndpointContainer#0-2-C-1] [INFO ] o.a.k.c.c.i.ConsumerCoordinator.handle:761 - [Consumer clientId=consumer-wallet-post-3, groupId=wallet-post] Successfully synced group in generation Generation{generationId=57, memberId='consumer-wallet-post-3-a68b51be-727c-4b44-80c3-fd9b50e4680a', protocol='range'}
21:18:05.331 [org.springframework.kafka.KafkaListenerEndpointContainer#0-0-C-1] [INFO ] o.a.k.c.c.i.ConsumerCoordinator.invokeOnAssignment:280 - [Consumer clientId=consumer-wallet-post-1, groupId=wallet-post] Notifying assignor about the new Assignment(partitions=[wallet.ledger.command.posting-0])
21:18:05.331 [org.springframework.kafka.KafkaListenerEndpointContainer#0-1-C-1] [INFO ] o.a.k.c.c.i.ConsumerCoordinator.handle:761 - [Consumer clientId=consumer-wallet-post-2, groupId=wallet-post] Successfully synced group in generation Generation{generationId=57, memberId='consumer-wallet-post-2-fa0933a4-5abc-49b5-a280-73ccaa2bfd80', protocol='range'}
21:18:05.331 [org.springframework.kafka.KafkaListenerEndpointContainer#0-2-C-1] [INFO ] o.a.k.c.c.i.ConsumerCoordinator.invokeOnAssignment:280 - [Consumer clientId=consumer-wallet-post-3, groupId=wallet-post] Notifying assignor about the new Assignment(partitions=[])
21:18:05.331 [org.springframework.kafka.KafkaListenerEndpointContainer#0-2-C-1] [INFO ] o.a.k.c.c.i.ConsumerCoordinator.invokePartitionsAssigned:292 - [Consumer clientId=consumer-wallet-post-3, groupId=wallet-post] Adding newly assigned partitions: 
21:18:05.331 [org.springframework.kafka.KafkaListenerEndpointContainer#0-1-C-1] [INFO ] o.a.k.c.c.i.ConsumerCoordinator.invokeOnAssignment:280 - [Consumer clientId=consumer-wallet-post-2, groupId=wallet-post] Notifying assignor about the new Assignment(partitions=[])
21:18:05.331 [org.springframework.kafka.KafkaListenerEndpointContainer#0-1-C-1] [INFO ] o.a.k.c.c.i.ConsumerCoordinator.invokePartitionsAssigned:292 - [Consumer clientId=consumer-wallet-post-2, groupId=wallet-post] Adding newly assigned partitions: 
21:18:05.331 [org.springframework.kafka.KafkaListenerEndpointContainer#0-2-C-1] [INFO ] o.s.k.l.KafkaMessageListenerContainer.info:292 - wallet-post: partitions assigned: []
21:18:05.331 [org.springframework.kafka.KafkaListenerEndpointContainer#0-1-C-1] [INFO ] o.s.k.l.KafkaMessageListenerContainer.info:292 - wallet-post: partitions assigned: []
21:18:05.331 [org.springframework.kafka.KafkaListenerEndpointContainer#0-0-C-1] [INFO ] o.a.k.c.c.i.ConsumerCoordinator.invokePartitionsAssigned:292 - [Consumer clientId=consumer-wallet-post-1, groupId=wallet-post] Adding newly assigned partitions: wallet.ledger.command.posting-0
21:18:05.344 [org.springframework.kafka.KafkaListenerEndpointContainer#0-0-C-1] [INFO ] o.a.k.c.c.i.ConsumerCoordinator.refreshCommittedOffsetsIfNeeded:851 - [Consumer clientId=consumer-wallet-post-1, groupId=wallet-post] Setting offset for partition wallet.ledger.command.posting-0 to the committed offset FetchPosition{offset=64, offsetEpoch=Optional.empty, currentLeader=LeaderAndEpoch{leader=Optional[192.168.52.100:9092 (id: 0 rack: null)], epoch=0}}
21:18:05.344 [org.springframework.kafka.KafkaListenerEndpointContainer#0-0-C-1] [INFO ] o.s.k.l.KafkaMessageListenerContainer.info:292 - wallet-post: partitions assigned: [wallet.ledger.command.posting-0]
21:18:05.646 [main] [INFO ] n.d.b.g.s.s.GrpcServerLifecycle.createAndStartGrpcServer:116 - gRPC Server started, listening on address: *, port: 9091
21:18:05.651 [main] [INFO ] c.e.a.l.p.PostLedgerProcessorTest.logStarted:61 - Started PostLedgerProcessorTest in 7.698 seconds (JVM running for 8.601)
21:18:06.081 [main] [INFO ] com.zaxxer.hikari.HikariDataSource.getConnection:110 - HikariPool-1 - Starting...
21:18:06.193 [main] [INFO ] com.zaxxer.hikari.HikariDataSource.getConnection:123 - HikariPool-1 - Start completed.
21:18:06.237 [main] [ERROR] c.e.a.l.p.post.PostLedgerProcessor.postTransaction:72 - account not found, notFoundRefs=[]
21:18:10.016 [scheduling-1] [INFO ] c.e.a.l.c.outbox.OutboxDispatcher.dispatch:18 - outbox dispatch start
21:18:10.040 [scheduling-1] [INFO ] c.e.c.o.retry.OutboxRetryHandler.retry:86 - outbox retry success: 0, failed: 0
21:18:10.040 [scheduling-1] [INFO ] c.e.a.l.c.outbox.OutboxDispatcher.dispatch:20 - outbox dispatch end
21:18:36.275 [scheduling-1] [INFO ] c.e.a.l.c.outbox.OutboxDispatcher.dispatch:18 - outbox dispatch start
21:18:41.933 [scheduling-1] [INFO ] c.e.c.o.retry.OutboxRetryHandler.retry:86 - outbox retry success: 0, failed: 0
21:18:41.933 [scheduling-1] [INFO ] c.e.a.l.c.outbox.OutboxDispatcher.dispatch:20 - outbox dispatch end
21:18:41.942 [main] [INFO ] c.e.a.l.p.PostLedgerProcessorTest.testPostTxnSuccess:52 - reply: error {
  code: ERROR_NOT_FOUND
  message: "account_not_found"
  detail: "account_not_found, refs: []"
}

21:18:41.954 [SpringApplicationShutdownHook] [INFO ] n.d.b.g.s.s.GrpcServerLifecycle.stopAndReleaseGrpcServer:160 - Completed gRPC server shutdown
21:18:41.959 [org.springframework.kafka.KafkaListenerEndpointContainer#0-2-C-1] [INFO ] o.a.k.c.c.i.ConsumerCoordinator.maybeLeaveGroup:1060 - [Consumer clientId=consumer-wallet-post-3, groupId=wallet-post] Member consumer-wallet-post-3-a68b51be-727c-4b44-80c3-fd9b50e4680a sending LeaveGroup request to coordinator 192.168.52.100:9092 (id: 2147483647 rack: null) due to the consumer unsubscribed from all topics
21:18:41.959 [org.springframework.kafka.KafkaListenerEndpointContainer#0-0-C-1] [INFO ] o.a.k.c.c.i.ConsumerCoordinator.invokePartitionsRevoked:311 - [Consumer clientId=consumer-wallet-post-1, groupId=wallet-post] Revoke previously assigned partitions wallet.ledger.command.posting-0
21:18:41.959 [org.springframework.kafka.KafkaListenerEndpointContainer#0-1-C-1] [INFO ] o.a.k.c.c.i.ConsumerCoordinator.maybeLeaveGroup:1060 - [Consumer clientId=consumer-wallet-post-2, groupId=wallet-post] Member consumer-wallet-post-2-fa0933a4-5abc-49b5-a280-73ccaa2bfd80 sending LeaveGroup request to coordinator 192.168.52.100:9092 (id: 2147483647 rack: null) due to the consumer unsubscribed from all topics
21:18:41.959 [org.springframework.kafka.KafkaListenerEndpointContainer#0-0-C-1] [INFO ] o.s.k.l.KafkaMessageListenerContainer.info:292 - wallet-post: partitions revoked: [wallet.ledger.command.posting-0]
21:18:41.959 [org.springframework.kafka.KafkaListenerEndpointContainer#0-2-C-1] [INFO ] o.a.k.c.c.i.ConsumerCoordinator.resetStateAndGeneration:972 - [Consumer clientId=consumer-wallet-post-3, groupId=wallet-post] Resetting generation due to: consumer pro-actively leaving the group
21:18:41.959 [org.springframework.kafka.KafkaListenerEndpointContainer#0-1-C-1] [INFO ] o.a.k.c.c.i.ConsumerCoordinator.resetStateAndGeneration:972 - [Consumer clientId=consumer-wallet-post-2, groupId=wallet-post] Resetting generation due to: consumer pro-actively leaving the group
21:18:41.959 [org.springframework.kafka.KafkaListenerEndpointContainer#0-2-C-1] [INFO ] o.a.k.c.c.i.ConsumerCoordinator.requestRejoin:1000 - [Consumer clientId=consumer-wallet-post-3, groupId=wallet-post] Request joining group due to: consumer pro-actively leaving the group
21:18:41.959 [org.springframework.kafka.KafkaListenerEndpointContainer#0-1-C-1] [INFO ] o.a.k.c.c.i.ConsumerCoordinator.requestRejoin:1000 - [Consumer clientId=consumer-wallet-post-2, groupId=wallet-post] Request joining group due to: consumer pro-actively leaving the group
21:18:41.959 [org.springframework.kafka.KafkaListenerEndpointContainer#0-2-C-1] [INFO ] o.a.k.clients.consumer.KafkaConsumer.unsubscribe:1075 - [Consumer clientId=consumer-wallet-post-3, groupId=wallet-post] Unsubscribed all topics or patterns and assigned partitions
21:18:41.959 [org.springframework.kafka.KafkaListenerEndpointContainer#0-1-C-1] [INFO ] o.a.k.clients.consumer.KafkaConsumer.unsubscribe:1075 - [Consumer clientId=consumer-wallet-post-2, groupId=wallet-post] Unsubscribed all topics or patterns and assigned partitions
21:18:41.959 [org.springframework.kafka.KafkaListenerEndpointContainer#0-0-C-1] [INFO ] o.a.k.c.c.i.ConsumerCoordinator.maybeLeaveGroup:1060 - [Consumer clientId=consumer-wallet-post-1, groupId=wallet-post] Member consumer-wallet-post-1-82433172-a834-45eb-a148-f985e0feea98 sending LeaveGroup request to coordinator 192.168.52.100:9092 (id: 2147483647 rack: null) due to the consumer unsubscribed from all topics
21:18:41.959 [org.springframework.kafka.KafkaListenerEndpointContainer#0-0-C-1] [INFO ] o.a.k.c.c.i.ConsumerCoordinator.resetStateAndGeneration:972 - [Consumer clientId=consumer-wallet-post-1, groupId=wallet-post] Resetting generation due to: consumer pro-actively leaving the group
21:18:41.959 [org.springframework.kafka.KafkaListenerEndpointContainer#0-0-C-1] [INFO ] o.a.k.c.c.i.ConsumerCoordinator.requestRejoin:1000 - [Consumer clientId=consumer-wallet-post-1, groupId=wallet-post] Request joining group due to: consumer pro-actively leaving the group
21:18:41.959 [org.springframework.kafka.KafkaListenerEndpointContainer#0-0-C-1] [INFO ] o.a.k.clients.consumer.KafkaConsumer.unsubscribe:1075 - [Consumer clientId=consumer-wallet-post-1, groupId=wallet-post] Unsubscribed all topics or patterns and assigned partitions
21:18:41.963 [org.springframework.kafka.KafkaListenerEndpointContainer#0-1-C-1] [INFO ] o.a.k.c.c.i.ConsumerCoordinator.resetStateAndGeneration:972 - [Consumer clientId=consumer-wallet-post-2, groupId=wallet-post] Resetting generation due to: consumer pro-actively leaving the group
21:18:41.963 [org.springframework.kafka.KafkaListenerEndpointContainer#0-2-C-1] [INFO ] o.a.k.c.c.i.ConsumerCoordinator.resetStateAndGeneration:972 - [Consumer clientId=consumer-wallet-post-3, groupId=wallet-post] Resetting generation due to: consumer pro-actively leaving the group
21:18:41.963 [org.springframework.kafka.KafkaListenerEndpointContainer#0-0-C-1] [INFO ] o.a.k.c.c.i.ConsumerCoordinator.resetStateAndGeneration:972 - [Consumer clientId=consumer-wallet-post-1, groupId=wallet-post] Resetting generation due to: consumer pro-actively leaving the group
21:18:41.963 [org.springframework.kafka.KafkaListenerEndpointContainer#0-1-C-1] [INFO ] o.a.k.c.c.i.ConsumerCoordinator.requestRejoin:1000 - [Consumer clientId=consumer-wallet-post-2, groupId=wallet-post] Request joining group due to: consumer pro-actively leaving the group
21:18:41.963 [org.springframework.kafka.KafkaListenerEndpointContainer#0-2-C-1] [INFO ] o.a.k.c.c.i.ConsumerCoordinator.requestRejoin:1000 - [Consumer clientId=consumer-wallet-post-3, groupId=wallet-post] Request joining group due to: consumer pro-actively leaving the group
21:18:41.963 [org.springframework.kafka.KafkaListenerEndpointContainer#0-0-C-1] [INFO ] o.a.k.c.c.i.ConsumerCoordinator.requestRejoin:1000 - [Consumer clientId=consumer-wallet-post-1, groupId=wallet-post] Request joining group due to: consumer pro-actively leaving the group
21:18:41.963 [org.springframework.kafka.KafkaListenerEndpointContainer#0-2-C-1] [INFO ] o.a.kafka.common.metrics.Metrics.close:659 - Metrics scheduler closed
21:18:41.963 [org.springframework.kafka.KafkaListenerEndpointContainer#0-1-C-1] [INFO ] o.a.kafka.common.metrics.Metrics.close:659 - Metrics scheduler closed
21:18:41.963 [org.springframework.kafka.KafkaListenerEndpointContainer#0-2-C-1] [INFO ] o.a.kafka.common.metrics.Metrics.close:663 - Closing reporter org.apache.kafka.common.metrics.JmxReporter
21:18:41.963 [org.springframework.kafka.KafkaListenerEndpointContainer#0-1-C-1] [INFO ] o.a.kafka.common.metrics.Metrics.close:663 - Closing reporter org.apache.kafka.common.metrics.JmxReporter
21:18:41.963 [org.springframework.kafka.KafkaListenerEndpointContainer#0-2-C-1] [INFO ] o.a.kafka.common.metrics.Metrics.close:669 - Metrics reporters closed
21:18:41.963 [org.springframework.kafka.KafkaListenerEndpointContainer#0-1-C-1] [INFO ] o.a.kafka.common.metrics.Metrics.close:669 - Metrics reporters closed
21:18:41.969 [org.springframework.kafka.KafkaListenerEndpointContainer#0-0-C-1] [INFO ] o.a.kafka.common.metrics.Metrics.close:659 - Metrics scheduler closed
21:18:41.969 [org.springframework.kafka.KafkaListenerEndpointContainer#0-0-C-1] [INFO ] o.a.kafka.common.metrics.Metrics.close:663 - Closing reporter org.apache.kafka.common.metrics.JmxReporter
21:18:41.969 [org.springframework.kafka.KafkaListenerEndpointContainer#0-0-C-1] [INFO ] o.a.kafka.common.metrics.Metrics.close:669 - Metrics reporters closed
21:18:41.973 [org.springframework.kafka.KafkaListenerEndpointContainer#0-1-C-1] [INFO ] o.a.kafka.common.utils.AppInfoParser.unregisterAppInfo:83 - App info kafka.consumer for consumer-wallet-post-2 unregistered
21:18:41.973 [org.springframework.kafka.KafkaListenerEndpointContainer#0-1-C-1] [INFO ] o.s.k.l.KafkaMessageListenerContainer.info:292 - wallet-post: Consumer stopped
21:18:41.973 [org.springframework.kafka.KafkaListenerEndpointContainer#0-2-C-1] [INFO ] o.a.kafka.common.utils.AppInfoParser.unregisterAppInfo:83 - App info kafka.consumer for consumer-wallet-post-3 unregistered
21:18:41.973 [org.springframework.kafka.KafkaListenerEndpointContainer#0-2-C-1] [INFO ] o.s.k.l.KafkaMessageListenerContainer.info:292 - wallet-post: Consumer stopped
21:18:41.973 [org.springframework.kafka.KafkaListenerEndpointContainer#0-0-C-1] [INFO ] o.a.kafka.common.utils.AppInfoParser.unregisterAppInfo:83 - App info kafka.consumer for consumer-wallet-post-1 unregistered
21:18:41.973 [org.springframework.kafka.KafkaListenerEndpointContainer#0-0-C-1] [INFO ] o.s.k.l.KafkaMessageListenerContainer.info:292 - wallet-post: Consumer stopped
21:18:42.013 [SpringApplicationShutdownHook] [INFO ] com.zaxxer.hikari.HikariDataSource.close:350 - HikariPool-1 - Shutdown initiated...
21:18:42.029 [SpringApplicationShutdownHook] [INFO ] com.zaxxer.hikari.HikariDataSource.close:352 - HikariPool-1 - Shutdown completed.
21:20:04.451 [main] [INFO ] c.e.a.l.p.PostLedgerProcessorTest.logStarting:55 - Starting PostLedgerProcessorTest using Java 11.0.29 on Sunsunsun with PID 38708 (started by Sun in D:\TestProgram\Java\JavaEE\z-exchange\ledger-service)
21:20:04.451 [main] [INFO ] c.e.a.l.p.PostLedgerProcessorTest.logStartupProfileInfo:631 - No active profile set, falling back to 1 default profile: "default"
21:20:05.242 [main] [INFO ] o.s.d.r.c.RepositoryConfigurationDelegate.multipleStoresDetected:262 - Multiple Spring Data modules found, entering strict repository configuration mode
21:20:05.242 [main] [INFO ] o.s.d.r.c.RepositoryConfigurationDelegate.registerRepositoriesIn:132 - Bootstrapping Spring Data Redis repositories in DEFAULT mode.
21:20:05.262 [main] [INFO ] o.s.d.r.c.RepositoryConfigurationDelegate.registerRepositoriesIn:201 - Finished Spring Data repository scanning in 10 ms. Found 0 Redis repository interfaces.
21:20:07.398 [main] [INFO ] org.redisson.Version.logVersion:41 - Redisson 3.17.7
21:20:07.806 [redisson-netty-2-5] [INFO ] o.r.c.p.MasterPubSubConnectionPool.lambda$createConnection$1:161 - 1 connections initialized for 192.168.52.100/192.168.52.100:6379
21:20:07.872 [redisson-netty-2-19] [INFO ] o.r.c.pool.MasterConnectionPool.lambda$createConnection$1:161 - 24 connections initialized for 192.168.52.100/192.168.52.100:6379
21:20:09.266 [main] [INFO ] n.d.b.g.s.a.GrpcServerFactoryAutoConfiguration.shadedNettyGrpcServerFactory:74 - Detected grpc-netty-shaded: Creating ShadedNettyGrpcServerFactory
21:20:10.011 [main] [INFO ] o.s.b.a.e.web.EndpointLinksResolver.<init>:58 - Exposing 1 endpoint(s) beneath base path '/actuator'
21:20:10.145 [main] [INFO ] o.a.k.c.consumer.ConsumerConfig.logAll:376 - ConsumerConfig values: 
	allow.auto.create.topics = true
	auto.commit.interval.ms = 5000
	auto.offset.reset = latest
	bootstrap.servers = [192.168.52.100:9092]
	check.crcs = true
	client.dns.lookup = use_all_dns_ips
	client.id = consumer-wallet-post-1
	client.rack = 
	connections.max.idle.ms = 540000
	default.api.timeout.ms = 60000
	enable.auto.commit = false
	exclude.internal.topics = true
	fetch.max.bytes = 52428800
	fetch.max.wait.ms = 500
	fetch.min.bytes = 1
	group.id = wallet-post
	group.instance.id = null
	heartbeat.interval.ms = 3000
	interceptor.classes = []
	internal.leave.group.on.close = true
	internal.throw.on.fetch.stable.offset.unsupported = false
	isolation.level = read_uncommitted
	key.deserializer = class org.apache.kafka.common.serialization.StringDeserializer
	max.partition.fetch.bytes = 1048576
	max.poll.interval.ms = 300000
	max.poll.records = 500
	metadata.max.age.ms = 300000
	metric.reporters = []
	metrics.num.samples = 2
	metrics.recording.level = INFO
	metrics.sample.window.ms = 30000
	partition.assignment.strategy = [class org.apache.kafka.clients.consumer.RangeAssignor, class org.apache.kafka.clients.consumer.CooperativeStickyAssignor]
	receive.buffer.bytes = 65536
	reconnect.backoff.max.ms = 1000
	reconnect.backoff.ms = 50
	request.timeout.ms = 30000
	retry.backoff.ms = 100
	sasl.client.callback.handler.class = null
	sasl.jaas.config = null
	sasl.kerberos.kinit.cmd = /usr/bin/kinit
	sasl.kerberos.min.time.before.relogin = 60000
	sasl.kerberos.service.name = null
	sasl.kerberos.ticket.renew.jitter = 0.05
	sasl.kerberos.ticket.renew.window.factor = 0.8
	sasl.login.callback.handler.class = null
	sasl.login.class = null
	sasl.login.connect.timeout.ms = null
	sasl.login.read.timeout.ms = null
	sasl.login.refresh.buffer.seconds = 300
	sasl.login.refresh.min.period.seconds = 60
	sasl.login.refresh.window.factor = 0.8
	sasl.login.refresh.window.jitter = 0.05
	sasl.login.retry.backoff.max.ms = 10000
	sasl.login.retry.backoff.ms = 100
	sasl.mechanism = GSSAPI
	sasl.oauthbearer.clock.skew.seconds = 30
	sasl.oauthbearer.expected.audience = null
	sasl.oauthbearer.expected.issuer = null
	sasl.oauthbearer.jwks.endpoint.refresh.ms = 3600000
	sasl.oauthbearer.jwks.endpoint.retry.backoff.max.ms = 10000
	sasl.oauthbearer.jwks.endpoint.retry.backoff.ms = 100
	sasl.oauthbearer.jwks.endpoint.url = null
	sasl.oauthbearer.scope.claim.name = scope
	sasl.oauthbearer.sub.claim.name = sub
	sasl.oauthbearer.token.endpoint.url = null
	security.protocol = PLAINTEXT
	security.providers = null
	send.buffer.bytes = 131072
	session.timeout.ms = 45000
	socket.connection.setup.timeout.max.ms = 30000
	socket.connection.setup.timeout.ms = 10000
	ssl.cipher.suites = null
	ssl.enabled.protocols = [TLSv1.2, TLSv1.3]
	ssl.endpoint.identification.algorithm = https
	ssl.engine.factory.class = null
	ssl.key.password = null
	ssl.keymanager.algorithm = SunX509
	ssl.keystore.certificate.chain = null
	ssl.keystore.key = null
	ssl.keystore.location = null
	ssl.keystore.password = null
	ssl.keystore.type = JKS
	ssl.protocol = TLSv1.3
	ssl.provider = null
	ssl.secure.random.implementation = null
	ssl.trustmanager.algorithm = PKIX
	ssl.truststore.certificates = null
	ssl.truststore.location = null
	ssl.truststore.password = null
	ssl.truststore.type = JKS
	value.deserializer = class org.apache.kafka.common.serialization.ByteArrayDeserializer

21:20:10.298 [main] [INFO ] o.a.kafka.common.utils.AppInfoParser.<init>:119 - Kafka version: 3.1.2
21:20:10.298 [main] [INFO ] o.a.kafka.common.utils.AppInfoParser.<init>:120 - Kafka commitId: f8c67dc3ae0a3265
21:20:10.298 [main] [INFO ] o.a.kafka.common.utils.AppInfoParser.<init>:121 - Kafka startTimeMs: 1772630410289
21:20:10.316 [main] [INFO ] o.a.k.clients.consumer.KafkaConsumer.subscribe:966 - [Consumer clientId=consumer-wallet-post-1, groupId=wallet-post] Subscribed to topic(s): wallet.ledger.command.posting
21:20:10.327 [main] [INFO ] o.a.k.c.consumer.ConsumerConfig.logAll:376 - ConsumerConfig values: 
	allow.auto.create.topics = true
	auto.commit.interval.ms = 5000
	auto.offset.reset = latest
	bootstrap.servers = [192.168.52.100:9092]
	check.crcs = true
	client.dns.lookup = use_all_dns_ips
	client.id = consumer-wallet-post-2
	client.rack = 
	connections.max.idle.ms = 540000
	default.api.timeout.ms = 60000
	enable.auto.commit = false
	exclude.internal.topics = true
	fetch.max.bytes = 52428800
	fetch.max.wait.ms = 500
	fetch.min.bytes = 1
	group.id = wallet-post
	group.instance.id = null
	heartbeat.interval.ms = 3000
	interceptor.classes = []
	internal.leave.group.on.close = true
	internal.throw.on.fetch.stable.offset.unsupported = false
	isolation.level = read_uncommitted
	key.deserializer = class org.apache.kafka.common.serialization.StringDeserializer
	max.partition.fetch.bytes = 1048576
	max.poll.interval.ms = 300000
	max.poll.records = 500
	metadata.max.age.ms = 300000
	metric.reporters = []
	metrics.num.samples = 2
	metrics.recording.level = INFO
	metrics.sample.window.ms = 30000
	partition.assignment.strategy = [class org.apache.kafka.clients.consumer.RangeAssignor, class org.apache.kafka.clients.consumer.CooperativeStickyAssignor]
	receive.buffer.bytes = 65536
	reconnect.backoff.max.ms = 1000
	reconnect.backoff.ms = 50
	request.timeout.ms = 30000
	retry.backoff.ms = 100
	sasl.client.callback.handler.class = null
	sasl.jaas.config = null
	sasl.kerberos.kinit.cmd = /usr/bin/kinit
	sasl.kerberos.min.time.before.relogin = 60000
	sasl.kerberos.service.name = null
	sasl.kerberos.ticket.renew.jitter = 0.05
	sasl.kerberos.ticket.renew.window.factor = 0.8
	sasl.login.callback.handler.class = null
	sasl.login.class = null
	sasl.login.connect.timeout.ms = null
	sasl.login.read.timeout.ms = null
	sasl.login.refresh.buffer.seconds = 300
	sasl.login.refresh.min.period.seconds = 60
	sasl.login.refresh.window.factor = 0.8
	sasl.login.refresh.window.jitter = 0.05
	sasl.login.retry.backoff.max.ms = 10000
	sasl.login.retry.backoff.ms = 100
	sasl.mechanism = GSSAPI
	sasl.oauthbearer.clock.skew.seconds = 30
	sasl.oauthbearer.expected.audience = null
	sasl.oauthbearer.expected.issuer = null
	sasl.oauthbearer.jwks.endpoint.refresh.ms = 3600000
	sasl.oauthbearer.jwks.endpoint.retry.backoff.max.ms = 10000
	sasl.oauthbearer.jwks.endpoint.retry.backoff.ms = 100
	sasl.oauthbearer.jwks.endpoint.url = null
	sasl.oauthbearer.scope.claim.name = scope
	sasl.oauthbearer.sub.claim.name = sub
	sasl.oauthbearer.token.endpoint.url = null
	security.protocol = PLAINTEXT
	security.providers = null
	send.buffer.bytes = 131072
	session.timeout.ms = 45000
	socket.connection.setup.timeout.max.ms = 30000
	socket.connection.setup.timeout.ms = 10000
	ssl.cipher.suites = null
	ssl.enabled.protocols = [TLSv1.2, TLSv1.3]
	ssl.endpoint.identification.algorithm = https
	ssl.engine.factory.class = null
	ssl.key.password = null
	ssl.keymanager.algorithm = SunX509
	ssl.keystore.certificate.chain = null
	ssl.keystore.key = null
	ssl.keystore.location = null
	ssl.keystore.password = null
	ssl.keystore.type = JKS
	ssl.protocol = TLSv1.3
	ssl.provider = null
	ssl.secure.random.implementation = null
	ssl.trustmanager.algorithm = PKIX
	ssl.truststore.certificates = null
	ssl.truststore.location = null
	ssl.truststore.password = null
	ssl.truststore.type = JKS
	value.deserializer = class org.apache.kafka.common.serialization.ByteArrayDeserializer

21:20:10.336 [main] [INFO ] o.a.kafka.common.utils.AppInfoParser.<init>:119 - Kafka version: 3.1.2
21:20:10.336 [main] [INFO ] o.a.kafka.common.utils.AppInfoParser.<init>:120 - Kafka commitId: f8c67dc3ae0a3265
21:20:10.336 [main] [INFO ] o.a.kafka.common.utils.AppInfoParser.<init>:121 - Kafka startTimeMs: 1772630410336
21:20:10.338 [main] [INFO ] o.a.k.clients.consumer.KafkaConsumer.subscribe:966 - [Consumer clientId=consumer-wallet-post-2, groupId=wallet-post] Subscribed to topic(s): wallet.ledger.command.posting
21:20:10.345 [main] [INFO ] o.a.k.c.consumer.ConsumerConfig.logAll:376 - ConsumerConfig values: 
	allow.auto.create.topics = true
	auto.commit.interval.ms = 5000
	auto.offset.reset = latest
	bootstrap.servers = [192.168.52.100:9092]
	check.crcs = true
	client.dns.lookup = use_all_dns_ips
	client.id = consumer-wallet-post-3
	client.rack = 
	connections.max.idle.ms = 540000
	default.api.timeout.ms = 60000
	enable.auto.commit = false
	exclude.internal.topics = true
	fetch.max.bytes = 52428800
	fetch.max.wait.ms = 500
	fetch.min.bytes = 1
	group.id = wallet-post
	group.instance.id = null
	heartbeat.interval.ms = 3000
	interceptor.classes = []
	internal.leave.group.on.close = true
	internal.throw.on.fetch.stable.offset.unsupported = false
	isolation.level = read_uncommitted
	key.deserializer = class org.apache.kafka.common.serialization.StringDeserializer
	max.partition.fetch.bytes = 1048576
	max.poll.interval.ms = 300000
	max.poll.records = 500
	metadata.max.age.ms = 300000
	metric.reporters = []
	metrics.num.samples = 2
	metrics.recording.level = INFO
	metrics.sample.window.ms = 30000
	partition.assignment.strategy = [class org.apache.kafka.clients.consumer.RangeAssignor, class org.apache.kafka.clients.consumer.CooperativeStickyAssignor]
	receive.buffer.bytes = 65536
	reconnect.backoff.max.ms = 1000
	reconnect.backoff.ms = 50
	request.timeout.ms = 30000
	retry.backoff.ms = 100
	sasl.client.callback.handler.class = null
	sasl.jaas.config = null
	sasl.kerberos.kinit.cmd = /usr/bin/kinit
	sasl.kerberos.min.time.before.relogin = 60000
	sasl.kerberos.service.name = null
	sasl.kerberos.ticket.renew.jitter = 0.05
	sasl.kerberos.ticket.renew.window.factor = 0.8
	sasl.login.callback.handler.class = null
	sasl.login.class = null
	sasl.login.connect.timeout.ms = null
	sasl.login.read.timeout.ms = null
	sasl.login.refresh.buffer.seconds = 300
	sasl.login.refresh.min.period.seconds = 60
	sasl.login.refresh.window.factor = 0.8
	sasl.login.refresh.window.jitter = 0.05
	sasl.login.retry.backoff.max.ms = 10000
	sasl.login.retry.backoff.ms = 100
	sasl.mechanism = GSSAPI
	sasl.oauthbearer.clock.skew.seconds = 30
	sasl.oauthbearer.expected.audience = null
	sasl.oauthbearer.expected.issuer = null
	sasl.oauthbearer.jwks.endpoint.refresh.ms = 3600000
	sasl.oauthbearer.jwks.endpoint.retry.backoff.max.ms = 10000
	sasl.oauthbearer.jwks.endpoint.retry.backoff.ms = 100
	sasl.oauthbearer.jwks.endpoint.url = null
	sasl.oauthbearer.scope.claim.name = scope
	sasl.oauthbearer.sub.claim.name = sub
	sasl.oauthbearer.token.endpoint.url = null
	security.protocol = PLAINTEXT
	security.providers = null
	send.buffer.bytes = 131072
	session.timeout.ms = 45000
	socket.connection.setup.timeout.max.ms = 30000
	socket.connection.setup.timeout.ms = 10000
	ssl.cipher.suites = null
	ssl.enabled.protocols = [TLSv1.2, TLSv1.3]
	ssl.endpoint.identification.algorithm = https
	ssl.engine.factory.class = null
	ssl.key.password = null
	ssl.keymanager.algorithm = SunX509
	ssl.keystore.certificate.chain = null
	ssl.keystore.key = null
	ssl.keystore.location = null
	ssl.keystore.password = null
	ssl.keystore.type = JKS
	ssl.protocol = TLSv1.3
	ssl.provider = null
	ssl.secure.random.implementation = null
	ssl.trustmanager.algorithm = PKIX
	ssl.truststore.certificates = null
	ssl.truststore.location = null
	ssl.truststore.password = null
	ssl.truststore.type = JKS
	value.deserializer = class org.apache.kafka.common.serialization.ByteArrayDeserializer

21:20:10.345 [main] [INFO ] o.a.kafka.common.utils.AppInfoParser.<init>:119 - Kafka version: 3.1.2
21:20:10.345 [main] [INFO ] o.a.kafka.common.utils.AppInfoParser.<init>:120 - Kafka commitId: f8c67dc3ae0a3265
21:20:10.345 [main] [INFO ] o.a.kafka.common.utils.AppInfoParser.<init>:121 - Kafka startTimeMs: 1772630410345
21:20:10.345 [main] [INFO ] o.a.k.clients.consumer.KafkaConsumer.subscribe:966 - [Consumer clientId=consumer-wallet-post-3, groupId=wallet-post] Subscribed to topic(s): wallet.ledger.command.posting
21:20:10.416 [main] [INFO ] n.d.b.g.s.s.AbstractGrpcServerFactory.configureServices:108 - Registered gRPC service: ledger.AccountService, bean: accountServiceImpl, class: com.exchange.app.ledger.service.AccountServiceImpl
21:20:10.416 [main] [INFO ] n.d.b.g.s.s.AbstractGrpcServerFactory.configureServices:108 - Registered gRPC service: ledger.PostService, bean: postServiceImpl, class: com.exchange.app.ledger.service.PostServiceImpl
21:20:10.416 [main] [INFO ] n.d.b.g.s.s.AbstractGrpcServerFactory.configureServices:108 - Registered gRPC service: grpc.health.v1.Health, bean: grpcHealthService, class: io.grpc.protobuf.services.HealthServiceImpl
21:20:10.416 [main] [INFO ] n.d.b.g.s.s.AbstractGrpcServerFactory.configureServices:108 - Registered gRPC service: grpc.reflection.v1alpha.ServerReflection, bean: protoReflectionService, class: io.grpc.protobuf.services.ProtoReflectionService
21:20:10.626 [org.springframework.kafka.KafkaListenerEndpointContainer#0-1-C-1] [INFO ] org.apache.kafka.clients.Metadata.updateLatestMetadata:402 - [Consumer clientId=consumer-wallet-post-2, groupId=wallet-post] Resetting the last seen epoch of partition wallet.ledger.command.posting-0 to 0 since the associated topicId changed from null to 6CMdvSfjT4i9qNvLK0rz0g
21:20:10.626 [org.springframework.kafka.KafkaListenerEndpointContainer#0-0-C-1] [INFO ] org.apache.kafka.clients.Metadata.updateLatestMetadata:402 - [Consumer clientId=consumer-wallet-post-1, groupId=wallet-post] Resetting the last seen epoch of partition wallet.ledger.command.posting-0 to 0 since the associated topicId changed from null to 6CMdvSfjT4i9qNvLK0rz0g
21:20:10.626 [org.springframework.kafka.KafkaListenerEndpointContainer#0-2-C-1] [INFO ] org.apache.kafka.clients.Metadata.updateLatestMetadata:402 - [Consumer clientId=consumer-wallet-post-3, groupId=wallet-post] Resetting the last seen epoch of partition wallet.ledger.command.posting-0 to 0 since the associated topicId changed from null to 6CMdvSfjT4i9qNvLK0rz0g
21:20:10.630 [org.springframework.kafka.KafkaListenerEndpointContainer#0-1-C-1] [INFO ] org.apache.kafka.clients.Metadata.update:287 - [Consumer clientId=consumer-wallet-post-2, groupId=wallet-post] Cluster ID: xhieLtErTGiHtNba1-gbcg
21:20:10.630 [org.springframework.kafka.KafkaListenerEndpointContainer#0-0-C-1] [INFO ] org.apache.kafka.clients.Metadata.update:287 - [Consumer clientId=consumer-wallet-post-1, groupId=wallet-post] Cluster ID: xhieLtErTGiHtNba1-gbcg
21:20:10.630 [org.springframework.kafka.KafkaListenerEndpointContainer#0-2-C-1] [INFO ] org.apache.kafka.clients.Metadata.update:287 - [Consumer clientId=consumer-wallet-post-3, groupId=wallet-post] Cluster ID: xhieLtErTGiHtNba1-gbcg
21:20:10.630 [org.springframework.kafka.KafkaListenerEndpointContainer#0-0-C-1] [INFO ] o.a.k.c.c.i.ConsumerCoordinator.onSuccess:853 - [Consumer clientId=consumer-wallet-post-1, groupId=wallet-post] Discovered group coordinator 192.168.52.100:9092 (id: 2147483647 rack: null)
21:20:10.630 [org.springframework.kafka.KafkaListenerEndpointContainer#0-1-C-1] [INFO ] o.a.k.c.c.i.ConsumerCoordinator.onSuccess:853 - [Consumer clientId=consumer-wallet-post-2, groupId=wallet-post] Discovered group coordinator 192.168.52.100:9092 (id: 2147483647 rack: null)
21:20:10.630 [org.springframework.kafka.KafkaListenerEndpointContainer#0-2-C-1] [INFO ] o.a.k.c.c.i.ConsumerCoordinator.onSuccess:853 - [Consumer clientId=consumer-wallet-post-3, groupId=wallet-post] Discovered group coordinator 192.168.52.100:9092 (id: 2147483647 rack: null)
21:20:10.630 [org.springframework.kafka.KafkaListenerEndpointContainer#0-1-C-1] [INFO ] o.a.k.c.c.i.ConsumerCoordinator.sendJoinGroupRequest:535 - [Consumer clientId=consumer-wallet-post-2, groupId=wallet-post] (Re-)joining group
21:20:10.630 [org.springframework.kafka.KafkaListenerEndpointContainer#0-2-C-1] [INFO ] o.a.k.c.c.i.ConsumerCoordinator.sendJoinGroupRequest:535 - [Consumer clientId=consumer-wallet-post-3, groupId=wallet-post] (Re-)joining group
21:20:10.630 [org.springframework.kafka.KafkaListenerEndpointContainer#0-0-C-1] [INFO ] o.a.k.c.c.i.ConsumerCoordinator.sendJoinGroupRequest:535 - [Consumer clientId=consumer-wallet-post-1, groupId=wallet-post] (Re-)joining group
21:20:10.650 [org.springframework.kafka.KafkaListenerEndpointContainer#0-1-C-1] [INFO ] o.a.k.c.c.i.ConsumerCoordinator.requestRejoin:1000 - [Consumer clientId=consumer-wallet-post-2, groupId=wallet-post] Request joining group due to: need to re-join with the given member-id
21:20:10.650 [org.springframework.kafka.KafkaListenerEndpointContainer#0-2-C-1] [INFO ] o.a.k.c.c.i.ConsumerCoordinator.requestRejoin:1000 - [Consumer clientId=consumer-wallet-post-3, groupId=wallet-post] Request joining group due to: need to re-join with the given member-id
21:20:10.650 [org.springframework.kafka.KafkaListenerEndpointContainer#0-0-C-1] [INFO ] o.a.k.c.c.i.ConsumerCoordinator.requestRejoin:1000 - [Consumer clientId=consumer-wallet-post-1, groupId=wallet-post] Request joining group due to: need to re-join with the given member-id
21:20:10.650 [org.springframework.kafka.KafkaListenerEndpointContainer#0-2-C-1] [INFO ] o.a.k.c.c.i.ConsumerCoordinator.sendJoinGroupRequest:535 - [Consumer clientId=consumer-wallet-post-3, groupId=wallet-post] (Re-)joining group
21:20:10.650 [org.springframework.kafka.KafkaListenerEndpointContainer#0-0-C-1] [INFO ] o.a.k.c.c.i.ConsumerCoordinator.sendJoinGroupRequest:535 - [Consumer clientId=consumer-wallet-post-1, groupId=wallet-post] (Re-)joining group
21:20:10.650 [org.springframework.kafka.KafkaListenerEndpointContainer#0-1-C-1] [INFO ] o.a.k.c.c.i.ConsumerCoordinator.sendJoinGroupRequest:535 - [Consumer clientId=consumer-wallet-post-2, groupId=wallet-post] (Re-)joining group
21:20:10.660 [org.springframework.kafka.KafkaListenerEndpointContainer#0-0-C-1] [INFO ] o.a.k.c.c.i.ConsumerCoordinator.handle:595 - [Consumer clientId=consumer-wallet-post-1, groupId=wallet-post] Successfully joined group with generation Generation{generationId=59, memberId='consumer-wallet-post-1-17ce19ef-6fb2-45e5-abb9-abf9634ddc15', protocol='range'}
21:20:10.660 [org.springframework.kafka.KafkaListenerEndpointContainer#0-2-C-1] [INFO ] o.a.k.c.c.i.ConsumerCoordinator.handle:595 - [Consumer clientId=consumer-wallet-post-3, groupId=wallet-post] Successfully joined group with generation Generation{generationId=59, memberId='consumer-wallet-post-3-3307a76c-c162-4677-a648-947bf8722c70', protocol='range'}
21:20:10.660 [org.springframework.kafka.KafkaListenerEndpointContainer#0-1-C-1] [INFO ] o.a.k.c.c.i.ConsumerCoordinator.handle:595 - [Consumer clientId=consumer-wallet-post-2, groupId=wallet-post] Successfully joined group with generation Generation{generationId=59, memberId='consumer-wallet-post-2-2e60a138-0e2b-4762-9551-487cbe0eac1f', protocol='range'}
21:20:10.666 [org.springframework.kafka.KafkaListenerEndpointContainer#0-2-C-1] [INFO ] o.a.k.c.c.i.ConsumerCoordinator.performAssignment:659 - [Consumer clientId=consumer-wallet-post-3, groupId=wallet-post] Finished assignment for group at generation 59: {consumer-wallet-post-1-17ce19ef-6fb2-45e5-abb9-abf9634ddc15=Assignment(partitions=[wallet.ledger.command.posting-0]), consumer-wallet-post-2-2e60a138-0e2b-4762-9551-487cbe0eac1f=Assignment(partitions=[]), consumer-wallet-post-3-3307a76c-c162-4677-a648-947bf8722c70=Assignment(partitions=[])}
21:20:10.666 [org.springframework.kafka.KafkaListenerEndpointContainer#0-0-C-1] [INFO ] o.a.k.c.c.i.ConsumerCoordinator.handle:761 - [Consumer clientId=consumer-wallet-post-1, groupId=wallet-post] Successfully synced group in generation Generation{generationId=59, memberId='consumer-wallet-post-1-17ce19ef-6fb2-45e5-abb9-abf9634ddc15', protocol='range'}
21:20:10.666 [org.springframework.kafka.KafkaListenerEndpointContainer#0-1-C-1] [INFO ] o.a.k.c.c.i.ConsumerCoordinator.handle:761 - [Consumer clientId=consumer-wallet-post-2, groupId=wallet-post] Successfully synced group in generation Generation{generationId=59, memberId='consumer-wallet-post-2-2e60a138-0e2b-4762-9551-487cbe0eac1f', protocol='range'}
21:20:10.666 [org.springframework.kafka.KafkaListenerEndpointContainer#0-0-C-1] [INFO ] o.a.k.c.c.i.ConsumerCoordinator.invokeOnAssignment:280 - [Consumer clientId=consumer-wallet-post-1, groupId=wallet-post] Notifying assignor about the new Assignment(partitions=[wallet.ledger.command.posting-0])
21:20:10.666 [org.springframework.kafka.KafkaListenerEndpointContainer#0-2-C-1] [INFO ] o.a.k.c.c.i.ConsumerCoordinator.handle:761 - [Consumer clientId=consumer-wallet-post-3, groupId=wallet-post] Successfully synced group in generation Generation{generationId=59, memberId='consumer-wallet-post-3-3307a76c-c162-4677-a648-947bf8722c70', protocol='range'}
21:20:10.666 [org.springframework.kafka.KafkaListenerEndpointContainer#0-1-C-1] [INFO ] o.a.k.c.c.i.ConsumerCoordinator.invokeOnAssignment:280 - [Consumer clientId=consumer-wallet-post-2, groupId=wallet-post] Notifying assignor about the new Assignment(partitions=[])
21:20:10.677 [org.springframework.kafka.KafkaListenerEndpointContainer#0-1-C-1] [INFO ] o.a.k.c.c.i.ConsumerCoordinator.invokePartitionsAssigned:292 - [Consumer clientId=consumer-wallet-post-2, groupId=wallet-post] Adding newly assigned partitions: 
21:20:10.677 [org.springframework.kafka.KafkaListenerEndpointContainer#0-2-C-1] [INFO ] o.a.k.c.c.i.ConsumerCoordinator.invokeOnAssignment:280 - [Consumer clientId=consumer-wallet-post-3, groupId=wallet-post] Notifying assignor about the new Assignment(partitions=[])
21:20:10.677 [org.springframework.kafka.KafkaListenerEndpointContainer#0-2-C-1] [INFO ] o.a.k.c.c.i.ConsumerCoordinator.invokePartitionsAssigned:292 - [Consumer clientId=consumer-wallet-post-3, groupId=wallet-post] Adding newly assigned partitions: 
21:20:10.677 [org.springframework.kafka.KafkaListenerEndpointContainer#0-1-C-1] [INFO ] o.s.k.l.KafkaMessageListenerContainer.info:292 - wallet-post: partitions assigned: []
21:20:10.677 [org.springframework.kafka.KafkaListenerEndpointContainer#0-2-C-1] [INFO ] o.s.k.l.KafkaMessageListenerContainer.info:292 - wallet-post: partitions assigned: []
21:20:10.679 [org.springframework.kafka.KafkaListenerEndpointContainer#0-0-C-1] [INFO ] o.a.k.c.c.i.ConsumerCoordinator.invokePartitionsAssigned:292 - [Consumer clientId=consumer-wallet-post-1, groupId=wallet-post] Adding newly assigned partitions: wallet.ledger.command.posting-0
21:20:10.687 [org.springframework.kafka.KafkaListenerEndpointContainer#0-0-C-1] [INFO ] o.a.k.c.c.i.ConsumerCoordinator.refreshCommittedOffsetsIfNeeded:851 - [Consumer clientId=consumer-wallet-post-1, groupId=wallet-post] Setting offset for partition wallet.ledger.command.posting-0 to the committed offset FetchPosition{offset=64, offsetEpoch=Optional.empty, currentLeader=LeaderAndEpoch{leader=Optional[192.168.52.100:9092 (id: 0 rack: null)], epoch=0}}
21:20:10.687 [org.springframework.kafka.KafkaListenerEndpointContainer#0-0-C-1] [INFO ] o.s.k.l.KafkaMessageListenerContainer.info:292 - wallet-post: partitions assigned: [wallet.ledger.command.posting-0]
21:20:10.930 [main] [INFO ] n.d.b.g.s.s.GrpcServerLifecycle.createAndStartGrpcServer:116 - gRPC Server started, listening on address: *, port: 9091
21:20:10.942 [main] [INFO ] c.e.a.l.p.PostLedgerProcessorTest.logStarted:61 - Started PostLedgerProcessorTest in 6.895 seconds (JVM running for 7.625)
21:20:11.251 [main] [ERROR] c.e.c.cache.utils.CommonIdempHelper.parseIdempValue:49 - parseIdempValue error, invalid value:xx
21:20:11.252 [main] [ERROR] c.e.a.l.p.post.PostLedgerProcessor.claimIdempCacheIfAbsent:148 - parse idemp value failed, key:txn-a-11 , value:xx, result:Result(success=false, value=null, errorCode=INVALID_IDEMP_VALUE, errorDetail=invalid idemp value: xx)
21:20:11.348 [main] [INFO ] com.zaxxer.hikari.HikariDataSource.getConnection:110 - HikariPool-1 - Starting...
21:20:11.461 [main] [INFO ] com.zaxxer.hikari.HikariDataSource.getConnection:123 - HikariPool-1 - Start completed.
21:20:11.501 [main] [ERROR] c.e.a.l.p.post.PostLedgerProcessor.postTransaction:72 - account not found, notFoundRefs=[]
21:20:15.005 [scheduling-1] [INFO ] c.e.a.l.c.outbox.OutboxDispatcher.dispatch:18 - outbox dispatch start
21:20:15.026 [scheduling-1] [INFO ] c.e.c.o.retry.OutboxRetryHandler.retry:86 - outbox retry success: 0, failed: 0
21:20:15.026 [scheduling-1] [INFO ] c.e.a.l.c.outbox.OutboxDispatcher.dispatch:20 - outbox dispatch end
21:26:59.164 [scheduling-1] [INFO ] c.e.a.l.c.outbox.OutboxDispatcher.dispatch:18 - outbox dispatch start
21:26:59.162 [HikariPool-1 housekeeper] [WARN ] com.zaxxer.hikari.pool.HikariPool.run:788 - HikariPool-1 - Thread starvation or clock leap detected (housekeeper delta=6m47s590ms877µs300ns).
21:26:59.165 [org.springframework.kafka.KafkaListenerEndpointContainer#0-0-C-1] [INFO ] o.apache.kafka.clients.NetworkClient.handleTimedOutRequests:797 - [Consumer clientId=consumer-wallet-post-1, groupId=wallet-post] Disconnecting from node 0 due to request timeout.
21:26:59.175 [kafka-coordinator-heartbeat-thread | wallet-post] [INFO ] o.a.k.c.c.i.ConsumerCoordinator.markCoordinatorUnknown:916 - [Consumer clientId=consumer-wallet-post-2, groupId=wallet-post] Group coordinator 192.168.52.100:9092 (id: 2147483647 rack: null) is unavailable or invalid due to cause: session timed out without receiving a heartbeat response.isDisconnected: false. Rediscovery will be attempted.
21:26:59.165 [kafka-coordinator-heartbeat-thread | wallet-post] [INFO ] o.a.k.c.c.i.ConsumerCoordinator.markCoordinatorUnknown:916 - [Consumer clientId=consumer-wallet-post-3, groupId=wallet-post] Group coordinator 192.168.52.100:9092 (id: 2147483647 rack: null) is unavailable or invalid due to cause: session timed out without receiving a heartbeat response.isDisconnected: false. Rediscovery will be attempted.
21:26:59.175 [kafka-coordinator-heartbeat-thread | wallet-post] [INFO ] o.a.k.c.c.i.ConsumerCoordinator.markCoordinatorUnknown:929 - [Consumer clientId=consumer-wallet-post-2, groupId=wallet-post] Requesting disconnect from last known coordinator 192.168.52.100:9092 (id: 2147483647 rack: null)
21:26:59.178 [kafka-coordinator-heartbeat-thread | wallet-post] [INFO ] o.a.k.c.c.i.ConsumerCoordinator.markCoordinatorUnknown:929 - [Consumer clientId=consumer-wallet-post-3, groupId=wallet-post] Requesting disconnect from last known coordinator 192.168.52.100:9092 (id: 2147483647 rack: null)
21:26:59.178 [kafka-coordinator-heartbeat-thread | wallet-post] [INFO ] o.apache.kafka.clients.NetworkClient.disconnect:324 - [Consumer clientId=consumer-wallet-post-2, groupId=wallet-post] Client requested disconnect from node 2147483647
21:26:59.178 [kafka-coordinator-heartbeat-thread | wallet-post] [INFO ] o.apache.kafka.clients.NetworkClient.disconnect:324 - [Consumer clientId=consumer-wallet-post-3, groupId=wallet-post] Client requested disconnect from node 2147483647
21:26:59.181 [org.springframework.kafka.KafkaListenerEndpointContainer#0-0-C-1] [INFO ] o.apache.kafka.clients.NetworkClient.cancelInFlightRequests:341 - [Consumer clientId=consumer-wallet-post-1, groupId=wallet-post] Cancelled in-flight FETCH request with correlation id 22 due to node 0 being disconnected (elapsed time since creation: 402931ms, elapsed time since send: 402931ms, request timeout: 30000ms)
21:26:59.189 [kafka-coordinator-heartbeat-thread | wallet-post] [INFO ] o.a.k.c.c.i.ConsumerCoordinator.markCoordinatorUnknown:916 - [Consumer clientId=consumer-wallet-post-1, groupId=wallet-post] Group coordinator 192.168.52.100:9092 (id: 2147483647 rack: null) is unavailable or invalid due to cause: session timed out without receiving a heartbeat response.isDisconnected: false. Rediscovery will be attempted.
21:26:59.189 [kafka-coordinator-heartbeat-thread | wallet-post] [INFO ] o.a.k.c.c.i.ConsumerCoordinator.markCoordinatorUnknown:929 - [Consumer clientId=consumer-wallet-post-1, groupId=wallet-post] Requesting disconnect from last known coordinator 192.168.52.100:9092 (id: 2147483647 rack: null)
21:26:59.189 [scheduling-1] [INFO ] c.e.c.o.retry.OutboxRetryHandler.retry:86 - outbox retry success: 0, failed: 0
21:26:59.189 [kafka-coordinator-heartbeat-thread | wallet-post] [INFO ] o.apache.kafka.clients.NetworkClient.disconnect:324 - [Consumer clientId=consumer-wallet-post-1, groupId=wallet-post] Client requested disconnect from node 2147483647
21:26:59.189 [scheduling-1] [INFO ] c.e.a.l.c.outbox.OutboxDispatcher.dispatch:20 - outbox dispatch end
21:26:59.189 [org.springframework.kafka.KafkaListenerEndpointContainer#0-1-C-1] [INFO ] o.a.k.c.c.i.ConsumerCoordinator.onSuccess:853 - [Consumer clientId=consumer-wallet-post-2, groupId=wallet-post] Discovered group coordinator 192.168.52.100:9092 (id: 2147483647 rack: null)
21:26:59.189 [org.springframework.kafka.KafkaListenerEndpointContainer#0-0-C-1] [INFO ] o.a.k.clients.FetchSessionHandler.handleError:602 - [Consumer clientId=consumer-wallet-post-1, groupId=wallet-post] Error sending fetch request (sessionId=1184831506, epoch=11) to node 0:
org.apache.kafka.common.errors.DisconnectException: null
21:26:59.189 [org.springframework.kafka.KafkaListenerEndpointContainer#0-2-C-1] [INFO ] o.a.k.c.c.i.ConsumerCoordinator.onSuccess:853 - [Consumer clientId=consumer-wallet-post-3, groupId=wallet-post] Discovered group coordinator 192.168.52.100:9092 (id: 2147483647 rack: null)
21:26:59.189 [org.springframework.kafka.KafkaListenerEndpointContainer#0-1-C-1] [INFO ] o.a.k.c.c.i.ConsumerCoordinator.onSuccess:853 - [Consumer clientId=consumer-wallet-post-2, groupId=wallet-post] Discovered group coordinator 192.168.52.100:9092 (id: 2147483647 rack: null)
21:26:59.189 [org.springframework.kafka.KafkaListenerEndpointContainer#0-1-C-1] [INFO ] o.a.k.c.c.i.ConsumerCoordinator.markCoordinatorUnknown:916 - [Consumer clientId=consumer-wallet-post-2, groupId=wallet-post] Group coordinator 192.168.52.100:9092 (id: 2147483647 rack: null) is unavailable or invalid due to cause: coordinator unavailable.isDisconnected: false. Rediscovery will be attempted.
21:26:59.189 [org.springframework.kafka.KafkaListenerEndpointContainer#0-2-C-1] [INFO ] o.a.k.c.c.i.ConsumerCoordinator.onSuccess:853 - [Consumer clientId=consumer-wallet-post-3, groupId=wallet-post] Discovered group coordinator 192.168.52.100:9092 (id: 2147483647 rack: null)
21:26:59.189 [org.springframework.kafka.KafkaListenerEndpointContainer#0-1-C-1] [INFO ] o.a.k.c.c.i.ConsumerCoordinator.markCoordinatorUnknown:929 - [Consumer clientId=consumer-wallet-post-2, groupId=wallet-post] Requesting disconnect from last known coordinator 192.168.52.100:9092 (id: 2147483647 rack: null)
21:26:59.189 [org.springframework.kafka.KafkaListenerEndpointContainer#0-2-C-1] [INFO ] o.a.k.c.c.i.ConsumerCoordinator.markCoordinatorUnknown:916 - [Consumer clientId=consumer-wallet-post-3, groupId=wallet-post] Group coordinator 192.168.52.100:9092 (id: 2147483647 rack: null) is unavailable or invalid due to cause: coordinator unavailable.isDisconnected: false. Rediscovery will be attempted.
21:26:59.189 [org.springframework.kafka.KafkaListenerEndpointContainer#0-2-C-1] [INFO ] o.a.k.c.c.i.ConsumerCoordinator.markCoordinatorUnknown:929 - [Consumer clientId=consumer-wallet-post-3, groupId=wallet-post] Requesting disconnect from last known coordinator 192.168.52.100:9092 (id: 2147483647 rack: null)
21:26:59.215 [SpringApplicationShutdownHook] [INFO ] n.d.b.g.s.s.GrpcServerLifecycle.stopAndReleaseGrpcServer:160 - Completed gRPC server shutdown
21:26:59.219 [org.springframework.kafka.KafkaListenerEndpointContainer#0-0-C-1] [INFO ] o.a.k.c.c.i.ConsumerCoordinator.invokePartitionsRevoked:311 - [Consumer clientId=consumer-wallet-post-1, groupId=wallet-post] Revoke previously assigned partitions wallet.ledger.command.posting-0
21:26:59.219 [org.springframework.kafka.KafkaListenerEndpointContainer#0-0-C-1] [INFO ] o.s.k.l.KafkaMessageListenerContainer.info:292 - wallet-post: partitions revoked: [wallet.ledger.command.posting-0]
21:26:59.219 [org.springframework.kafka.KafkaListenerEndpointContainer#0-0-C-1] [INFO ] o.a.k.c.c.i.ConsumerCoordinator.resetStateAndGeneration:972 - [Consumer clientId=consumer-wallet-post-1, groupId=wallet-post] Resetting generation due to: consumer pro-actively leaving the group
21:26:59.219 [org.springframework.kafka.KafkaListenerEndpointContainer#0-0-C-1] [INFO ] o.a.k.c.c.i.ConsumerCoordinator.requestRejoin:1000 - [Consumer clientId=consumer-wallet-post-1, groupId=wallet-post] Request joining group due to: consumer pro-actively leaving the group
21:26:59.219 [org.springframework.kafka.KafkaListenerEndpointContainer#0-0-C-1] [INFO ] o.a.k.clients.consumer.KafkaConsumer.unsubscribe:1075 - [Consumer clientId=consumer-wallet-post-1, groupId=wallet-post] Unsubscribed all topics or patterns and assigned partitions
21:26:59.219 [org.springframework.kafka.KafkaListenerEndpointContainer#0-0-C-1] [INFO ] o.a.k.c.c.i.ConsumerCoordinator.resetStateAndGeneration:972 - [Consumer clientId=consumer-wallet-post-1, groupId=wallet-post] Resetting generation due to: consumer pro-actively leaving the group
21:26:59.219 [org.springframework.kafka.KafkaListenerEndpointContainer#0-0-C-1] [INFO ] o.a.k.c.c.i.ConsumerCoordinator.requestRejoin:1000 - [Consumer clientId=consumer-wallet-post-1, groupId=wallet-post] Request joining group due to: consumer pro-actively leaving the group
21:26:59.219 [org.springframework.kafka.KafkaListenerEndpointContainer#0-0-C-1] [INFO ] o.a.kafka.common.metrics.Metrics.close:659 - Metrics scheduler closed
21:26:59.219 [org.springframework.kafka.KafkaListenerEndpointContainer#0-0-C-1] [INFO ] o.a.kafka.common.metrics.Metrics.close:663 - Closing reporter org.apache.kafka.common.metrics.JmxReporter
21:26:59.219 [org.springframework.kafka.KafkaListenerEndpointContainer#0-0-C-1] [INFO ] o.a.kafka.common.metrics.Metrics.close:669 - Metrics reporters closed
21:26:59.229 [org.springframework.kafka.KafkaListenerEndpointContainer#0-0-C-1] [INFO ] o.a.kafka.common.utils.AppInfoParser.unregisterAppInfo:83 - App info kafka.consumer for consumer-wallet-post-1 unregistered
21:26:59.229 [org.springframework.kafka.KafkaListenerEndpointContainer#0-0-C-1] [INFO ] o.s.k.l.KafkaMessageListenerContainer.info:292 - wallet-post: Consumer stopped
21:26:59.290 [org.springframework.kafka.KafkaListenerEndpointContainer#0-1-C-1] [INFO ] o.a.k.c.c.i.ConsumerCoordinator.resetStateAndGeneration:972 - [Consumer clientId=consumer-wallet-post-2, groupId=wallet-post] Resetting generation due to: consumer pro-actively leaving the group
21:26:59.291 [org.springframework.kafka.KafkaListenerEndpointContainer#0-1-C-1] [INFO ] o.a.k.c.c.i.ConsumerCoordinator.requestRejoin:1000 - [Consumer clientId=consumer-wallet-post-2, groupId=wallet-post] Request joining group due to: consumer pro-actively leaving the group
21:26:59.291 [org.springframework.kafka.KafkaListenerEndpointContainer#0-1-C-1] [INFO ] o.a.k.clients.consumer.KafkaConsumer.unsubscribe:1075 - [Consumer clientId=consumer-wallet-post-2, groupId=wallet-post] Unsubscribed all topics or patterns and assigned partitions
21:26:59.294 [org.springframework.kafka.KafkaListenerEndpointContainer#0-1-C-1] [INFO ] o.a.k.c.c.i.ConsumerCoordinator.resetStateAndGeneration:972 - [Consumer clientId=consumer-wallet-post-2, groupId=wallet-post] Resetting generation due to: consumer pro-actively leaving the group
21:26:59.294 [org.springframework.kafka.KafkaListenerEndpointContainer#0-2-C-1] [INFO ] o.a.k.c.c.i.ConsumerCoordinator.resetStateAndGeneration:972 - [Consumer clientId=consumer-wallet-post-3, groupId=wallet-post] Resetting generation due to: consumer pro-actively leaving the group
21:26:59.294 [org.springframework.kafka.KafkaListenerEndpointContainer#0-1-C-1] [INFO ] o.a.k.c.c.i.ConsumerCoordinator.requestRejoin:1000 - [Consumer clientId=consumer-wallet-post-2, groupId=wallet-post] Request joining group due to: consumer pro-actively leaving the group
21:26:59.294 [org.springframework.kafka.KafkaListenerEndpointContainer#0-2-C-1] [INFO ] o.a.k.c.c.i.ConsumerCoordinator.requestRejoin:1000 - [Consumer clientId=consumer-wallet-post-3, groupId=wallet-post] Request joining group due to: consumer pro-actively leaving the group
21:26:59.294 [org.springframework.kafka.KafkaListenerEndpointContainer#0-2-C-1] [INFO ] o.a.k.clients.consumer.KafkaConsumer.unsubscribe:1075 - [Consumer clientId=consumer-wallet-post-3, groupId=wallet-post] Unsubscribed all topics or patterns and assigned partitions
21:26:59.295 [org.springframework.kafka.KafkaListenerEndpointContainer#0-1-C-1] [INFO ] o.a.kafka.common.metrics.Metrics.close:659 - Metrics scheduler closed
21:26:59.295 [org.springframework.kafka.KafkaListenerEndpointContainer#0-1-C-1] [INFO ] o.a.kafka.common.metrics.Metrics.close:663 - Closing reporter org.apache.kafka.common.metrics.JmxReporter
21:26:59.295 [org.springframework.kafka.KafkaListenerEndpointContainer#0-1-C-1] [INFO ] o.a.kafka.common.metrics.Metrics.close:669 - Metrics reporters closed
21:26:59.295 [org.springframework.kafka.KafkaListenerEndpointContainer#0-2-C-1] [INFO ] o.a.k.c.c.i.ConsumerCoordinator.resetStateAndGeneration:972 - [Consumer clientId=consumer-wallet-post-3, groupId=wallet-post] Resetting generation due to: consumer pro-actively leaving the group
21:26:59.295 [org.springframework.kafka.KafkaListenerEndpointContainer#0-2-C-1] [INFO ] o.a.k.c.c.i.ConsumerCoordinator.requestRejoin:1000 - [Consumer clientId=consumer-wallet-post-3, groupId=wallet-post] Request joining group due to: consumer pro-actively leaving the group
21:26:59.295 [org.springframework.kafka.KafkaListenerEndpointContainer#0-2-C-1] [INFO ] o.a.kafka.common.metrics.Metrics.close:659 - Metrics scheduler closed
21:26:59.295 [org.springframework.kafka.KafkaListenerEndpointContainer#0-2-C-1] [INFO ] o.a.kafka.common.metrics.Metrics.close:663 - Closing reporter org.apache.kafka.common.metrics.JmxReporter
21:26:59.295 [org.springframework.kafka.KafkaListenerEndpointContainer#0-2-C-1] [INFO ] o.a.kafka.common.metrics.Metrics.close:669 - Metrics reporters closed
21:26:59.295 [org.springframework.kafka.KafkaListenerEndpointContainer#0-1-C-1] [INFO ] o.a.kafka.common.utils.AppInfoParser.unregisterAppInfo:83 - App info kafka.consumer for consumer-wallet-post-2 unregistered
21:26:59.295 [org.springframework.kafka.KafkaListenerEndpointContainer#0-1-C-1] [INFO ] o.s.k.l.KafkaMessageListenerContainer.info:292 - wallet-post: Consumer stopped
21:26:59.295 [org.springframework.kafka.KafkaListenerEndpointContainer#0-2-C-1] [INFO ] o.a.kafka.common.utils.AppInfoParser.unregisterAppInfo:83 - App info kafka.consumer for consumer-wallet-post-3 unregistered
21:26:59.295 [org.springframework.kafka.KafkaListenerEndpointContainer#0-2-C-1] [INFO ] o.s.k.l.KafkaMessageListenerContainer.info:292 - wallet-post: Consumer stopped
21:26:59.348 [SpringApplicationShutdownHook] [INFO ] com.zaxxer.hikari.HikariDataSource.close:350 - HikariPool-1 - Shutdown initiated...
21:26:59.366 [SpringApplicationShutdownHook] [INFO ] com.zaxxer.hikari.HikariDataSource.close:352 - HikariPool-1 - Shutdown completed.
21:27:52.731 [main] [INFO ] c.e.a.l.p.PostLedgerProcessorTest.logStarting:55 - Starting PostLedgerProcessorTest using Java 11.0.29 on Sunsunsun with PID 40548 (started by Sun in D:\TestProgram\Java\JavaEE\z-exchange\ledger-service)
21:27:52.731 [main] [INFO ] c.e.a.l.p.PostLedgerProcessorTest.logStartupProfileInfo:631 - No active profile set, falling back to 1 default profile: "default"
21:27:53.589 [main] [INFO ] o.s.d.r.c.RepositoryConfigurationDelegate.multipleStoresDetected:262 - Multiple Spring Data modules found, entering strict repository configuration mode
21:27:53.593 [main] [INFO ] o.s.d.r.c.RepositoryConfigurationDelegate.registerRepositoriesIn:132 - Bootstrapping Spring Data Redis repositories in DEFAULT mode.
21:27:53.616 [main] [INFO ] o.s.d.r.c.RepositoryConfigurationDelegate.registerRepositoriesIn:201 - Finished Spring Data repository scanning in 9 ms. Found 0 Redis repository interfaces.
21:28:00.855 [main] [INFO ] org.redisson.Version.logVersion:41 - Redisson 3.17.7
21:28:01.244 [redisson-netty-2-5] [INFO ] o.r.c.p.MasterPubSubConnectionPool.lambda$createConnection$1:161 - 1 connections initialized for 192.168.52.100/192.168.52.100:6379
21:28:01.305 [redisson-netty-2-19] [INFO ] o.r.c.pool.MasterConnectionPool.lambda$createConnection$1:161 - 24 connections initialized for 192.168.52.100/192.168.52.100:6379
21:28:02.796 [main] [INFO ] n.d.b.g.s.a.GrpcServerFactoryAutoConfiguration.shadedNettyGrpcServerFactory:74 - Detected grpc-netty-shaded: Creating ShadedNettyGrpcServerFactory
21:28:03.555 [main] [INFO ] o.s.b.a.e.web.EndpointLinksResolver.<init>:58 - Exposing 1 endpoint(s) beneath base path '/actuator'
21:28:03.693 [main] [INFO ] o.a.k.c.consumer.ConsumerConfig.logAll:376 - ConsumerConfig values: 
	allow.auto.create.topics = true
	auto.commit.interval.ms = 5000
	auto.offset.reset = latest
	bootstrap.servers = [192.168.52.100:9092]
	check.crcs = true
	client.dns.lookup = use_all_dns_ips
	client.id = consumer-wallet-post-1
	client.rack = 
	connections.max.idle.ms = 540000
	default.api.timeout.ms = 60000
	enable.auto.commit = false
	exclude.internal.topics = true
	fetch.max.bytes = 52428800
	fetch.max.wait.ms = 500
	fetch.min.bytes = 1
	group.id = wallet-post
	group.instance.id = null
	heartbeat.interval.ms = 3000
	interceptor.classes = []
	internal.leave.group.on.close = true
	internal.throw.on.fetch.stable.offset.unsupported = false
	isolation.level = read_uncommitted
	key.deserializer = class org.apache.kafka.common.serialization.StringDeserializer
	max.partition.fetch.bytes = 1048576
	max.poll.interval.ms = 300000
	max.poll.records = 500
	metadata.max.age.ms = 300000
	metric.reporters = []
	metrics.num.samples = 2
	metrics.recording.level = INFO
	metrics.sample.window.ms = 30000
	partition.assignment.strategy = [class org.apache.kafka.clients.consumer.RangeAssignor, class org.apache.kafka.clients.consumer.CooperativeStickyAssignor]
	receive.buffer.bytes = 65536
	reconnect.backoff.max.ms = 1000
	reconnect.backoff.ms = 50
	request.timeout.ms = 30000
	retry.backoff.ms = 100
	sasl.client.callback.handler.class = null
	sasl.jaas.config = null
	sasl.kerberos.kinit.cmd = /usr/bin/kinit
	sasl.kerberos.min.time.before.relogin = 60000
	sasl.kerberos.service.name = null
	sasl.kerberos.ticket.renew.jitter = 0.05
	sasl.kerberos.ticket.renew.window.factor = 0.8
	sasl.login.callback.handler.class = null
	sasl.login.class = null
	sasl.login.connect.timeout.ms = null
	sasl.login.read.timeout.ms = null
	sasl.login.refresh.buffer.seconds = 300
	sasl.login.refresh.min.period.seconds = 60
	sasl.login.refresh.window.factor = 0.8
	sasl.login.refresh.window.jitter = 0.05
	sasl.login.retry.backoff.max.ms = 10000
	sasl.login.retry.backoff.ms = 100
	sasl.mechanism = GSSAPI
	sasl.oauthbearer.clock.skew.seconds = 30
	sasl.oauthbearer.expected.audience = null
	sasl.oauthbearer.expected.issuer = null
	sasl.oauthbearer.jwks.endpoint.refresh.ms = 3600000
	sasl.oauthbearer.jwks.endpoint.retry.backoff.max.ms = 10000
	sasl.oauthbearer.jwks.endpoint.retry.backoff.ms = 100
	sasl.oauthbearer.jwks.endpoint.url = null
	sasl.oauthbearer.scope.claim.name = scope
	sasl.oauthbearer.sub.claim.name = sub
	sasl.oauthbearer.token.endpoint.url = null
	security.protocol = PLAINTEXT
	security.providers = null
	send.buffer.bytes = 131072
	session.timeout.ms = 45000
	socket.connection.setup.timeout.max.ms = 30000
	socket.connection.setup.timeout.ms = 10000
	ssl.cipher.suites = null
	ssl.enabled.protocols = [TLSv1.2, TLSv1.3]
	ssl.endpoint.identification.algorithm = https
	ssl.engine.factory.class = null
	ssl.key.password = null
	ssl.keymanager.algorithm = SunX509
	ssl.keystore.certificate.chain = null
	ssl.keystore.key = null
	ssl.keystore.location = null
	ssl.keystore.password = null
	ssl.keystore.type = JKS
	ssl.protocol = TLSv1.3
	ssl.provider = null
	ssl.secure.random.implementation = null
	ssl.trustmanager.algorithm = PKIX
	ssl.truststore.certificates = null
	ssl.truststore.location = null
	ssl.truststore.password = null
	ssl.truststore.type = JKS
	value.deserializer = class org.apache.kafka.common.serialization.ByteArrayDeserializer

21:28:03.839 [main] [INFO ] o.a.kafka.common.utils.AppInfoParser.<init>:119 - Kafka version: 3.1.2
21:28:03.839 [main] [INFO ] o.a.kafka.common.utils.AppInfoParser.<init>:120 - Kafka commitId: f8c67dc3ae0a3265
21:28:03.839 [main] [INFO ] o.a.kafka.common.utils.AppInfoParser.<init>:121 - Kafka startTimeMs: 1772630883839
21:28:03.868 [main] [INFO ] o.a.k.clients.consumer.KafkaConsumer.subscribe:966 - [Consumer clientId=consumer-wallet-post-1, groupId=wallet-post] Subscribed to topic(s): wallet.ledger.command.posting
21:28:03.875 [main] [INFO ] o.a.k.c.consumer.ConsumerConfig.logAll:376 - ConsumerConfig values: 
	allow.auto.create.topics = true
	auto.commit.interval.ms = 5000
	auto.offset.reset = latest
	bootstrap.servers = [192.168.52.100:9092]
	check.crcs = true
	client.dns.lookup = use_all_dns_ips
	client.id = consumer-wallet-post-2
	client.rack = 
	connections.max.idle.ms = 540000
	default.api.timeout.ms = 60000
	enable.auto.commit = false
	exclude.internal.topics = true
	fetch.max.bytes = 52428800
	fetch.max.wait.ms = 500
	fetch.min.bytes = 1
	group.id = wallet-post
	group.instance.id = null
	heartbeat.interval.ms = 3000
	interceptor.classes = []
	internal.leave.group.on.close = true
	internal.throw.on.fetch.stable.offset.unsupported = false
	isolation.level = read_uncommitted
	key.deserializer = class org.apache.kafka.common.serialization.StringDeserializer
	max.partition.fetch.bytes = 1048576
	max.poll.interval.ms = 300000
	max.poll.records = 500
	metadata.max.age.ms = 300000
	metric.reporters = []
	metrics.num.samples = 2
	metrics.recording.level = INFO
	metrics.sample.window.ms = 30000
	partition.assignment.strategy = [class org.apache.kafka.clients.consumer.RangeAssignor, class org.apache.kafka.clients.consumer.CooperativeStickyAssignor]
	receive.buffer.bytes = 65536
	reconnect.backoff.max.ms = 1000
	reconnect.backoff.ms = 50
	request.timeout.ms = 30000
	retry.backoff.ms = 100
	sasl.client.callback.handler.class = null
	sasl.jaas.config = null
	sasl.kerberos.kinit.cmd = /usr/bin/kinit
	sasl.kerberos.min.time.before.relogin = 60000
	sasl.kerberos.service.name = null
	sasl.kerberos.ticket.renew.jitter = 0.05
	sasl.kerberos.ticket.renew.window.factor = 0.8
	sasl.login.callback.handler.class = null
	sasl.login.class = null
	sasl.login.connect.timeout.ms = null
	sasl.login.read.timeout.ms = null
	sasl.login.refresh.buffer.seconds = 300
	sasl.login.refresh.min.period.seconds = 60
	sasl.login.refresh.window.factor = 0.8
	sasl.login.refresh.window.jitter = 0.05
	sasl.login.retry.backoff.max.ms = 10000
	sasl.login.retry.backoff.ms = 100
	sasl.mechanism = GSSAPI
	sasl.oauthbearer.clock.skew.seconds = 30
	sasl.oauthbearer.expected.audience = null
	sasl.oauthbearer.expected.issuer = null
	sasl.oauthbearer.jwks.endpoint.refresh.ms = 3600000
	sasl.oauthbearer.jwks.endpoint.retry.backoff.max.ms = 10000
	sasl.oauthbearer.jwks.endpoint.retry.backoff.ms = 100
	sasl.oauthbearer.jwks.endpoint.url = null
	sasl.oauthbearer.scope.claim.name = scope
	sasl.oauthbearer.sub.claim.name = sub
	sasl.oauthbearer.token.endpoint.url = null
	security.protocol = PLAINTEXT
	security.providers = null
	send.buffer.bytes = 131072
	session.timeout.ms = 45000
	socket.connection.setup.timeout.max.ms = 30000
	socket.connection.setup.timeout.ms = 10000
	ssl.cipher.suites = null
	ssl.enabled.protocols = [TLSv1.2, TLSv1.3]
	ssl.endpoint.identification.algorithm = https
	ssl.engine.factory.class = null
	ssl.key.password = null
	ssl.keymanager.algorithm = SunX509
	ssl.keystore.certificate.chain = null
	ssl.keystore.key = null
	ssl.keystore.location = null
	ssl.keystore.password = null
	ssl.keystore.type = JKS
	ssl.protocol = TLSv1.3
	ssl.provider = null
	ssl.secure.random.implementation = null
	ssl.trustmanager.algorithm = PKIX
	ssl.truststore.certificates = null
	ssl.truststore.location = null
	ssl.truststore.password = null
	ssl.truststore.type = JKS
	value.deserializer = class org.apache.kafka.common.serialization.ByteArrayDeserializer

21:28:03.879 [main] [INFO ] o.a.kafka.common.utils.AppInfoParser.<init>:119 - Kafka version: 3.1.2
21:28:03.879 [main] [INFO ] o.a.kafka.common.utils.AppInfoParser.<init>:120 - Kafka commitId: f8c67dc3ae0a3265
21:28:03.879 [main] [INFO ] o.a.kafka.common.utils.AppInfoParser.<init>:121 - Kafka startTimeMs: 1772630883879
21:28:03.889 [main] [INFO ] o.a.k.clients.consumer.KafkaConsumer.subscribe:966 - [Consumer clientId=consumer-wallet-post-2, groupId=wallet-post] Subscribed to topic(s): wallet.ledger.command.posting
21:28:03.889 [main] [INFO ] o.a.k.c.consumer.ConsumerConfig.logAll:376 - ConsumerConfig values: 
	allow.auto.create.topics = true
	auto.commit.interval.ms = 5000
	auto.offset.reset = latest
	bootstrap.servers = [192.168.52.100:9092]
	check.crcs = true
	client.dns.lookup = use_all_dns_ips
	client.id = consumer-wallet-post-3
	client.rack = 
	connections.max.idle.ms = 540000
	default.api.timeout.ms = 60000
	enable.auto.commit = false
	exclude.internal.topics = true
	fetch.max.bytes = 52428800
	fetch.max.wait.ms = 500
	fetch.min.bytes = 1
	group.id = wallet-post
	group.instance.id = null
	heartbeat.interval.ms = 3000
	interceptor.classes = []
	internal.leave.group.on.close = true
	internal.throw.on.fetch.stable.offset.unsupported = false
	isolation.level = read_uncommitted
	key.deserializer = class org.apache.kafka.common.serialization.StringDeserializer
	max.partition.fetch.bytes = 1048576
	max.poll.interval.ms = 300000
	max.poll.records = 500
	metadata.max.age.ms = 300000
	metric.reporters = []
	metrics.num.samples = 2
	metrics.recording.level = INFO
	metrics.sample.window.ms = 30000
	partition.assignment.strategy = [class org.apache.kafka.clients.consumer.RangeAssignor, class org.apache.kafka.clients.consumer.CooperativeStickyAssignor]
	receive.buffer.bytes = 65536
	reconnect.backoff.max.ms = 1000
	reconnect.backoff.ms = 50
	request.timeout.ms = 30000
	retry.backoff.ms = 100
	sasl.client.callback.handler.class = null
	sasl.jaas.config = null
	sasl.kerberos.kinit.cmd = /usr/bin/kinit
	sasl.kerberos.min.time.before.relogin = 60000
	sasl.kerberos.service.name = null
	sasl.kerberos.ticket.renew.jitter = 0.05
	sasl.kerberos.ticket.renew.window.factor = 0.8
	sasl.login.callback.handler.class = null
	sasl.login.class = null
	sasl.login.connect.timeout.ms = null
	sasl.login.read.timeout.ms = null
	sasl.login.refresh.buffer.seconds = 300
	sasl.login.refresh.min.period.seconds = 60
	sasl.login.refresh.window.factor = 0.8
	sasl.login.refresh.window.jitter = 0.05
	sasl.login.retry.backoff.max.ms = 10000
	sasl.login.retry.backoff.ms = 100
	sasl.mechanism = GSSAPI
	sasl.oauthbearer.clock.skew.seconds = 30
	sasl.oauthbearer.expected.audience = null
	sasl.oauthbearer.expected.issuer = null
	sasl.oauthbearer.jwks.endpoint.refresh.ms = 3600000
	sasl.oauthbearer.jwks.endpoint.retry.backoff.max.ms = 10000
	sasl.oauthbearer.jwks.endpoint.retry.backoff.ms = 100
	sasl.oauthbearer.jwks.endpoint.url = null
	sasl.oauthbearer.scope.claim.name = scope
	sasl.oauthbearer.sub.claim.name = sub
	sasl.oauthbearer.token.endpoint.url = null
	security.protocol = PLAINTEXT
	security.providers = null
	send.buffer.bytes = 131072
	session.timeout.ms = 45000
	socket.connection.setup.timeout.max.ms = 30000
	socket.connection.setup.timeout.ms = 10000
	ssl.cipher.suites = null
	ssl.enabled.protocols = [TLSv1.2, TLSv1.3]
	ssl.endpoint.identification.algorithm = https
	ssl.engine.factory.class = null
	ssl.key.password = null
	ssl.keymanager.algorithm = SunX509
	ssl.keystore.certificate.chain = null
	ssl.keystore.key = null
	ssl.keystore.location = null
	ssl.keystore.password = null
	ssl.keystore.type = JKS
	ssl.protocol = TLSv1.3
	ssl.provider = null
	ssl.secure.random.implementation = null
	ssl.trustmanager.algorithm = PKIX
	ssl.truststore.certificates = null
	ssl.truststore.location = null
	ssl.truststore.password = null
	ssl.truststore.type = JKS
	value.deserializer = class org.apache.kafka.common.serialization.ByteArrayDeserializer

21:28:03.889 [main] [INFO ] o.a.kafka.common.utils.AppInfoParser.<init>:119 - Kafka version: 3.1.2
21:28:03.889 [main] [INFO ] o.a.kafka.common.utils.AppInfoParser.<init>:120 - Kafka commitId: f8c67dc3ae0a3265
21:28:03.889 [main] [INFO ] o.a.kafka.common.utils.AppInfoParser.<init>:121 - Kafka startTimeMs: 1772630883889
21:28:03.899 [main] [INFO ] o.a.k.clients.consumer.KafkaConsumer.subscribe:966 - [Consumer clientId=consumer-wallet-post-3, groupId=wallet-post] Subscribed to topic(s): wallet.ledger.command.posting
21:28:03.981 [main] [INFO ] n.d.b.g.s.s.AbstractGrpcServerFactory.configureServices:108 - Registered gRPC service: ledger.AccountService, bean: accountServiceImpl, class: com.exchange.app.ledger.service.AccountServiceImpl
21:28:03.982 [main] [INFO ] n.d.b.g.s.s.AbstractGrpcServerFactory.configureServices:108 - Registered gRPC service: ledger.PostService, bean: postServiceImpl, class: com.exchange.app.ledger.service.PostServiceImpl
21:28:03.982 [main] [INFO ] n.d.b.g.s.s.AbstractGrpcServerFactory.configureServices:108 - Registered gRPC service: grpc.health.v1.Health, bean: grpcHealthService, class: io.grpc.protobuf.services.HealthServiceImpl
21:28:03.982 [main] [INFO ] n.d.b.g.s.s.AbstractGrpcServerFactory.configureServices:108 - Registered gRPC service: grpc.reflection.v1alpha.ServerReflection, bean: protoReflectionService, class: io.grpc.protobuf.services.ProtoReflectionService
21:28:04.204 [org.springframework.kafka.KafkaListenerEndpointContainer#0-2-C-1] [INFO ] org.apache.kafka.clients.Metadata.updateLatestMetadata:402 - [Consumer clientId=consumer-wallet-post-3, groupId=wallet-post] Resetting the last seen epoch of partition wallet.ledger.command.posting-0 to 0 since the associated topicId changed from null to 6CMdvSfjT4i9qNvLK0rz0g
21:28:04.204 [org.springframework.kafka.KafkaListenerEndpointContainer#0-0-C-1] [INFO ] org.apache.kafka.clients.Metadata.updateLatestMetadata:402 - [Consumer clientId=consumer-wallet-post-1, groupId=wallet-post] Resetting the last seen epoch of partition wallet.ledger.command.posting-0 to 0 since the associated topicId changed from null to 6CMdvSfjT4i9qNvLK0rz0g
21:28:04.204 [org.springframework.kafka.KafkaListenerEndpointContainer#0-1-C-1] [INFO ] org.apache.kafka.clients.Metadata.updateLatestMetadata:402 - [Consumer clientId=consumer-wallet-post-2, groupId=wallet-post] Resetting the last seen epoch of partition wallet.ledger.command.posting-0 to 0 since the associated topicId changed from null to 6CMdvSfjT4i9qNvLK0rz0g
21:28:04.208 [org.springframework.kafka.KafkaListenerEndpointContainer#0-2-C-1] [INFO ] org.apache.kafka.clients.Metadata.update:287 - [Consumer clientId=consumer-wallet-post-3, groupId=wallet-post] Cluster ID: xhieLtErTGiHtNba1-gbcg
21:28:04.208 [org.springframework.kafka.KafkaListenerEndpointContainer#0-0-C-1] [INFO ] org.apache.kafka.clients.Metadata.update:287 - [Consumer clientId=consumer-wallet-post-1, groupId=wallet-post] Cluster ID: xhieLtErTGiHtNba1-gbcg
21:28:04.208 [org.springframework.kafka.KafkaListenerEndpointContainer#0-1-C-1] [INFO ] org.apache.kafka.clients.Metadata.update:287 - [Consumer clientId=consumer-wallet-post-2, groupId=wallet-post] Cluster ID: xhieLtErTGiHtNba1-gbcg
21:28:04.209 [org.springframework.kafka.KafkaListenerEndpointContainer#0-1-C-1] [INFO ] o.a.k.c.c.i.ConsumerCoordinator.onSuccess:853 - [Consumer clientId=consumer-wallet-post-2, groupId=wallet-post] Discovered group coordinator 192.168.52.100:9092 (id: 2147483647 rack: null)
21:28:04.209 [org.springframework.kafka.KafkaListenerEndpointContainer#0-0-C-1] [INFO ] o.a.k.c.c.i.ConsumerCoordinator.onSuccess:853 - [Consumer clientId=consumer-wallet-post-1, groupId=wallet-post] Discovered group coordinator 192.168.52.100:9092 (id: 2147483647 rack: null)
21:28:04.209 [org.springframework.kafka.KafkaListenerEndpointContainer#0-2-C-1] [INFO ] o.a.k.c.c.i.ConsumerCoordinator.onSuccess:853 - [Consumer clientId=consumer-wallet-post-3, groupId=wallet-post] Discovered group coordinator 192.168.52.100:9092 (id: 2147483647 rack: null)
21:28:04.213 [org.springframework.kafka.KafkaListenerEndpointContainer#0-1-C-1] [INFO ] o.a.k.c.c.i.ConsumerCoordinator.sendJoinGroupRequest:535 - [Consumer clientId=consumer-wallet-post-2, groupId=wallet-post] (Re-)joining group
21:28:04.213 [org.springframework.kafka.KafkaListenerEndpointContainer#0-0-C-1] [INFO ] o.a.k.c.c.i.ConsumerCoordinator.sendJoinGroupRequest:535 - [Consumer clientId=consumer-wallet-post-1, groupId=wallet-post] (Re-)joining group
21:28:04.213 [org.springframework.kafka.KafkaListenerEndpointContainer#0-2-C-1] [INFO ] o.a.k.c.c.i.ConsumerCoordinator.sendJoinGroupRequest:535 - [Consumer clientId=consumer-wallet-post-3, groupId=wallet-post] (Re-)joining group
21:28:04.222 [org.springframework.kafka.KafkaListenerEndpointContainer#0-0-C-1] [INFO ] o.a.k.c.c.i.ConsumerCoordinator.requestRejoin:1000 - [Consumer clientId=consumer-wallet-post-1, groupId=wallet-post] Request joining group due to: need to re-join with the given member-id
21:28:04.222 [org.springframework.kafka.KafkaListenerEndpointContainer#0-0-C-1] [INFO ] o.a.k.c.c.i.ConsumerCoordinator.sendJoinGroupRequest:535 - [Consumer clientId=consumer-wallet-post-1, groupId=wallet-post] (Re-)joining group
21:28:04.232 [org.springframework.kafka.KafkaListenerEndpointContainer#0-1-C-1] [INFO ] o.a.k.c.c.i.ConsumerCoordinator.requestRejoin:1000 - [Consumer clientId=consumer-wallet-post-2, groupId=wallet-post] Request joining group due to: need to re-join with the given member-id
21:28:04.232 [org.springframework.kafka.KafkaListenerEndpointContainer#0-2-C-1] [INFO ] o.a.k.c.c.i.ConsumerCoordinator.requestRejoin:1000 - [Consumer clientId=consumer-wallet-post-3, groupId=wallet-post] Request joining group due to: need to re-join with the given member-id
21:28:04.232 [org.springframework.kafka.KafkaListenerEndpointContainer#0-1-C-1] [INFO ] o.a.k.c.c.i.ConsumerCoordinator.sendJoinGroupRequest:535 - [Consumer clientId=consumer-wallet-post-2, groupId=wallet-post] (Re-)joining group
21:28:04.232 [org.springframework.kafka.KafkaListenerEndpointContainer#0-2-C-1] [INFO ] o.a.k.c.c.i.ConsumerCoordinator.sendJoinGroupRequest:535 - [Consumer clientId=consumer-wallet-post-3, groupId=wallet-post] (Re-)joining group
21:28:04.232 [org.springframework.kafka.KafkaListenerEndpointContainer#0-0-C-1] [INFO ] o.a.k.c.c.i.ConsumerCoordinator.handle:595 - [Consumer clientId=consumer-wallet-post-1, groupId=wallet-post] Successfully joined group with generation Generation{generationId=61, memberId='consumer-wallet-post-1-a0d0f39c-3a9c-46d0-8bea-38496cdd96ca', protocol='range'}
21:28:04.232 [org.springframework.kafka.KafkaListenerEndpointContainer#0-2-C-1] [INFO ] o.a.k.c.c.i.ConsumerCoordinator.handle:595 - [Consumer clientId=consumer-wallet-post-3, groupId=wallet-post] Successfully joined group with generation Generation{generationId=61, memberId='consumer-wallet-post-3-bf1840e4-d696-4ca1-89fb-543021beeae4', protocol='range'}
21:28:04.232 [org.springframework.kafka.KafkaListenerEndpointContainer#0-1-C-1] [INFO ] o.a.k.c.c.i.ConsumerCoordinator.handle:595 - [Consumer clientId=consumer-wallet-post-2, groupId=wallet-post] Successfully joined group with generation Generation{generationId=61, memberId='consumer-wallet-post-2-dbe79e1e-d0a3-480b-8059-e4875f65a3b8', protocol='range'}
21:28:04.240 [org.springframework.kafka.KafkaListenerEndpointContainer#0-0-C-1] [INFO ] o.a.k.c.c.i.ConsumerCoordinator.performAssignment:659 - [Consumer clientId=consumer-wallet-post-1, groupId=wallet-post] Finished assignment for group at generation 61: {consumer-wallet-post-1-a0d0f39c-3a9c-46d0-8bea-38496cdd96ca=Assignment(partitions=[wallet.ledger.command.posting-0]), consumer-wallet-post-3-bf1840e4-d696-4ca1-89fb-543021beeae4=Assignment(partitions=[]), consumer-wallet-post-2-dbe79e1e-d0a3-480b-8059-e4875f65a3b8=Assignment(partitions=[])}
21:28:04.247 [org.springframework.kafka.KafkaListenerEndpointContainer#0-2-C-1] [INFO ] o.a.k.c.c.i.ConsumerCoordinator.handle:761 - [Consumer clientId=consumer-wallet-post-3, groupId=wallet-post] Successfully synced group in generation Generation{generationId=61, memberId='consumer-wallet-post-3-bf1840e4-d696-4ca1-89fb-543021beeae4', protocol='range'}
21:28:04.248 [org.springframework.kafka.KafkaListenerEndpointContainer#0-1-C-1] [INFO ] o.a.k.c.c.i.ConsumerCoordinator.handle:761 - [Consumer clientId=consumer-wallet-post-2, groupId=wallet-post] Successfully synced group in generation Generation{generationId=61, memberId='consumer-wallet-post-2-dbe79e1e-d0a3-480b-8059-e4875f65a3b8', protocol='range'}
21:28:04.248 [org.springframework.kafka.KafkaListenerEndpointContainer#0-2-C-1] [INFO ] o.a.k.c.c.i.ConsumerCoordinator.invokeOnAssignment:280 - [Consumer clientId=consumer-wallet-post-3, groupId=wallet-post] Notifying assignor about the new Assignment(partitions=[])
21:28:04.248 [org.springframework.kafka.KafkaListenerEndpointContainer#0-0-C-1] [INFO ] o.a.k.c.c.i.ConsumerCoordinator.handle:761 - [Consumer clientId=consumer-wallet-post-1, groupId=wallet-post] Successfully synced group in generation Generation{generationId=61, memberId='consumer-wallet-post-1-a0d0f39c-3a9c-46d0-8bea-38496cdd96ca', protocol='range'}
21:28:04.248 [org.springframework.kafka.KafkaListenerEndpointContainer#0-2-C-1] [INFO ] o.a.k.c.c.i.ConsumerCoordinator.invokePartitionsAssigned:292 - [Consumer clientId=consumer-wallet-post-3, groupId=wallet-post] Adding newly assigned partitions: 
21:28:04.248 [org.springframework.kafka.KafkaListenerEndpointContainer#0-1-C-1] [INFO ] o.a.k.c.c.i.ConsumerCoordinator.invokeOnAssignment:280 - [Consumer clientId=consumer-wallet-post-2, groupId=wallet-post] Notifying assignor about the new Assignment(partitions=[])
21:28:04.249 [org.springframework.kafka.KafkaListenerEndpointContainer#0-0-C-1] [INFO ] o.a.k.c.c.i.ConsumerCoordinator.invokeOnAssignment:280 - [Consumer clientId=consumer-wallet-post-1, groupId=wallet-post] Notifying assignor about the new Assignment(partitions=[wallet.ledger.command.posting-0])
21:28:04.249 [org.springframework.kafka.KafkaListenerEndpointContainer#0-1-C-1] [INFO ] o.a.k.c.c.i.ConsumerCoordinator.invokePartitionsAssigned:292 - [Consumer clientId=consumer-wallet-post-2, groupId=wallet-post] Adding newly assigned partitions: 
21:28:04.250 [org.springframework.kafka.KafkaListenerEndpointContainer#0-2-C-1] [INFO ] o.s.k.l.KafkaMessageListenerContainer.info:292 - wallet-post: partitions assigned: []
21:28:04.250 [org.springframework.kafka.KafkaListenerEndpointContainer#0-1-C-1] [INFO ] o.s.k.l.KafkaMessageListenerContainer.info:292 - wallet-post: partitions assigned: []
21:28:04.250 [org.springframework.kafka.KafkaListenerEndpointContainer#0-0-C-1] [INFO ] o.a.k.c.c.i.ConsumerCoordinator.invokePartitionsAssigned:292 - [Consumer clientId=consumer-wallet-post-1, groupId=wallet-post] Adding newly assigned partitions: wallet.ledger.command.posting-0
21:28:04.254 [org.springframework.kafka.KafkaListenerEndpointContainer#0-0-C-1] [INFO ] o.a.k.c.c.i.ConsumerCoordinator.refreshCommittedOffsetsIfNeeded:851 - [Consumer clientId=consumer-wallet-post-1, groupId=wallet-post] Setting offset for partition wallet.ledger.command.posting-0 to the committed offset FetchPosition{offset=64, offsetEpoch=Optional.empty, currentLeader=LeaderAndEpoch{leader=Optional[192.168.52.100:9092 (id: 0 rack: null)], epoch=0}}
21:28:04.254 [org.springframework.kafka.KafkaListenerEndpointContainer#0-0-C-1] [INFO ] o.s.k.l.KafkaMessageListenerContainer.info:292 - wallet-post: partitions assigned: [wallet.ledger.command.posting-0]
21:28:04.547 [main] [INFO ] n.d.b.g.s.s.GrpcServerLifecycle.createAndStartGrpcServer:116 - gRPC Server started, listening on address: *, port: 9091
21:28:04.558 [main] [INFO ] c.e.a.l.p.PostLedgerProcessorTest.logStarted:61 - Started PostLedgerProcessorTest in 12.239 seconds (JVM running for 13.019)
21:28:05.007 [scheduling-1] [INFO ] c.e.a.l.c.outbox.OutboxDispatcher.dispatch:18 - outbox dispatch start
21:28:05.009 [scheduling-1] [INFO ] com.zaxxer.hikari.HikariDataSource.getConnection:110 - HikariPool-1 - Starting...
21:28:05.155 [scheduling-1] [INFO ] com.zaxxer.hikari.HikariDataSource.getConnection:123 - HikariPool-1 - Start completed.
21:28:05.191 [scheduling-1] [INFO ] c.e.c.o.retry.OutboxRetryHandler.retry:86 - outbox retry success: 0, failed: 0
21:28:05.191 [scheduling-1] [INFO ] c.e.a.l.c.outbox.OutboxDispatcher.dispatch:20 - outbox dispatch end
21:28:05.197 [main] [ERROR] c.e.a.l.p.post.PostLedgerProcessor.postTransaction:72 - account not found, notFoundRefs=[]
21:28:20.258 [scheduling-1] [INFO ] c.e.a.l.c.outbox.OutboxDispatcher.dispatch:18 - outbox dispatch start
21:28:20.258 [HikariPool-1 housekeeper] [WARN ] com.zaxxer.hikari.pool.HikariPool.run:788 - HikariPool-1 - Thread starvation or clock leap detected (housekeeper delta=45s105ms59µs400ns).
21:28:22.243 [scheduling-1] [INFO ] c.e.c.o.retry.OutboxRetryHandler.retry:86 - outbox retry success: 0, failed: 0
21:28:22.243 [scheduling-1] [INFO ] c.e.a.l.c.outbox.OutboxDispatcher.dispatch:20 - outbox dispatch end
21:28:31.645 [scheduling-1] [INFO ] c.e.a.l.c.outbox.OutboxDispatcher.dispatch:18 - outbox dispatch start
21:28:31.681 [scheduling-1] [INFO ] c.e.c.o.retry.OutboxRetryHandler.retry:86 - outbox retry success: 0, failed: 0
21:28:31.681 [scheduling-1] [INFO ] c.e.a.l.c.outbox.OutboxDispatcher.dispatch:20 - outbox dispatch end
21:28:40.379 [scheduling-1] [INFO ] c.e.a.l.c.outbox.OutboxDispatcher.dispatch:18 - outbox dispatch start
21:28:40.379 [scheduling-1] [INFO ] c.e.c.o.retry.OutboxRetryHandler.retry:86 - outbox retry success: 0, failed: 0
21:28:40.379 [scheduling-1] [INFO ] c.e.a.l.c.outbox.OutboxDispatcher.dispatch:20 - outbox dispatch end
21:28:40.401 [SpringApplicationShutdownHook] [INFO ] n.d.b.g.s.s.GrpcServerLifecycle.stopAndReleaseGrpcServer:160 - Completed gRPC server shutdown
21:28:40.406 [org.springframework.kafka.KafkaListenerEndpointContainer#0-0-C-1] [INFO ] o.a.k.c.c.i.ConsumerCoordinator.invokePartitionsRevoked:311 - [Consumer clientId=consumer-wallet-post-1, groupId=wallet-post] Revoke previously assigned partitions wallet.ledger.command.posting-0
21:28:40.406 [org.springframework.kafka.KafkaListenerEndpointContainer#0-2-C-1] [INFO ] o.a.k.c.c.i.ConsumerCoordinator.maybeLeaveGroup:1060 - [Consumer clientId=consumer-wallet-post-3, groupId=wallet-post] Member consumer-wallet-post-3-bf1840e4-d696-4ca1-89fb-543021beeae4 sending LeaveGroup request to coordinator 192.168.52.100:9092 (id: 2147483647 rack: null) due to the consumer unsubscribed from all topics
21:28:40.406 [org.springframework.kafka.KafkaListenerEndpointContainer#0-1-C-1] [INFO ] o.a.k.c.c.i.ConsumerCoordinator.maybeLeaveGroup:1060 - [Consumer clientId=consumer-wallet-post-2, groupId=wallet-post] Member consumer-wallet-post-2-dbe79e1e-d0a3-480b-8059-e4875f65a3b8 sending LeaveGroup request to coordinator 192.168.52.100:9092 (id: 2147483647 rack: null) due to the consumer unsubscribed from all topics
21:28:40.406 [org.springframework.kafka.KafkaListenerEndpointContainer#0-0-C-1] [INFO ] o.s.k.l.KafkaMessageListenerContainer.info:292 - wallet-post: partitions revoked: [wallet.ledger.command.posting-0]
21:28:40.406 [org.springframework.kafka.KafkaListenerEndpointContainer#0-2-C-1] [INFO ] o.a.k.c.c.i.ConsumerCoordinator.resetStateAndGeneration:972 - [Consumer clientId=consumer-wallet-post-3, groupId=wallet-post] Resetting generation due to: consumer pro-actively leaving the group
21:28:40.406 [org.springframework.kafka.KafkaListenerEndpointContainer#0-1-C-1] [INFO ] o.a.k.c.c.i.ConsumerCoordinator.resetStateAndGeneration:972 - [Consumer clientId=consumer-wallet-post-2, groupId=wallet-post] Resetting generation due to: consumer pro-actively leaving the group
21:28:40.406 [org.springframework.kafka.KafkaListenerEndpointContainer#0-0-C-1] [INFO ] o.a.k.c.c.i.ConsumerCoordinator.maybeLeaveGroup:1060 - [Consumer clientId=consumer-wallet-post-1, groupId=wallet-post] Member consumer-wallet-post-1-a0d0f39c-3a9c-46d0-8bea-38496cdd96ca sending LeaveGroup request to coordinator 192.168.52.100:9092 (id: 2147483647 rack: null) due to the consumer unsubscribed from all topics
21:28:40.406 [org.springframework.kafka.KafkaListenerEndpointContainer#0-2-C-1] [INFO ] o.a.k.c.c.i.ConsumerCoordinator.requestRejoin:1000 - [Consumer clientId=consumer-wallet-post-3, groupId=wallet-post] Request joining group due to: consumer pro-actively leaving the group
21:28:40.406 [org.springframework.kafka.KafkaListenerEndpointContainer#0-1-C-1] [INFO ] o.a.k.c.c.i.ConsumerCoordinator.requestRejoin:1000 - [Consumer clientId=consumer-wallet-post-2, groupId=wallet-post] Request joining group due to: consumer pro-actively leaving the group
21:28:40.406 [org.springframework.kafka.KafkaListenerEndpointContainer#0-0-C-1] [INFO ] o.a.k.c.c.i.ConsumerCoordinator.resetStateAndGeneration:972 - [Consumer clientId=consumer-wallet-post-1, groupId=wallet-post] Resetting generation due to: consumer pro-actively leaving the group
21:28:40.406 [org.springframework.kafka.KafkaListenerEndpointContainer#0-2-C-1] [INFO ] o.a.k.clients.consumer.KafkaConsumer.unsubscribe:1075 - [Consumer clientId=consumer-wallet-post-3, groupId=wallet-post] Unsubscribed all topics or patterns and assigned partitions
21:28:40.406 [org.springframework.kafka.KafkaListenerEndpointContainer#0-0-C-1] [INFO ] o.a.k.c.c.i.ConsumerCoordinator.requestRejoin:1000 - [Consumer clientId=consumer-wallet-post-1, groupId=wallet-post] Request joining group due to: consumer pro-actively leaving the group
21:28:40.406 [org.springframework.kafka.KafkaListenerEndpointContainer#0-1-C-1] [INFO ] o.a.k.clients.consumer.KafkaConsumer.unsubscribe:1075 - [Consumer clientId=consumer-wallet-post-2, groupId=wallet-post] Unsubscribed all topics or patterns and assigned partitions
21:28:40.406 [org.springframework.kafka.KafkaListenerEndpointContainer#0-0-C-1] [INFO ] o.a.k.clients.consumer.KafkaConsumer.unsubscribe:1075 - [Consumer clientId=consumer-wallet-post-1, groupId=wallet-post] Unsubscribed all topics or patterns and assigned partitions
21:28:40.406 [org.springframework.kafka.KafkaListenerEndpointContainer#0-2-C-1] [INFO ] o.a.k.c.c.i.ConsumerCoordinator.resetStateAndGeneration:972 - [Consumer clientId=consumer-wallet-post-3, groupId=wallet-post] Resetting generation due to: consumer pro-actively leaving the group
21:28:40.406 [org.springframework.kafka.KafkaListenerEndpointContainer#0-1-C-1] [INFO ] o.a.k.c.c.i.ConsumerCoordinator.resetStateAndGeneration:972 - [Consumer clientId=consumer-wallet-post-2, groupId=wallet-post] Resetting generation due to: consumer pro-actively leaving the group
21:28:40.406 [org.springframework.kafka.KafkaListenerEndpointContainer#0-2-C-1] [INFO ] o.a.k.c.c.i.ConsumerCoordinator.requestRejoin:1000 - [Consumer clientId=consumer-wallet-post-3, groupId=wallet-post] Request joining group due to: consumer pro-actively leaving the group
21:28:40.406 [org.springframework.kafka.KafkaListenerEndpointContainer#0-0-C-1] [INFO ] o.a.k.c.c.i.ConsumerCoordinator.resetStateAndGeneration:972 - [Consumer clientId=consumer-wallet-post-1, groupId=wallet-post] Resetting generation due to: consumer pro-actively leaving the group
21:28:40.406 [org.springframework.kafka.KafkaListenerEndpointContainer#0-0-C-1] [INFO ] o.a.k.c.c.i.ConsumerCoordinator.requestRejoin:1000 - [Consumer clientId=consumer-wallet-post-1, groupId=wallet-post] Request joining group due to: consumer pro-actively leaving the group
21:28:40.406 [org.springframework.kafka.KafkaListenerEndpointContainer#0-1-C-1] [INFO ] o.a.k.c.c.i.ConsumerCoordinator.requestRejoin:1000 - [Consumer clientId=consumer-wallet-post-2, groupId=wallet-post] Request joining group due to: consumer pro-actively leaving the group
21:28:40.416 [org.springframework.kafka.KafkaListenerEndpointContainer#0-2-C-1] [INFO ] o.a.kafka.common.metrics.Metrics.close:659 - Metrics scheduler closed
21:28:40.416 [org.springframework.kafka.KafkaListenerEndpointContainer#0-0-C-1] [INFO ] o.a.kafka.common.metrics.Metrics.close:659 - Metrics scheduler closed
21:28:40.416 [org.springframework.kafka.KafkaListenerEndpointContainer#0-2-C-1] [INFO ] o.a.kafka.common.metrics.Metrics.close:663 - Closing reporter org.apache.kafka.common.metrics.JmxReporter
21:28:40.416 [org.springframework.kafka.KafkaListenerEndpointContainer#0-0-C-1] [INFO ] o.a.kafka.common.metrics.Metrics.close:663 - Closing reporter org.apache.kafka.common.metrics.JmxReporter
21:28:40.416 [org.springframework.kafka.KafkaListenerEndpointContainer#0-2-C-1] [INFO ] o.a.kafka.common.metrics.Metrics.close:669 - Metrics reporters closed
21:28:40.420 [org.springframework.kafka.KafkaListenerEndpointContainer#0-0-C-1] [INFO ] o.a.kafka.common.metrics.Metrics.close:669 - Metrics reporters closed
21:28:40.420 [org.springframework.kafka.KafkaListenerEndpointContainer#0-1-C-1] [INFO ] o.a.kafka.common.metrics.Metrics.close:659 - Metrics scheduler closed
21:28:40.420 [org.springframework.kafka.KafkaListenerEndpointContainer#0-1-C-1] [INFO ] o.a.kafka.common.metrics.Metrics.close:663 - Closing reporter org.apache.kafka.common.metrics.JmxReporter
21:28:40.420 [org.springframework.kafka.KafkaListenerEndpointContainer#0-1-C-1] [INFO ] o.a.kafka.common.metrics.Metrics.close:669 - Metrics reporters closed
21:28:40.432 [org.springframework.kafka.KafkaListenerEndpointContainer#0-1-C-1] [INFO ] o.a.kafka.common.utils.AppInfoParser.unregisterAppInfo:83 - App info kafka.consumer for consumer-wallet-post-2 unregistered
21:28:40.436 [org.springframework.kafka.KafkaListenerEndpointContainer#0-2-C-1] [INFO ] o.a.kafka.common.utils.AppInfoParser.unregisterAppInfo:83 - App info kafka.consumer for consumer-wallet-post-3 unregistered
21:28:40.436 [org.springframework.kafka.KafkaListenerEndpointContainer#0-0-C-1] [INFO ] o.a.kafka.common.utils.AppInfoParser.unregisterAppInfo:83 - App info kafka.consumer for consumer-wallet-post-1 unregistered
21:28:40.436 [org.springframework.kafka.KafkaListenerEndpointContainer#0-1-C-1] [INFO ] o.s.k.l.KafkaMessageListenerContainer.info:292 - wallet-post: Consumer stopped
21:28:40.436 [org.springframework.kafka.KafkaListenerEndpointContainer#0-2-C-1] [INFO ] o.s.k.l.KafkaMessageListenerContainer.info:292 - wallet-post: Consumer stopped
21:28:40.436 [org.springframework.kafka.KafkaListenerEndpointContainer#0-0-C-1] [INFO ] o.s.k.l.KafkaMessageListenerContainer.info:292 - wallet-post: Consumer stopped
21:28:40.477 [SpringApplicationShutdownHook] [INFO ] com.zaxxer.hikari.HikariDataSource.close:350 - HikariPool-1 - Shutdown initiated...
21:28:40.497 [SpringApplicationShutdownHook] [INFO ] com.zaxxer.hikari.HikariDataSource.close:352 - HikariPool-1 - Shutdown completed.
