04:15:33.801 [main] [INFO ] c.e.app.wallet.processor.SimpleTest.logStarting:55 - Starting SimpleTest using Java 11.0.29 on Sunsunsun with PID 22028 (started by Sun in D:\TestProgram\Java\JavaEE\z-exchange\wallet-service)
04:15:33.804 [main] [INFO ] c.e.app.wallet.processor.SimpleTest.logStartupProfileInfo:631 - No active profile set, falling back to 1 default profile: "default"
04:15:34.323 [main] [INFO ] o.s.d.r.c.RepositoryConfigurationDelegate.multipleStoresDetected:262 - Multiple Spring Data modules found, entering strict repository configuration mode
04:15:34.325 [main] [INFO ] o.s.d.r.c.RepositoryConfigurationDelegate.registerRepositoriesIn:132 - Bootstrapping Spring Data Redis repositories in DEFAULT mode.
04:15:34.346 [main] [INFO ] o.s.d.r.c.RepositoryConfigurationDelegate.registerRepositoriesIn:201 - Finished Spring Data repository scanning in 11 ms. Found 0 Redis repository interfaces.
04:15:34.786 [main] [INFO ] n.d.b.g.c.a.GrpcClientAutoConfiguration.shadedNettyGrpcChannelFactory:152 - Detected grpc-netty-shaded: Creating ShadedNettyChannelFactory + InProcessChannelFactory
04:15:36.266 [main] [INFO ] n.d.b.g.s.a.GrpcServerFactoryAutoConfiguration.shadedNettyGrpcServerFactory:74 - Detected grpc-netty-shaded: Creating ShadedNettyGrpcServerFactory
04:15:37.070 [main] [INFO ] n.d.b.g.s.s.AbstractGrpcServerFactory.configureServices:108 - Registered gRPC service: wallet.WalletService, bean: walletServiceImpl, class: com.exchange.app.wallet.service.WalletServiceImpl
04:15:37.071 [main] [INFO ] n.d.b.g.s.s.AbstractGrpcServerFactory.configureServices:108 - Registered gRPC service: grpc.health.v1.Health, bean: grpcHealthService, class: io.grpc.protobuf.services.HealthServiceImpl
04:15:37.071 [main] [INFO ] n.d.b.g.s.s.AbstractGrpcServerFactory.configureServices:108 - Registered gRPC service: grpc.reflection.v1alpha.ServerReflection, bean: protoReflectionService, class: io.grpc.protobuf.services.ProtoReflectionService
04:15:37.518 [main] [INFO ] n.d.b.g.s.s.GrpcServerLifecycle.createAndStartGrpcServer:116 - gRPC Server started, listening on address: *, port: 9090
04:15:37.526 [main] [INFO ] c.e.app.wallet.processor.SimpleTest.logStarted:61 - Started SimpleTest in 4.087 seconds (JVM running for 4.879)
04:15:37.784 [main] [INFO ] com.zaxxer.hikari.HikariDataSource.getConnection:110 - HikariPool-1 - Starting...
04:15:37.934 [main] [INFO ] com.zaxxer.hikari.HikariDataSource.getConnection:123 - HikariPool-1 - Start completed.
04:15:38.175 [SpringApplicationShutdownHook] [INFO ] n.d.b.g.s.s.GrpcServerLifecycle.stopAndReleaseGrpcServer:160 - Completed gRPC server shutdown
04:15:38.191 [SpringApplicationShutdownHook] [INFO ] com.zaxxer.hikari.HikariDataSource.close:350 - HikariPool-1 - Shutdown initiated...
04:15:38.201 [SpringApplicationShutdownHook] [INFO ] com.zaxxer.hikari.HikariDataSource.close:352 - HikariPool-1 - Shutdown completed.
04:15:50.758 [main] [INFO ] c.e.app.wallet.processor.SimpleTest.logStarting:55 - Starting SimpleTest using Java 11.0.29 on Sunsunsun with PID 17728 (started by Sun in D:\TestProgram\Java\JavaEE\z-exchange\wallet-service)
04:15:50.760 [main] [INFO ] c.e.app.wallet.processor.SimpleTest.logStartupProfileInfo:631 - No active profile set, falling back to 1 default profile: "default"
04:15:51.310 [main] [INFO ] o.s.d.r.c.RepositoryConfigurationDelegate.multipleStoresDetected:262 - Multiple Spring Data modules found, entering strict repository configuration mode
04:15:51.312 [main] [INFO ] o.s.d.r.c.RepositoryConfigurationDelegate.registerRepositoriesIn:132 - Bootstrapping Spring Data Redis repositories in DEFAULT mode.
04:15:51.329 [main] [INFO ] o.s.d.r.c.RepositoryConfigurationDelegate.registerRepositoriesIn:201 - Finished Spring Data repository scanning in 10 ms. Found 0 Redis repository interfaces.
04:15:51.733 [main] [INFO ] n.d.b.g.c.a.GrpcClientAutoConfiguration.shadedNettyGrpcChannelFactory:152 - Detected grpc-netty-shaded: Creating ShadedNettyChannelFactory + InProcessChannelFactory
04:15:58.319 [main] [INFO ] n.d.b.g.s.a.GrpcServerFactoryAutoConfiguration.shadedNettyGrpcServerFactory:74 - Detected grpc-netty-shaded: Creating ShadedNettyGrpcServerFactory
04:16:00.687 [main] [INFO ] n.d.b.g.s.s.AbstractGrpcServerFactory.configureServices:108 - Registered gRPC service: wallet.WalletService, bean: walletServiceImpl, class: com.exchange.app.wallet.service.WalletServiceImpl
04:16:00.688 [main] [INFO ] n.d.b.g.s.s.AbstractGrpcServerFactory.configureServices:108 - Registered gRPC service: grpc.health.v1.Health, bean: grpcHealthService, class: io.grpc.protobuf.services.HealthServiceImpl
04:16:00.688 [main] [INFO ] n.d.b.g.s.s.AbstractGrpcServerFactory.configureServices:108 - Registered gRPC service: grpc.reflection.v1alpha.ServerReflection, bean: protoReflectionService, class: io.grpc.protobuf.services.ProtoReflectionService
04:16:01.071 [main] [INFO ] n.d.b.g.s.s.GrpcServerLifecycle.createAndStartGrpcServer:116 - gRPC Server started, listening on address: *, port: 9090
04:16:01.080 [main] [INFO ] c.e.app.wallet.processor.SimpleTest.logStarted:61 - Started SimpleTest in 10.729 seconds (JVM running for 11.451)
04:16:01.290 [main] [INFO ] com.zaxxer.hikari.HikariDataSource.getConnection:110 - HikariPool-1 - Starting...
04:16:01.386 [main] [INFO ] com.zaxxer.hikari.HikariDataSource.getConnection:123 - HikariPool-1 - Start completed.
04:16:01.462 [SpringApplicationShutdownHook] [INFO ] n.d.b.g.s.s.GrpcServerLifecycle.stopAndReleaseGrpcServer:160 - Completed gRPC server shutdown
04:16:01.482 [SpringApplicationShutdownHook] [INFO ] com.zaxxer.hikari.HikariDataSource.close:350 - HikariPool-1 - Shutdown initiated...
04:16:01.488 [SpringApplicationShutdownHook] [INFO ] com.zaxxer.hikari.HikariDataSource.close:352 - HikariPool-1 - Shutdown completed.
04:17:20.187 [main] [INFO ] c.e.app.wallet.processor.SimpleTest.logStarting:55 - Starting SimpleTest using Java 11.0.29 on Sunsunsun with PID 3060 (started by Sun in D:\TestProgram\Java\JavaEE\z-exchange\wallet-service)
04:17:20.189 [main] [INFO ] c.e.app.wallet.processor.SimpleTest.logStartupProfileInfo:631 - No active profile set, falling back to 1 default profile: "default"
04:17:20.740 [main] [INFO ] o.s.d.r.c.RepositoryConfigurationDelegate.multipleStoresDetected:262 - Multiple Spring Data modules found, entering strict repository configuration mode
04:17:20.742 [main] [INFO ] o.s.d.r.c.RepositoryConfigurationDelegate.registerRepositoriesIn:132 - Bootstrapping Spring Data Redis repositories in DEFAULT mode.
04:17:20.759 [main] [INFO ] o.s.d.r.c.RepositoryConfigurationDelegate.registerRepositoriesIn:201 - Finished Spring Data repository scanning in 9 ms. Found 0 Redis repository interfaces.
04:17:21.165 [main] [INFO ] n.d.b.g.c.a.GrpcClientAutoConfiguration.shadedNettyGrpcChannelFactory:152 - Detected grpc-netty-shaded: Creating ShadedNettyChannelFactory + InProcessChannelFactory
04:17:22.684 [main] [INFO ] n.d.b.g.s.a.GrpcServerFactoryAutoConfiguration.shadedNettyGrpcServerFactory:74 - Detected grpc-netty-shaded: Creating ShadedNettyGrpcServerFactory
04:17:23.648 [main] [INFO ] n.d.b.g.s.s.AbstractGrpcServerFactory.configureServices:108 - Registered gRPC service: wallet.WalletService, bean: walletServiceImpl, class: com.exchange.app.wallet.service.WalletServiceImpl
04:17:23.648 [main] [INFO ] n.d.b.g.s.s.AbstractGrpcServerFactory.configureServices:108 - Registered gRPC service: grpc.health.v1.Health, bean: grpcHealthService, class: io.grpc.protobuf.services.HealthServiceImpl
04:17:23.649 [main] [INFO ] n.d.b.g.s.s.AbstractGrpcServerFactory.configureServices:108 - Registered gRPC service: grpc.reflection.v1alpha.ServerReflection, bean: protoReflectionService, class: io.grpc.protobuf.services.ProtoReflectionService
04:17:24.072 [main] [INFO ] n.d.b.g.s.s.GrpcServerLifecycle.createAndStartGrpcServer:116 - gRPC Server started, listening on address: *, port: 9090
04:17:24.090 [main] [INFO ] c.e.app.wallet.processor.SimpleTest.logStarted:61 - Started SimpleTest in 4.274 seconds (JVM running for 5.039)
04:17:24.422 [main] [INFO ] com.zaxxer.hikari.HikariDataSource.getConnection:110 - HikariPool-1 - Starting...
04:17:24.530 [main] [INFO ] com.zaxxer.hikari.HikariDataSource.getConnection:123 - HikariPool-1 - Start completed.
04:17:24.741 [SpringApplicationShutdownHook] [INFO ] n.d.b.g.s.s.GrpcServerLifecycle.stopAndReleaseGrpcServer:160 - Completed gRPC server shutdown
04:17:24.756 [SpringApplicationShutdownHook] [INFO ] com.zaxxer.hikari.HikariDataSource.close:350 - HikariPool-1 - Shutdown initiated...
04:17:24.763 [SpringApplicationShutdownHook] [INFO ] com.zaxxer.hikari.HikariDataSource.close:352 - HikariPool-1 - Shutdown completed.
04:17:53.177 [main] [INFO ] c.e.app.wallet.processor.SimpleTest.logStarting:55 - Starting SimpleTest using Java 11.0.29 on Sunsunsun with PID 17964 (started by Sun in D:\TestProgram\Java\JavaEE\z-exchange\wallet-service)
04:17:53.178 [main] [INFO ] c.e.app.wallet.processor.SimpleTest.logStartupProfileInfo:631 - No active profile set, falling back to 1 default profile: "default"
04:17:53.717 [main] [INFO ] o.s.d.r.c.RepositoryConfigurationDelegate.multipleStoresDetected:262 - Multiple Spring Data modules found, entering strict repository configuration mode
04:17:53.719 [main] [INFO ] o.s.d.r.c.RepositoryConfigurationDelegate.registerRepositoriesIn:132 - Bootstrapping Spring Data Redis repositories in DEFAULT mode.
04:17:53.736 [main] [INFO ] o.s.d.r.c.RepositoryConfigurationDelegate.registerRepositoriesIn:201 - Finished Spring Data repository scanning in 9 ms. Found 0 Redis repository interfaces.
04:17:54.111 [main] [INFO ] n.d.b.g.c.a.GrpcClientAutoConfiguration.shadedNettyGrpcChannelFactory:152 - Detected grpc-netty-shaded: Creating ShadedNettyChannelFactory + InProcessChannelFactory
04:17:55.706 [main] [INFO ] n.d.b.g.s.a.GrpcServerFactoryAutoConfiguration.shadedNettyGrpcServerFactory:74 - Detected grpc-netty-shaded: Creating ShadedNettyGrpcServerFactory
04:17:56.580 [main] [INFO ] n.d.b.g.s.s.AbstractGrpcServerFactory.configureServices:108 - Registered gRPC service: wallet.WalletService, bean: walletServiceImpl, class: com.exchange.app.wallet.service.WalletServiceImpl
04:17:56.581 [main] [INFO ] n.d.b.g.s.s.AbstractGrpcServerFactory.configureServices:108 - Registered gRPC service: grpc.health.v1.Health, bean: grpcHealthService, class: io.grpc.protobuf.services.HealthServiceImpl
04:17:56.581 [main] [INFO ] n.d.b.g.s.s.AbstractGrpcServerFactory.configureServices:108 - Registered gRPC service: grpc.reflection.v1alpha.ServerReflection, bean: protoReflectionService, class: io.grpc.protobuf.services.ProtoReflectionService
04:17:56.968 [main] [INFO ] n.d.b.g.s.s.GrpcServerLifecycle.createAndStartGrpcServer:116 - gRPC Server started, listening on address: *, port: 9090
04:17:56.976 [main] [INFO ] c.e.app.wallet.processor.SimpleTest.logStarted:61 - Started SimpleTest in 4.158 seconds (JVM running for 4.889)
04:17:57.174 [main] [INFO ] com.zaxxer.hikari.HikariDataSource.getConnection:110 - HikariPool-1 - Starting...
04:17:57.302 [main] [INFO ] com.zaxxer.hikari.HikariDataSource.getConnection:123 - HikariPool-1 - Start completed.
04:17:57.554 [SpringApplicationShutdownHook] [INFO ] n.d.b.g.s.s.GrpcServerLifecycle.stopAndReleaseGrpcServer:160 - Completed gRPC server shutdown
04:17:57.568 [SpringApplicationShutdownHook] [INFO ] com.zaxxer.hikari.HikariDataSource.close:350 - HikariPool-1 - Shutdown initiated...
04:17:57.577 [SpringApplicationShutdownHook] [INFO ] com.zaxxer.hikari.HikariDataSource.close:352 - HikariPool-1 - Shutdown completed.
04:18:47.942 [main] [INFO ] c.e.a.w.p.AtomicTransactionProcessorTest.logStarting:55 - Starting AtomicTransactionProcessorTest using Java 11.0.29 on Sunsunsun with PID 28168 (started by Sun in D:\TestProgram\Java\JavaEE\z-exchange\wallet-service)
04:18:47.943 [main] [INFO ] c.e.a.w.p.AtomicTransactionProcessorTest.logStartupProfileInfo:631 - No active profile set, falling back to 1 default profile: "default"
04:18:48.490 [main] [INFO ] o.s.d.r.c.RepositoryConfigurationDelegate.multipleStoresDetected:262 - Multiple Spring Data modules found, entering strict repository configuration mode
04:18:48.492 [main] [INFO ] o.s.d.r.c.RepositoryConfigurationDelegate.registerRepositoriesIn:132 - Bootstrapping Spring Data Redis repositories in DEFAULT mode.
04:18:48.510 [main] [INFO ] o.s.d.r.c.RepositoryConfigurationDelegate.registerRepositoriesIn:201 - Finished Spring Data repository scanning in 10 ms. Found 0 Redis repository interfaces.
04:18:48.902 [main] [INFO ] n.d.b.g.c.a.GrpcClientAutoConfiguration.shadedNettyGrpcChannelFactory:152 - Detected grpc-netty-shaded: Creating ShadedNettyChannelFactory + InProcessChannelFactory
04:18:50.611 [main] [INFO ] n.d.b.g.s.a.GrpcServerFactoryAutoConfiguration.shadedNettyGrpcServerFactory:74 - Detected grpc-netty-shaded: Creating ShadedNettyGrpcServerFactory
04:18:51.438 [main] [INFO ] n.d.b.g.s.s.AbstractGrpcServerFactory.configureServices:108 - Registered gRPC service: wallet.WalletService, bean: walletServiceImpl, class: com.exchange.app.wallet.service.WalletServiceImpl
04:18:51.439 [main] [INFO ] n.d.b.g.s.s.AbstractGrpcServerFactory.configureServices:108 - Registered gRPC service: grpc.health.v1.Health, bean: grpcHealthService, class: io.grpc.protobuf.services.HealthServiceImpl
04:18:51.439 [main] [INFO ] n.d.b.g.s.s.AbstractGrpcServerFactory.configureServices:108 - Registered gRPC service: grpc.reflection.v1alpha.ServerReflection, bean: protoReflectionService, class: io.grpc.protobuf.services.ProtoReflectionService
04:18:51.810 [main] [INFO ] n.d.b.g.s.s.GrpcServerLifecycle.createAndStartGrpcServer:116 - gRPC Server started, listening on address: *, port: 9090
04:18:51.817 [main] [INFO ] c.e.a.w.p.AtomicTransactionProcessorTest.logStarted:61 - Started AtomicTransactionProcessorTest in 4.228 seconds (JVM running for 4.997)
04:18:51.994 [main] [INFO ] com.zaxxer.hikari.HikariDataSource.getConnection:110 - HikariPool-1 - Starting...
04:18:52.131 [main] [INFO ] com.zaxxer.hikari.HikariDataSource.getConnection:123 - HikariPool-1 - Start completed.
04:18:52.344 [main] [INFO ] o.a.k.c.producer.ProducerConfig.logAll:376 - ProducerConfig values: 
	acks = -1
	batch.size = 16384
	bootstrap.servers = [192.168.52.100:9092]
	buffer.memory = 33554432
	client.dns.lookup = use_all_dns_ips
	client.id = producer-1
	compression.type = lz4
	connections.max.idle.ms = 540000
	delivery.timeout.ms = 120000
	enable.idempotence = true
	interceptor.classes = []
	key.serializer = class org.apache.kafka.common.serialization.StringSerializer
	linger.ms = 0
	max.block.ms = 60000
	max.in.flight.requests.per.connection = 5
	max.request.size = 1048576
	metadata.max.age.ms = 300000
	metadata.max.idle.ms = 300000
	metric.reporters = []
	metrics.num.samples = 2
	metrics.recording.level = INFO
	metrics.sample.window.ms = 30000
	partitioner.class = class org.apache.kafka.clients.producer.internals.DefaultPartitioner
	receive.buffer.bytes = 32768
	reconnect.backoff.max.ms = 1000
	reconnect.backoff.ms = 50
	request.timeout.ms = 30000
	retries = 5
	retry.backoff.ms = 100
	sasl.client.callback.handler.class = null
	sasl.jaas.config = null
	sasl.kerberos.kinit.cmd = /usr/bin/kinit
	sasl.kerberos.min.time.before.relogin = 60000
	sasl.kerberos.service.name = null
	sasl.kerberos.ticket.renew.jitter = 0.05
	sasl.kerberos.ticket.renew.window.factor = 0.8
	sasl.login.callback.handler.class = null
	sasl.login.class = null
	sasl.login.connect.timeout.ms = null
	sasl.login.read.timeout.ms = null
	sasl.login.refresh.buffer.seconds = 300
	sasl.login.refresh.min.period.seconds = 60
	sasl.login.refresh.window.factor = 0.8
	sasl.login.refresh.window.jitter = 0.05
	sasl.login.retry.backoff.max.ms = 10000
	sasl.login.retry.backoff.ms = 100
	sasl.mechanism = GSSAPI
	sasl.oauthbearer.clock.skew.seconds = 30
	sasl.oauthbearer.expected.audience = null
	sasl.oauthbearer.expected.issuer = null
	sasl.oauthbearer.jwks.endpoint.refresh.ms = 3600000
	sasl.oauthbearer.jwks.endpoint.retry.backoff.max.ms = 10000
	sasl.oauthbearer.jwks.endpoint.retry.backoff.ms = 100
	sasl.oauthbearer.jwks.endpoint.url = null
	sasl.oauthbearer.scope.claim.name = scope
	sasl.oauthbearer.sub.claim.name = sub
	sasl.oauthbearer.token.endpoint.url = null
	security.protocol = PLAINTEXT
	security.providers = null
	send.buffer.bytes = 131072
	socket.connection.setup.timeout.max.ms = 30000
	socket.connection.setup.timeout.ms = 10000
	ssl.cipher.suites = null
	ssl.enabled.protocols = [TLSv1.2, TLSv1.3]
	ssl.endpoint.identification.algorithm = https
	ssl.engine.factory.class = null
	ssl.key.password = null
	ssl.keymanager.algorithm = SunX509
	ssl.keystore.certificate.chain = null
	ssl.keystore.key = null
	ssl.keystore.location = null
	ssl.keystore.password = null
	ssl.keystore.type = JKS
	ssl.protocol = TLSv1.3
	ssl.provider = null
	ssl.secure.random.implementation = null
	ssl.trustmanager.algorithm = PKIX
	ssl.truststore.certificates = null
	ssl.truststore.location = null
	ssl.truststore.password = null
	ssl.truststore.type = JKS
	transaction.timeout.ms = 60000
	transactional.id = null
	value.serializer = class org.apache.kafka.common.serialization.ByteArraySerializer

04:18:52.359 [main] [INFO ] o.a.k.clients.producer.KafkaProducer.configureTransactionState:572 - [Producer clientId=producer-1] Instantiated an idempotent producer.
04:18:52.382 [main] [INFO ] o.a.kafka.common.utils.AppInfoParser.<init>:119 - Kafka version: 3.1.2
04:18:52.383 [main] [INFO ] o.a.kafka.common.utils.AppInfoParser.<init>:120 - Kafka commitId: f8c67dc3ae0a3265
04:18:52.383 [main] [INFO ] o.a.kafka.common.utils.AppInfoParser.<init>:121 - Kafka startTimeMs: 1769199532381
04:18:52.584 [kafka-producer-network-thread | producer-1] [INFO ] org.apache.kafka.clients.Metadata.updateLatestMetadata:402 - [Producer clientId=producer-1] Resetting the last seen epoch of partition wallet.ledger.command.posting-0 to 0 since the associated topicId changed from null to E6o3j7sgQquc43g__iHz9Q
04:18:52.585 [kafka-producer-network-thread | producer-1] [INFO ] org.apache.kafka.clients.Metadata.updateLatestMetadata:402 - [Producer clientId=producer-1] Resetting the last seen epoch of partition wallet.ledger.command.posting-2 to 0 since the associated topicId changed from null to E6o3j7sgQquc43g__iHz9Q
04:18:52.585 [kafka-producer-network-thread | producer-1] [INFO ] org.apache.kafka.clients.Metadata.updateLatestMetadata:402 - [Producer clientId=producer-1] Resetting the last seen epoch of partition wallet.ledger.command.posting-1 to 0 since the associated topicId changed from null to E6o3j7sgQquc43g__iHz9Q
04:18:52.587 [kafka-producer-network-thread | producer-1] [INFO ] org.apache.kafka.clients.Metadata.update:287 - [Producer clientId=producer-1] Cluster ID: vYz95nbET_yr61V8-_c8_g
04:18:52.722 [kafka-producer-network-thread | producer-1] [INFO ] o.a.k.c.p.i.TransactionManager.setProducerIdAndEpoch:554 - [Producer clientId=producer-1] ProducerId set to 6000 with epoch 0
04:18:52.883 [main] [INFO ] c.e.a.w.p.AtomicTransactionProcessorTest.testAtomicSuccess:56 - error {
  message: "success"
  detail: "success"
}
transaction_id: "4767532280-1"
status: TransactionStatusPb_Pending

04:18:52.892 [SpringApplicationShutdownHook] [INFO ] n.d.b.g.s.s.GrpcServerLifecycle.stopAndReleaseGrpcServer:160 - Completed gRPC server shutdown
04:18:52.907 [SpringApplicationShutdownHook] [INFO ] o.a.k.clients.producer.KafkaProducer.close:1249 - [Producer clientId=producer-1] Closing the Kafka producer with timeoutMillis = 30000 ms.
04:18:52.911 [SpringApplicationShutdownHook] [INFO ] o.a.kafka.common.metrics.Metrics.close:659 - Metrics scheduler closed
04:18:52.911 [SpringApplicationShutdownHook] [INFO ] o.a.kafka.common.metrics.Metrics.close:663 - Closing reporter org.apache.kafka.common.metrics.JmxReporter
04:18:52.912 [SpringApplicationShutdownHook] [INFO ] o.a.kafka.common.metrics.Metrics.close:669 - Metrics reporters closed
04:18:52.912 [SpringApplicationShutdownHook] [INFO ] o.a.kafka.common.utils.AppInfoParser.unregisterAppInfo:83 - App info kafka.producer for producer-1 unregistered
04:18:52.914 [SpringApplicationShutdownHook] [INFO ] com.zaxxer.hikari.HikariDataSource.close:350 - HikariPool-1 - Shutdown initiated...
04:18:52.925 [SpringApplicationShutdownHook] [INFO ] com.zaxxer.hikari.HikariDataSource.close:352 - HikariPool-1 - Shutdown completed.
04:21:09.970 [main] [INFO ] c.e.a.w.p.AtomicTransactionProcessorTest.logStarting:55 - Starting AtomicTransactionProcessorTest using Java 11.0.29 on Sunsunsun with PID 18796 (started by Sun in D:\TestProgram\Java\JavaEE\z-exchange\wallet-service)
04:21:09.972 [main] [INFO ] c.e.a.w.p.AtomicTransactionProcessorTest.logStartupProfileInfo:631 - No active profile set, falling back to 1 default profile: "default"
04:21:10.512 [main] [INFO ] o.s.d.r.c.RepositoryConfigurationDelegate.multipleStoresDetected:262 - Multiple Spring Data modules found, entering strict repository configuration mode
04:21:10.514 [main] [INFO ] o.s.d.r.c.RepositoryConfigurationDelegate.registerRepositoriesIn:132 - Bootstrapping Spring Data Redis repositories in DEFAULT mode.
04:21:10.531 [main] [INFO ] o.s.d.r.c.RepositoryConfigurationDelegate.registerRepositoriesIn:201 - Finished Spring Data repository scanning in 9 ms. Found 0 Redis repository interfaces.
04:21:10.926 [main] [INFO ] n.d.b.g.c.a.GrpcClientAutoConfiguration.shadedNettyGrpcChannelFactory:152 - Detected grpc-netty-shaded: Creating ShadedNettyChannelFactory + InProcessChannelFactory
04:21:12.429 [main] [INFO ] n.d.b.g.s.a.GrpcServerFactoryAutoConfiguration.shadedNettyGrpcServerFactory:74 - Detected grpc-netty-shaded: Creating ShadedNettyGrpcServerFactory
04:21:13.277 [main] [INFO ] n.d.b.g.s.s.AbstractGrpcServerFactory.configureServices:108 - Registered gRPC service: wallet.WalletService, bean: walletServiceImpl, class: com.exchange.app.wallet.service.WalletServiceImpl
04:21:13.278 [main] [INFO ] n.d.b.g.s.s.AbstractGrpcServerFactory.configureServices:108 - Registered gRPC service: grpc.health.v1.Health, bean: grpcHealthService, class: io.grpc.protobuf.services.HealthServiceImpl
04:21:13.279 [main] [INFO ] n.d.b.g.s.s.AbstractGrpcServerFactory.configureServices:108 - Registered gRPC service: grpc.reflection.v1alpha.ServerReflection, bean: protoReflectionService, class: io.grpc.protobuf.services.ProtoReflectionService
04:21:13.710 [main] [INFO ] n.d.b.g.s.s.GrpcServerLifecycle.createAndStartGrpcServer:116 - gRPC Server started, listening on address: *, port: 9090
04:21:13.719 [main] [INFO ] c.e.a.w.p.AtomicTransactionProcessorTest.logStarted:61 - Started AtomicTransactionProcessorTest in 4.138 seconds (JVM running for 4.963)
04:21:13.920 [main] [INFO ] com.zaxxer.hikari.HikariDataSource.getConnection:110 - HikariPool-1 - Starting...
04:21:14.052 [main] [INFO ] com.zaxxer.hikari.HikariDataSource.getConnection:123 - HikariPool-1 - Start completed.
04:21:14.253 [main] [INFO ] o.a.k.c.producer.ProducerConfig.logAll:376 - ProducerConfig values: 
	acks = -1
	batch.size = 16384
	bootstrap.servers = [192.168.52.100:9092]
	buffer.memory = 33554432
	client.dns.lookup = use_all_dns_ips
	client.id = producer-1
	compression.type = lz4
	connections.max.idle.ms = 540000
	delivery.timeout.ms = 120000
	enable.idempotence = true
	interceptor.classes = []
	key.serializer = class org.apache.kafka.common.serialization.StringSerializer
	linger.ms = 0
	max.block.ms = 60000
	max.in.flight.requests.per.connection = 5
	max.request.size = 1048576
	metadata.max.age.ms = 300000
	metadata.max.idle.ms = 300000
	metric.reporters = []
	metrics.num.samples = 2
	metrics.recording.level = INFO
	metrics.sample.window.ms = 30000
	partitioner.class = class org.apache.kafka.clients.producer.internals.DefaultPartitioner
	receive.buffer.bytes = 32768
	reconnect.backoff.max.ms = 1000
	reconnect.backoff.ms = 50
	request.timeout.ms = 30000
	retries = 5
	retry.backoff.ms = 100
	sasl.client.callback.handler.class = null
	sasl.jaas.config = null
	sasl.kerberos.kinit.cmd = /usr/bin/kinit
	sasl.kerberos.min.time.before.relogin = 60000
	sasl.kerberos.service.name = null
	sasl.kerberos.ticket.renew.jitter = 0.05
	sasl.kerberos.ticket.renew.window.factor = 0.8
	sasl.login.callback.handler.class = null
	sasl.login.class = null
	sasl.login.connect.timeout.ms = null
	sasl.login.read.timeout.ms = null
	sasl.login.refresh.buffer.seconds = 300
	sasl.login.refresh.min.period.seconds = 60
	sasl.login.refresh.window.factor = 0.8
	sasl.login.refresh.window.jitter = 0.05
	sasl.login.retry.backoff.max.ms = 10000
	sasl.login.retry.backoff.ms = 100
	sasl.mechanism = GSSAPI
	sasl.oauthbearer.clock.skew.seconds = 30
	sasl.oauthbearer.expected.audience = null
	sasl.oauthbearer.expected.issuer = null
	sasl.oauthbearer.jwks.endpoint.refresh.ms = 3600000
	sasl.oauthbearer.jwks.endpoint.retry.backoff.max.ms = 10000
	sasl.oauthbearer.jwks.endpoint.retry.backoff.ms = 100
	sasl.oauthbearer.jwks.endpoint.url = null
	sasl.oauthbearer.scope.claim.name = scope
	sasl.oauthbearer.sub.claim.name = sub
	sasl.oauthbearer.token.endpoint.url = null
	security.protocol = PLAINTEXT
	security.providers = null
	send.buffer.bytes = 131072
	socket.connection.setup.timeout.max.ms = 30000
	socket.connection.setup.timeout.ms = 10000
	ssl.cipher.suites = null
	ssl.enabled.protocols = [TLSv1.2, TLSv1.3]
	ssl.endpoint.identification.algorithm = https
	ssl.engine.factory.class = null
	ssl.key.password = null
	ssl.keymanager.algorithm = SunX509
	ssl.keystore.certificate.chain = null
	ssl.keystore.key = null
	ssl.keystore.location = null
	ssl.keystore.password = null
	ssl.keystore.type = JKS
	ssl.protocol = TLSv1.3
	ssl.provider = null
	ssl.secure.random.implementation = null
	ssl.trustmanager.algorithm = PKIX
	ssl.truststore.certificates = null
	ssl.truststore.location = null
	ssl.truststore.password = null
	ssl.truststore.type = JKS
	transaction.timeout.ms = 60000
	transactional.id = null
	value.serializer = class org.apache.kafka.common.serialization.ByteArraySerializer

04:21:14.268 [main] [INFO ] o.a.k.clients.producer.KafkaProducer.configureTransactionState:572 - [Producer clientId=producer-1] Instantiated an idempotent producer.
04:21:14.290 [main] [INFO ] o.a.kafka.common.utils.AppInfoParser.<init>:119 - Kafka version: 3.1.2
04:21:14.290 [main] [INFO ] o.a.kafka.common.utils.AppInfoParser.<init>:120 - Kafka commitId: f8c67dc3ae0a3265
04:21:14.290 [main] [INFO ] o.a.kafka.common.utils.AppInfoParser.<init>:121 - Kafka startTimeMs: 1769199674288
04:21:14.462 [kafka-producer-network-thread | producer-1] [INFO ] org.apache.kafka.clients.Metadata.updateLatestMetadata:402 - [Producer clientId=producer-1] Resetting the last seen epoch of partition wallet.ledger.command.posting-0 to 0 since the associated topicId changed from null to E6o3j7sgQquc43g__iHz9Q
04:21:14.463 [kafka-producer-network-thread | producer-1] [INFO ] org.apache.kafka.clients.Metadata.updateLatestMetadata:402 - [Producer clientId=producer-1] Resetting the last seen epoch of partition wallet.ledger.command.posting-2 to 0 since the associated topicId changed from null to E6o3j7sgQquc43g__iHz9Q
04:21:14.463 [kafka-producer-network-thread | producer-1] [INFO ] org.apache.kafka.clients.Metadata.updateLatestMetadata:402 - [Producer clientId=producer-1] Resetting the last seen epoch of partition wallet.ledger.command.posting-1 to 0 since the associated topicId changed from null to E6o3j7sgQquc43g__iHz9Q
04:21:14.463 [kafka-producer-network-thread | producer-1] [INFO ] org.apache.kafka.clients.Metadata.update:287 - [Producer clientId=producer-1] Cluster ID: vYz95nbET_yr61V8-_c8_g
04:21:14.465 [kafka-producer-network-thread | producer-1] [INFO ] o.a.k.c.p.i.TransactionManager.setProducerIdAndEpoch:554 - [Producer clientId=producer-1] ProducerId set to 6001 with epoch 0
04:21:14.651 [main] [INFO ] c.e.a.w.p.AtomicTransactionProcessorTest.testAtomicSuccess:56 - error {
  message: "success"
  detail: "success"
}
transaction_id: "4767674197-1"
status: TransactionStatusPb_Pending

04:21:14.662 [SpringApplicationShutdownHook] [INFO ] n.d.b.g.s.s.GrpcServerLifecycle.stopAndReleaseGrpcServer:160 - Completed gRPC server shutdown
04:21:14.673 [SpringApplicationShutdownHook] [INFO ] o.a.k.clients.producer.KafkaProducer.close:1249 - [Producer clientId=producer-1] Closing the Kafka producer with timeoutMillis = 30000 ms.
04:21:14.678 [SpringApplicationShutdownHook] [INFO ] o.a.kafka.common.metrics.Metrics.close:659 - Metrics scheduler closed
04:21:14.678 [SpringApplicationShutdownHook] [INFO ] o.a.kafka.common.metrics.Metrics.close:663 - Closing reporter org.apache.kafka.common.metrics.JmxReporter
04:21:14.678 [SpringApplicationShutdownHook] [INFO ] o.a.kafka.common.metrics.Metrics.close:669 - Metrics reporters closed
04:21:14.678 [SpringApplicationShutdownHook] [INFO ] o.a.kafka.common.utils.AppInfoParser.unregisterAppInfo:83 - App info kafka.producer for producer-1 unregistered
04:21:14.681 [SpringApplicationShutdownHook] [INFO ] com.zaxxer.hikari.HikariDataSource.close:350 - HikariPool-1 - Shutdown initiated...
04:21:14.690 [SpringApplicationShutdownHook] [INFO ] com.zaxxer.hikari.HikariDataSource.close:352 - HikariPool-1 - Shutdown completed.
04:23:52.595 [main] [INFO ] c.e.a.w.p.AtomicTransactionProcessorTest.logStarting:55 - Starting AtomicTransactionProcessorTest using Java 11.0.29 on Sunsunsun with PID 20492 (started by Sun in D:\TestProgram\Java\JavaEE\z-exchange\wallet-service)
04:23:52.597 [main] [INFO ] c.e.a.w.p.AtomicTransactionProcessorTest.logStartupProfileInfo:631 - No active profile set, falling back to 1 default profile: "default"
04:23:53.152 [main] [INFO ] o.s.d.r.c.RepositoryConfigurationDelegate.multipleStoresDetected:262 - Multiple Spring Data modules found, entering strict repository configuration mode
04:23:53.154 [main] [INFO ] o.s.d.r.c.RepositoryConfigurationDelegate.registerRepositoriesIn:132 - Bootstrapping Spring Data Redis repositories in DEFAULT mode.
04:23:53.176 [main] [INFO ] o.s.d.r.c.RepositoryConfigurationDelegate.registerRepositoriesIn:201 - Finished Spring Data repository scanning in 13 ms. Found 0 Redis repository interfaces.
04:23:53.576 [main] [INFO ] n.d.b.g.c.a.GrpcClientAutoConfiguration.shadedNettyGrpcChannelFactory:152 - Detected grpc-netty-shaded: Creating ShadedNettyChannelFactory + InProcessChannelFactory
04:23:54.893 [main] [INFO ] n.d.b.g.s.a.GrpcServerFactoryAutoConfiguration.shadedNettyGrpcServerFactory:74 - Detected grpc-netty-shaded: Creating ShadedNettyGrpcServerFactory
04:23:55.629 [main] [INFO ] n.d.b.g.s.s.AbstractGrpcServerFactory.configureServices:108 - Registered gRPC service: wallet.WalletService, bean: walletServiceImpl, class: com.exchange.app.wallet.service.WalletServiceImpl
04:23:55.630 [main] [INFO ] n.d.b.g.s.s.AbstractGrpcServerFactory.configureServices:108 - Registered gRPC service: grpc.health.v1.Health, bean: grpcHealthService, class: io.grpc.protobuf.services.HealthServiceImpl
04:23:55.630 [main] [INFO ] n.d.b.g.s.s.AbstractGrpcServerFactory.configureServices:108 - Registered gRPC service: grpc.reflection.v1alpha.ServerReflection, bean: protoReflectionService, class: io.grpc.protobuf.services.ProtoReflectionService
04:23:56.029 [main] [INFO ] n.d.b.g.s.s.GrpcServerLifecycle.createAndStartGrpcServer:116 - gRPC Server started, listening on address: *, port: 9090
04:23:56.037 [main] [INFO ] c.e.a.w.p.AtomicTransactionProcessorTest.logStarted:61 - Started AtomicTransactionProcessorTest in 3.884 seconds (JVM running for 4.768)
04:23:56.234 [main] [INFO ] com.zaxxer.hikari.HikariDataSource.getConnection:110 - HikariPool-1 - Starting...
04:23:56.343 [main] [INFO ] com.zaxxer.hikari.HikariDataSource.getConnection:123 - HikariPool-1 - Start completed.
04:23:56.572 [main] [INFO ] o.a.k.c.producer.ProducerConfig.logAll:376 - ProducerConfig values: 
	acks = -1
	batch.size = 16384
	bootstrap.servers = [192.168.52.100:9092]
	buffer.memory = 33554432
	client.dns.lookup = use_all_dns_ips
	client.id = producer-1
	compression.type = lz4
	connections.max.idle.ms = 540000
	delivery.timeout.ms = 120000
	enable.idempotence = true
	interceptor.classes = []
	key.serializer = class org.apache.kafka.common.serialization.StringSerializer
	linger.ms = 0
	max.block.ms = 60000
	max.in.flight.requests.per.connection = 5
	max.request.size = 1048576
	metadata.max.age.ms = 300000
	metadata.max.idle.ms = 300000
	metric.reporters = []
	metrics.num.samples = 2
	metrics.recording.level = INFO
	metrics.sample.window.ms = 30000
	partitioner.class = class org.apache.kafka.clients.producer.internals.DefaultPartitioner
	receive.buffer.bytes = 32768
	reconnect.backoff.max.ms = 1000
	reconnect.backoff.ms = 50
	request.timeout.ms = 30000
	retries = 5
	retry.backoff.ms = 100
	sasl.client.callback.handler.class = null
	sasl.jaas.config = null
	sasl.kerberos.kinit.cmd = /usr/bin/kinit
	sasl.kerberos.min.time.before.relogin = 60000
	sasl.kerberos.service.name = null
	sasl.kerberos.ticket.renew.jitter = 0.05
	sasl.kerberos.ticket.renew.window.factor = 0.8
	sasl.login.callback.handler.class = null
	sasl.login.class = null
	sasl.login.connect.timeout.ms = null
	sasl.login.read.timeout.ms = null
	sasl.login.refresh.buffer.seconds = 300
	sasl.login.refresh.min.period.seconds = 60
	sasl.login.refresh.window.factor = 0.8
	sasl.login.refresh.window.jitter = 0.05
	sasl.login.retry.backoff.max.ms = 10000
	sasl.login.retry.backoff.ms = 100
	sasl.mechanism = GSSAPI
	sasl.oauthbearer.clock.skew.seconds = 30
	sasl.oauthbearer.expected.audience = null
	sasl.oauthbearer.expected.issuer = null
	sasl.oauthbearer.jwks.endpoint.refresh.ms = 3600000
	sasl.oauthbearer.jwks.endpoint.retry.backoff.max.ms = 10000
	sasl.oauthbearer.jwks.endpoint.retry.backoff.ms = 100
	sasl.oauthbearer.jwks.endpoint.url = null
	sasl.oauthbearer.scope.claim.name = scope
	sasl.oauthbearer.sub.claim.name = sub
	sasl.oauthbearer.token.endpoint.url = null
	security.protocol = PLAINTEXT
	security.providers = null
	send.buffer.bytes = 131072
	socket.connection.setup.timeout.max.ms = 30000
	socket.connection.setup.timeout.ms = 10000
	ssl.cipher.suites = null
	ssl.enabled.protocols = [TLSv1.2, TLSv1.3]
	ssl.endpoint.identification.algorithm = https
	ssl.engine.factory.class = null
	ssl.key.password = null
	ssl.keymanager.algorithm = SunX509
	ssl.keystore.certificate.chain = null
	ssl.keystore.key = null
	ssl.keystore.location = null
	ssl.keystore.password = null
	ssl.keystore.type = JKS
	ssl.protocol = TLSv1.3
	ssl.provider = null
	ssl.secure.random.implementation = null
	ssl.trustmanager.algorithm = PKIX
	ssl.truststore.certificates = null
	ssl.truststore.location = null
	ssl.truststore.password = null
	ssl.truststore.type = JKS
	transaction.timeout.ms = 60000
	transactional.id = null
	value.serializer = class org.apache.kafka.common.serialization.ByteArraySerializer

04:23:56.585 [main] [INFO ] o.a.k.clients.producer.KafkaProducer.configureTransactionState:572 - [Producer clientId=producer-1] Instantiated an idempotent producer.
04:23:56.608 [main] [INFO ] o.a.kafka.common.utils.AppInfoParser.<init>:119 - Kafka version: 3.1.2
04:23:56.608 [main] [INFO ] o.a.kafka.common.utils.AppInfoParser.<init>:120 - Kafka commitId: f8c67dc3ae0a3265
04:23:56.609 [main] [INFO ] o.a.kafka.common.utils.AppInfoParser.<init>:121 - Kafka startTimeMs: 1769199836607
04:23:56.763 [kafka-producer-network-thread | producer-1] [INFO ] org.apache.kafka.clients.Metadata.updateLatestMetadata:402 - [Producer clientId=producer-1] Resetting the last seen epoch of partition wallet.ledger.command.posting-0 to 0 since the associated topicId changed from null to E6o3j7sgQquc43g__iHz9Q
04:23:56.764 [kafka-producer-network-thread | producer-1] [INFO ] org.apache.kafka.clients.Metadata.updateLatestMetadata:402 - [Producer clientId=producer-1] Resetting the last seen epoch of partition wallet.ledger.command.posting-2 to 0 since the associated topicId changed from null to E6o3j7sgQquc43g__iHz9Q
04:23:56.764 [kafka-producer-network-thread | producer-1] [INFO ] org.apache.kafka.clients.Metadata.updateLatestMetadata:402 - [Producer clientId=producer-1] Resetting the last seen epoch of partition wallet.ledger.command.posting-1 to 0 since the associated topicId changed from null to E6o3j7sgQquc43g__iHz9Q
04:23:56.765 [kafka-producer-network-thread | producer-1] [INFO ] org.apache.kafka.clients.Metadata.update:287 - [Producer clientId=producer-1] Cluster ID: vYz95nbET_yr61V8-_c8_g
04:23:56.766 [kafka-producer-network-thread | producer-1] [INFO ] o.a.k.c.p.i.TransactionManager.setProducerIdAndEpoch:554 - [Producer clientId=producer-1] ProducerId set to 6003 with epoch 0
04:23:56.935 [main] [INFO ] c.e.a.w.p.AtomicTransactionProcessorTest.testAtomicSuccess:56 - error {
  message: "success"
  detail: "success"
}
transaction_id: "4767836515-1"
status: TransactionStatusPb_Pending

04:23:56.949 [SpringApplicationShutdownHook] [INFO ] n.d.b.g.s.s.GrpcServerLifecycle.stopAndReleaseGrpcServer:160 - Completed gRPC server shutdown
04:23:56.965 [SpringApplicationShutdownHook] [INFO ] o.a.k.clients.producer.KafkaProducer.close:1249 - [Producer clientId=producer-1] Closing the Kafka producer with timeoutMillis = 30000 ms.
04:23:56.969 [SpringApplicationShutdownHook] [INFO ] o.a.kafka.common.metrics.Metrics.close:659 - Metrics scheduler closed
04:23:56.969 [SpringApplicationShutdownHook] [INFO ] o.a.kafka.common.metrics.Metrics.close:663 - Closing reporter org.apache.kafka.common.metrics.JmxReporter
04:23:56.969 [SpringApplicationShutdownHook] [INFO ] o.a.kafka.common.metrics.Metrics.close:669 - Metrics reporters closed
04:23:56.970 [SpringApplicationShutdownHook] [INFO ] o.a.kafka.common.utils.AppInfoParser.unregisterAppInfo:83 - App info kafka.producer for producer-1 unregistered
04:23:56.972 [SpringApplicationShutdownHook] [INFO ] com.zaxxer.hikari.HikariDataSource.close:350 - HikariPool-1 - Shutdown initiated...
04:23:56.983 [SpringApplicationShutdownHook] [INFO ] com.zaxxer.hikari.HikariDataSource.close:352 - HikariPool-1 - Shutdown completed.
04:28:32.732 [main] [INFO ] c.e.a.w.p.AtomicTransactionProcessorTest.logStarting:55 - Starting AtomicTransactionProcessorTest using Java 11.0.29 on Sunsunsun with PID 27860 (started by Sun in D:\TestProgram\Java\JavaEE\z-exchange\wallet-service)
04:28:32.734 [main] [INFO ] c.e.a.w.p.AtomicTransactionProcessorTest.logStartupProfileInfo:631 - No active profile set, falling back to 1 default profile: "default"
04:28:33.274 [main] [INFO ] o.s.d.r.c.RepositoryConfigurationDelegate.multipleStoresDetected:262 - Multiple Spring Data modules found, entering strict repository configuration mode
04:28:33.276 [main] [INFO ] o.s.d.r.c.RepositoryConfigurationDelegate.registerRepositoriesIn:132 - Bootstrapping Spring Data Redis repositories in DEFAULT mode.
04:28:33.293 [main] [INFO ] o.s.d.r.c.RepositoryConfigurationDelegate.registerRepositoriesIn:201 - Finished Spring Data repository scanning in 10 ms. Found 0 Redis repository interfaces.
04:28:33.680 [main] [INFO ] n.d.b.g.c.a.GrpcClientAutoConfiguration.shadedNettyGrpcChannelFactory:152 - Detected grpc-netty-shaded: Creating ShadedNettyChannelFactory + InProcessChannelFactory
04:28:35.195 [main] [INFO ] n.d.b.g.s.a.GrpcServerFactoryAutoConfiguration.shadedNettyGrpcServerFactory:74 - Detected grpc-netty-shaded: Creating ShadedNettyGrpcServerFactory
04:28:36.003 [main] [INFO ] n.d.b.g.s.s.AbstractGrpcServerFactory.configureServices:108 - Registered gRPC service: wallet.WalletService, bean: walletServiceImpl, class: com.exchange.app.wallet.service.WalletServiceImpl
04:28:36.003 [main] [INFO ] n.d.b.g.s.s.AbstractGrpcServerFactory.configureServices:108 - Registered gRPC service: grpc.health.v1.Health, bean: grpcHealthService, class: io.grpc.protobuf.services.HealthServiceImpl
04:28:36.004 [main] [INFO ] n.d.b.g.s.s.AbstractGrpcServerFactory.configureServices:108 - Registered gRPC service: grpc.reflection.v1alpha.ServerReflection, bean: protoReflectionService, class: io.grpc.protobuf.services.ProtoReflectionService
04:28:36.407 [main] [INFO ] n.d.b.g.s.s.GrpcServerLifecycle.createAndStartGrpcServer:116 - gRPC Server started, listening on address: *, port: 9090
04:28:36.415 [main] [INFO ] c.e.a.w.p.AtomicTransactionProcessorTest.logStarted:61 - Started AtomicTransactionProcessorTest in 4.026 seconds (JVM running for 4.775)
04:28:36.612 [main] [INFO ] com.zaxxer.hikari.HikariDataSource.getConnection:110 - HikariPool-1 - Starting...
04:28:36.725 [main] [INFO ] com.zaxxer.hikari.HikariDataSource.getConnection:123 - HikariPool-1 - Start completed.
04:28:36.957 [main] [INFO ] o.a.k.c.producer.ProducerConfig.logAll:376 - ProducerConfig values: 
	acks = -1
	batch.size = 16384
	bootstrap.servers = [192.168.52.100:9092]
	buffer.memory = 33554432
	client.dns.lookup = use_all_dns_ips
	client.id = producer-1
	compression.type = lz4
	connections.max.idle.ms = 540000
	delivery.timeout.ms = 120000
	enable.idempotence = true
	interceptor.classes = []
	key.serializer = class org.apache.kafka.common.serialization.StringSerializer
	linger.ms = 0
	max.block.ms = 60000
	max.in.flight.requests.per.connection = 5
	max.request.size = 1048576
	metadata.max.age.ms = 300000
	metadata.max.idle.ms = 300000
	metric.reporters = []
	metrics.num.samples = 2
	metrics.recording.level = INFO
	metrics.sample.window.ms = 30000
	partitioner.class = class org.apache.kafka.clients.producer.internals.DefaultPartitioner
	receive.buffer.bytes = 32768
	reconnect.backoff.max.ms = 1000
	reconnect.backoff.ms = 50
	request.timeout.ms = 30000
	retries = 5
	retry.backoff.ms = 100
	sasl.client.callback.handler.class = null
	sasl.jaas.config = null
	sasl.kerberos.kinit.cmd = /usr/bin/kinit
	sasl.kerberos.min.time.before.relogin = 60000
	sasl.kerberos.service.name = null
	sasl.kerberos.ticket.renew.jitter = 0.05
	sasl.kerberos.ticket.renew.window.factor = 0.8
	sasl.login.callback.handler.class = null
	sasl.login.class = null
	sasl.login.connect.timeout.ms = null
	sasl.login.read.timeout.ms = null
	sasl.login.refresh.buffer.seconds = 300
	sasl.login.refresh.min.period.seconds = 60
	sasl.login.refresh.window.factor = 0.8
	sasl.login.refresh.window.jitter = 0.05
	sasl.login.retry.backoff.max.ms = 10000
	sasl.login.retry.backoff.ms = 100
	sasl.mechanism = GSSAPI
	sasl.oauthbearer.clock.skew.seconds = 30
	sasl.oauthbearer.expected.audience = null
	sasl.oauthbearer.expected.issuer = null
	sasl.oauthbearer.jwks.endpoint.refresh.ms = 3600000
	sasl.oauthbearer.jwks.endpoint.retry.backoff.max.ms = 10000
	sasl.oauthbearer.jwks.endpoint.retry.backoff.ms = 100
	sasl.oauthbearer.jwks.endpoint.url = null
	sasl.oauthbearer.scope.claim.name = scope
	sasl.oauthbearer.sub.claim.name = sub
	sasl.oauthbearer.token.endpoint.url = null
	security.protocol = PLAINTEXT
	security.providers = null
	send.buffer.bytes = 131072
	socket.connection.setup.timeout.max.ms = 30000
	socket.connection.setup.timeout.ms = 10000
	ssl.cipher.suites = null
	ssl.enabled.protocols = [TLSv1.2, TLSv1.3]
	ssl.endpoint.identification.algorithm = https
	ssl.engine.factory.class = null
	ssl.key.password = null
	ssl.keymanager.algorithm = SunX509
	ssl.keystore.certificate.chain = null
	ssl.keystore.key = null
	ssl.keystore.location = null
	ssl.keystore.password = null
	ssl.keystore.type = JKS
	ssl.protocol = TLSv1.3
	ssl.provider = null
	ssl.secure.random.implementation = null
	ssl.trustmanager.algorithm = PKIX
	ssl.truststore.certificates = null
	ssl.truststore.location = null
	ssl.truststore.password = null
	ssl.truststore.type = JKS
	transaction.timeout.ms = 60000
	transactional.id = null
	value.serializer = class org.apache.kafka.common.serialization.ByteArraySerializer

04:28:36.971 [main] [INFO ] o.a.k.clients.producer.KafkaProducer.configureTransactionState:572 - [Producer clientId=producer-1] Instantiated an idempotent producer.
04:28:36.993 [main] [INFO ] o.a.kafka.common.utils.AppInfoParser.<init>:119 - Kafka version: 3.1.2
04:28:36.994 [main] [INFO ] o.a.kafka.common.utils.AppInfoParser.<init>:120 - Kafka commitId: f8c67dc3ae0a3265
04:28:36.994 [main] [INFO ] o.a.kafka.common.utils.AppInfoParser.<init>:121 - Kafka startTimeMs: 1769200116992
04:28:37.163 [kafka-producer-network-thread | producer-1] [INFO ] org.apache.kafka.clients.Metadata.updateLatestMetadata:402 - [Producer clientId=producer-1] Resetting the last seen epoch of partition wallet.ledger.command.posting-0 to 0 since the associated topicId changed from null to E6o3j7sgQquc43g__iHz9Q
04:28:37.164 [kafka-producer-network-thread | producer-1] [INFO ] org.apache.kafka.clients.Metadata.updateLatestMetadata:402 - [Producer clientId=producer-1] Resetting the last seen epoch of partition wallet.ledger.command.posting-2 to 0 since the associated topicId changed from null to E6o3j7sgQquc43g__iHz9Q
04:28:37.164 [kafka-producer-network-thread | producer-1] [INFO ] org.apache.kafka.clients.Metadata.updateLatestMetadata:402 - [Producer clientId=producer-1] Resetting the last seen epoch of partition wallet.ledger.command.posting-1 to 0 since the associated topicId changed from null to E6o3j7sgQquc43g__iHz9Q
04:28:37.165 [kafka-producer-network-thread | producer-1] [INFO ] org.apache.kafka.clients.Metadata.update:287 - [Producer clientId=producer-1] Cluster ID: vYz95nbET_yr61V8-_c8_g
04:28:37.166 [kafka-producer-network-thread | producer-1] [INFO ] o.a.k.c.p.i.TransactionManager.setProducerIdAndEpoch:554 - [Producer clientId=producer-1] ProducerId set to 6004 with epoch 0
04:28:37.416 [main] [INFO ] c.e.a.w.p.AtomicTransactionProcessorTest.testAtomicSuccess:56 - error {
  message: "success"
  detail: "success"
}
transaction_id: "4768116897-1"
status: TransactionStatusPb_Pending

04:28:37.435 [SpringApplicationShutdownHook] [INFO ] n.d.b.g.s.s.GrpcServerLifecycle.stopAndReleaseGrpcServer:160 - Completed gRPC server shutdown
04:28:37.449 [SpringApplicationShutdownHook] [INFO ] o.a.k.clients.producer.KafkaProducer.close:1249 - [Producer clientId=producer-1] Closing the Kafka producer with timeoutMillis = 30000 ms.
04:28:37.454 [SpringApplicationShutdownHook] [INFO ] o.a.kafka.common.metrics.Metrics.close:659 - Metrics scheduler closed
04:28:37.455 [SpringApplicationShutdownHook] [INFO ] o.a.kafka.common.metrics.Metrics.close:663 - Closing reporter org.apache.kafka.common.metrics.JmxReporter
04:28:37.455 [SpringApplicationShutdownHook] [INFO ] o.a.kafka.common.metrics.Metrics.close:669 - Metrics reporters closed
04:28:37.456 [SpringApplicationShutdownHook] [INFO ] o.a.kafka.common.utils.AppInfoParser.unregisterAppInfo:83 - App info kafka.producer for producer-1 unregistered
04:28:37.460 [SpringApplicationShutdownHook] [INFO ] com.zaxxer.hikari.HikariDataSource.close:350 - HikariPool-1 - Shutdown initiated...
04:28:37.482 [SpringApplicationShutdownHook] [INFO ] com.zaxxer.hikari.HikariDataSource.close:352 - HikariPool-1 - Shutdown completed.
04:29:26.566 [main] [INFO ] c.e.a.w.p.AtomicTransactionProcessorTest.logStarting:55 - Starting AtomicTransactionProcessorTest using Java 11.0.29 on Sunsunsun with PID 1896 (started by Sun in D:\TestProgram\Java\JavaEE\z-exchange\wallet-service)
04:29:26.567 [main] [INFO ] c.e.a.w.p.AtomicTransactionProcessorTest.logStartupProfileInfo:631 - No active profile set, falling back to 1 default profile: "default"
04:29:27.147 [main] [INFO ] o.s.d.r.c.RepositoryConfigurationDelegate.multipleStoresDetected:262 - Multiple Spring Data modules found, entering strict repository configuration mode
04:29:27.149 [main] [INFO ] o.s.d.r.c.RepositoryConfigurationDelegate.registerRepositoriesIn:132 - Bootstrapping Spring Data Redis repositories in DEFAULT mode.
04:29:27.168 [main] [INFO ] o.s.d.r.c.RepositoryConfigurationDelegate.registerRepositoriesIn:201 - Finished Spring Data repository scanning in 11 ms. Found 0 Redis repository interfaces.
04:29:27.550 [main] [INFO ] n.d.b.g.c.a.GrpcClientAutoConfiguration.shadedNettyGrpcChannelFactory:152 - Detected grpc-netty-shaded: Creating ShadedNettyChannelFactory + InProcessChannelFactory
04:29:29.151 [main] [INFO ] n.d.b.g.s.a.GrpcServerFactoryAutoConfiguration.shadedNettyGrpcServerFactory:74 - Detected grpc-netty-shaded: Creating ShadedNettyGrpcServerFactory
04:29:29.936 [main] [INFO ] n.d.b.g.s.s.AbstractGrpcServerFactory.configureServices:108 - Registered gRPC service: wallet.WalletService, bean: walletServiceImpl, class: com.exchange.app.wallet.service.WalletServiceImpl
04:29:29.936 [main] [INFO ] n.d.b.g.s.s.AbstractGrpcServerFactory.configureServices:108 - Registered gRPC service: grpc.health.v1.Health, bean: grpcHealthService, class: io.grpc.protobuf.services.HealthServiceImpl
04:29:29.936 [main] [INFO ] n.d.b.g.s.s.AbstractGrpcServerFactory.configureServices:108 - Registered gRPC service: grpc.reflection.v1alpha.ServerReflection, bean: protoReflectionService, class: io.grpc.protobuf.services.ProtoReflectionService
04:29:30.357 [main] [INFO ] n.d.b.g.s.s.GrpcServerLifecycle.createAndStartGrpcServer:116 - gRPC Server started, listening on address: *, port: 9090
04:29:30.375 [main] [INFO ] c.e.a.w.p.AtomicTransactionProcessorTest.logStarted:61 - Started AtomicTransactionProcessorTest in 4.177 seconds (JVM running for 4.938)
04:29:30.573 [main] [INFO ] com.zaxxer.hikari.HikariDataSource.getConnection:110 - HikariPool-1 - Starting...
04:29:30.692 [main] [INFO ] com.zaxxer.hikari.HikariDataSource.getConnection:123 - HikariPool-1 - Start completed.
04:29:30.893 [main] [INFO ] o.a.k.c.producer.ProducerConfig.logAll:376 - ProducerConfig values: 
	acks = -1
	batch.size = 16384
	bootstrap.servers = [192.168.52.100:9092]
	buffer.memory = 33554432
	client.dns.lookup = use_all_dns_ips
	client.id = producer-1
	compression.type = lz4
	connections.max.idle.ms = 540000
	delivery.timeout.ms = 120000
	enable.idempotence = true
	interceptor.classes = []
	key.serializer = class org.apache.kafka.common.serialization.StringSerializer
	linger.ms = 0
	max.block.ms = 60000
	max.in.flight.requests.per.connection = 5
	max.request.size = 1048576
	metadata.max.age.ms = 300000
	metadata.max.idle.ms = 300000
	metric.reporters = []
	metrics.num.samples = 2
	metrics.recording.level = INFO
	metrics.sample.window.ms = 30000
	partitioner.class = class org.apache.kafka.clients.producer.internals.DefaultPartitioner
	receive.buffer.bytes = 32768
	reconnect.backoff.max.ms = 1000
	reconnect.backoff.ms = 50
	request.timeout.ms = 30000
	retries = 5
	retry.backoff.ms = 100
	sasl.client.callback.handler.class = null
	sasl.jaas.config = null
	sasl.kerberos.kinit.cmd = /usr/bin/kinit
	sasl.kerberos.min.time.before.relogin = 60000
	sasl.kerberos.service.name = null
	sasl.kerberos.ticket.renew.jitter = 0.05
	sasl.kerberos.ticket.renew.window.factor = 0.8
	sasl.login.callback.handler.class = null
	sasl.login.class = null
	sasl.login.connect.timeout.ms = null
	sasl.login.read.timeout.ms = null
	sasl.login.refresh.buffer.seconds = 300
	sasl.login.refresh.min.period.seconds = 60
	sasl.login.refresh.window.factor = 0.8
	sasl.login.refresh.window.jitter = 0.05
	sasl.login.retry.backoff.max.ms = 10000
	sasl.login.retry.backoff.ms = 100
	sasl.mechanism = GSSAPI
	sasl.oauthbearer.clock.skew.seconds = 30
	sasl.oauthbearer.expected.audience = null
	sasl.oauthbearer.expected.issuer = null
	sasl.oauthbearer.jwks.endpoint.refresh.ms = 3600000
	sasl.oauthbearer.jwks.endpoint.retry.backoff.max.ms = 10000
	sasl.oauthbearer.jwks.endpoint.retry.backoff.ms = 100
	sasl.oauthbearer.jwks.endpoint.url = null
	sasl.oauthbearer.scope.claim.name = scope
	sasl.oauthbearer.sub.claim.name = sub
	sasl.oauthbearer.token.endpoint.url = null
	security.protocol = PLAINTEXT
	security.providers = null
	send.buffer.bytes = 131072
	socket.connection.setup.timeout.max.ms = 30000
	socket.connection.setup.timeout.ms = 10000
	ssl.cipher.suites = null
	ssl.enabled.protocols = [TLSv1.2, TLSv1.3]
	ssl.endpoint.identification.algorithm = https
	ssl.engine.factory.class = null
	ssl.key.password = null
	ssl.keymanager.algorithm = SunX509
	ssl.keystore.certificate.chain = null
	ssl.keystore.key = null
	ssl.keystore.location = null
	ssl.keystore.password = null
	ssl.keystore.type = JKS
	ssl.protocol = TLSv1.3
	ssl.provider = null
	ssl.secure.random.implementation = null
	ssl.trustmanager.algorithm = PKIX
	ssl.truststore.certificates = null
	ssl.truststore.location = null
	ssl.truststore.password = null
	ssl.truststore.type = JKS
	transaction.timeout.ms = 60000
	transactional.id = null
	value.serializer = class org.apache.kafka.common.serialization.ByteArraySerializer

04:29:30.908 [main] [INFO ] o.a.k.clients.producer.KafkaProducer.configureTransactionState:572 - [Producer clientId=producer-1] Instantiated an idempotent producer.
04:29:30.929 [main] [INFO ] o.a.kafka.common.utils.AppInfoParser.<init>:119 - Kafka version: 3.1.2
04:29:30.930 [main] [INFO ] o.a.kafka.common.utils.AppInfoParser.<init>:120 - Kafka commitId: f8c67dc3ae0a3265
04:29:30.930 [main] [INFO ] o.a.kafka.common.utils.AppInfoParser.<init>:121 - Kafka startTimeMs: 1769200170928
04:29:31.098 [kafka-producer-network-thread | producer-1] [INFO ] org.apache.kafka.clients.Metadata.updateLatestMetadata:402 - [Producer clientId=producer-1] Resetting the last seen epoch of partition wallet.ledger.command.posting-0 to 0 since the associated topicId changed from null to E6o3j7sgQquc43g__iHz9Q
04:29:31.099 [kafka-producer-network-thread | producer-1] [INFO ] org.apache.kafka.clients.Metadata.updateLatestMetadata:402 - [Producer clientId=producer-1] Resetting the last seen epoch of partition wallet.ledger.command.posting-2 to 0 since the associated topicId changed from null to E6o3j7sgQquc43g__iHz9Q
04:29:31.099 [kafka-producer-network-thread | producer-1] [INFO ] org.apache.kafka.clients.Metadata.updateLatestMetadata:402 - [Producer clientId=producer-1] Resetting the last seen epoch of partition wallet.ledger.command.posting-1 to 0 since the associated topicId changed from null to E6o3j7sgQquc43g__iHz9Q
04:29:31.100 [kafka-producer-network-thread | producer-1] [INFO ] org.apache.kafka.clients.Metadata.update:287 - [Producer clientId=producer-1] Cluster ID: vYz95nbET_yr61V8-_c8_g
04:29:31.101 [kafka-producer-network-thread | producer-1] [INFO ] o.a.k.c.p.i.TransactionManager.setProducerIdAndEpoch:554 - [Producer clientId=producer-1] ProducerId set to 6006 with epoch 0
04:29:31.366 [main] [INFO ] c.e.a.w.p.AtomicTransactionProcessorTest.testAtomicSuccess:56 - error {
  message: "success"
  detail: "success"
}
transaction_id: "4768170835-1"
status: TransactionStatusPb_Pending

04:29:31.378 [SpringApplicationShutdownHook] [INFO ] n.d.b.g.s.s.GrpcServerLifecycle.stopAndReleaseGrpcServer:160 - Completed gRPC server shutdown
04:29:31.393 [SpringApplicationShutdownHook] [INFO ] o.a.k.clients.producer.KafkaProducer.close:1249 - [Producer clientId=producer-1] Closing the Kafka producer with timeoutMillis = 30000 ms.
04:29:31.397 [SpringApplicationShutdownHook] [INFO ] o.a.kafka.common.metrics.Metrics.close:659 - Metrics scheduler closed
04:29:31.397 [SpringApplicationShutdownHook] [INFO ] o.a.kafka.common.metrics.Metrics.close:663 - Closing reporter org.apache.kafka.common.metrics.JmxReporter
04:29:31.397 [SpringApplicationShutdownHook] [INFO ] o.a.kafka.common.metrics.Metrics.close:669 - Metrics reporters closed
04:29:31.397 [SpringApplicationShutdownHook] [INFO ] o.a.kafka.common.utils.AppInfoParser.unregisterAppInfo:83 - App info kafka.producer for producer-1 unregistered
04:29:31.398 [SpringApplicationShutdownHook] [INFO ] com.zaxxer.hikari.HikariDataSource.close:350 - HikariPool-1 - Shutdown initiated...
04:29:31.406 [SpringApplicationShutdownHook] [INFO ] com.zaxxer.hikari.HikariDataSource.close:352 - HikariPool-1 - Shutdown completed.
04:30:42.775 [main] [INFO ] c.e.a.w.p.AtomicTransactionProcessorTest.logStarting:55 - Starting AtomicTransactionProcessorTest using Java 11.0.29 on Sunsunsun with PID 28032 (started by Sun in D:\TestProgram\Java\JavaEE\z-exchange\wallet-service)
04:30:42.776 [main] [INFO ] c.e.a.w.p.AtomicTransactionProcessorTest.logStartupProfileInfo:631 - No active profile set, falling back to 1 default profile: "default"
04:30:43.318 [main] [INFO ] o.s.d.r.c.RepositoryConfigurationDelegate.multipleStoresDetected:262 - Multiple Spring Data modules found, entering strict repository configuration mode
04:30:43.319 [main] [INFO ] o.s.d.r.c.RepositoryConfigurationDelegate.registerRepositoriesIn:132 - Bootstrapping Spring Data Redis repositories in DEFAULT mode.
04:30:43.341 [main] [INFO ] o.s.d.r.c.RepositoryConfigurationDelegate.registerRepositoriesIn:201 - Finished Spring Data repository scanning in 9 ms. Found 0 Redis repository interfaces.
04:30:43.701 [main] [INFO ] n.d.b.g.c.a.GrpcClientAutoConfiguration.shadedNettyGrpcChannelFactory:152 - Detected grpc-netty-shaded: Creating ShadedNettyChannelFactory + InProcessChannelFactory
04:30:45.142 [main] [INFO ] n.d.b.g.s.a.GrpcServerFactoryAutoConfiguration.shadedNettyGrpcServerFactory:74 - Detected grpc-netty-shaded: Creating ShadedNettyGrpcServerFactory
04:30:45.936 [main] [INFO ] n.d.b.g.s.s.AbstractGrpcServerFactory.configureServices:108 - Registered gRPC service: wallet.WalletService, bean: walletServiceImpl, class: com.exchange.app.wallet.service.WalletServiceImpl
04:30:45.937 [main] [INFO ] n.d.b.g.s.s.AbstractGrpcServerFactory.configureServices:108 - Registered gRPC service: grpc.health.v1.Health, bean: grpcHealthService, class: io.grpc.protobuf.services.HealthServiceImpl
04:30:45.937 [main] [INFO ] n.d.b.g.s.s.AbstractGrpcServerFactory.configureServices:108 - Registered gRPC service: grpc.reflection.v1alpha.ServerReflection, bean: protoReflectionService, class: io.grpc.protobuf.services.ProtoReflectionService
04:30:46.350 [main] [INFO ] n.d.b.g.s.s.GrpcServerLifecycle.createAndStartGrpcServer:116 - gRPC Server started, listening on address: *, port: 9090
04:30:46.358 [main] [INFO ] c.e.a.w.p.AtomicTransactionProcessorTest.logStarted:61 - Started AtomicTransactionProcessorTest in 3.943 seconds (JVM running for 4.739)
04:30:46.551 [main] [INFO ] com.zaxxer.hikari.HikariDataSource.getConnection:110 - HikariPool-1 - Starting...
04:30:46.650 [main] [INFO ] com.zaxxer.hikari.HikariDataSource.getConnection:123 - HikariPool-1 - Start completed.
04:30:46.881 [main] [INFO ] o.a.k.c.producer.ProducerConfig.logAll:376 - ProducerConfig values: 
	acks = -1
	batch.size = 16384
	bootstrap.servers = [192.168.52.100:9092]
	buffer.memory = 33554432
	client.dns.lookup = use_all_dns_ips
	client.id = producer-1
	compression.type = lz4
	connections.max.idle.ms = 540000
	delivery.timeout.ms = 120000
	enable.idempotence = true
	interceptor.classes = []
	key.serializer = class org.apache.kafka.common.serialization.StringSerializer
	linger.ms = 0
	max.block.ms = 60000
	max.in.flight.requests.per.connection = 5
	max.request.size = 1048576
	metadata.max.age.ms = 300000
	metadata.max.idle.ms = 300000
	metric.reporters = []
	metrics.num.samples = 2
	metrics.recording.level = INFO
	metrics.sample.window.ms = 30000
	partitioner.class = class org.apache.kafka.clients.producer.internals.DefaultPartitioner
	receive.buffer.bytes = 32768
	reconnect.backoff.max.ms = 1000
	reconnect.backoff.ms = 50
	request.timeout.ms = 30000
	retries = 5
	retry.backoff.ms = 100
	sasl.client.callback.handler.class = null
	sasl.jaas.config = null
	sasl.kerberos.kinit.cmd = /usr/bin/kinit
	sasl.kerberos.min.time.before.relogin = 60000
	sasl.kerberos.service.name = null
	sasl.kerberos.ticket.renew.jitter = 0.05
	sasl.kerberos.ticket.renew.window.factor = 0.8
	sasl.login.callback.handler.class = null
	sasl.login.class = null
	sasl.login.connect.timeout.ms = null
	sasl.login.read.timeout.ms = null
	sasl.login.refresh.buffer.seconds = 300
	sasl.login.refresh.min.period.seconds = 60
	sasl.login.refresh.window.factor = 0.8
	sasl.login.refresh.window.jitter = 0.05
	sasl.login.retry.backoff.max.ms = 10000
	sasl.login.retry.backoff.ms = 100
	sasl.mechanism = GSSAPI
	sasl.oauthbearer.clock.skew.seconds = 30
	sasl.oauthbearer.expected.audience = null
	sasl.oauthbearer.expected.issuer = null
	sasl.oauthbearer.jwks.endpoint.refresh.ms = 3600000
	sasl.oauthbearer.jwks.endpoint.retry.backoff.max.ms = 10000
	sasl.oauthbearer.jwks.endpoint.retry.backoff.ms = 100
	sasl.oauthbearer.jwks.endpoint.url = null
	sasl.oauthbearer.scope.claim.name = scope
	sasl.oauthbearer.sub.claim.name = sub
	sasl.oauthbearer.token.endpoint.url = null
	security.protocol = PLAINTEXT
	security.providers = null
	send.buffer.bytes = 131072
	socket.connection.setup.timeout.max.ms = 30000
	socket.connection.setup.timeout.ms = 10000
	ssl.cipher.suites = null
	ssl.enabled.protocols = [TLSv1.2, TLSv1.3]
	ssl.endpoint.identification.algorithm = https
	ssl.engine.factory.class = null
	ssl.key.password = null
	ssl.keymanager.algorithm = SunX509
	ssl.keystore.certificate.chain = null
	ssl.keystore.key = null
	ssl.keystore.location = null
	ssl.keystore.password = null
	ssl.keystore.type = JKS
	ssl.protocol = TLSv1.3
	ssl.provider = null
	ssl.secure.random.implementation = null
	ssl.trustmanager.algorithm = PKIX
	ssl.truststore.certificates = null
	ssl.truststore.location = null
	ssl.truststore.password = null
	ssl.truststore.type = JKS
	transaction.timeout.ms = 60000
	transactional.id = null
	value.serializer = class org.apache.kafka.common.serialization.ByteArraySerializer

04:30:46.895 [main] [INFO ] o.a.k.clients.producer.KafkaProducer.configureTransactionState:572 - [Producer clientId=producer-1] Instantiated an idempotent producer.
04:30:46.916 [main] [INFO ] o.a.kafka.common.utils.AppInfoParser.<init>:119 - Kafka version: 3.1.2
04:30:46.917 [main] [INFO ] o.a.kafka.common.utils.AppInfoParser.<init>:120 - Kafka commitId: f8c67dc3ae0a3265
04:30:46.917 [main] [INFO ] o.a.kafka.common.utils.AppInfoParser.<init>:121 - Kafka startTimeMs: 1769200246915
04:30:47.071 [kafka-producer-network-thread | producer-1] [INFO ] org.apache.kafka.clients.Metadata.updateLatestMetadata:402 - [Producer clientId=producer-1] Resetting the last seen epoch of partition wallet.ledger.command.posting-0 to 0 since the associated topicId changed from null to E6o3j7sgQquc43g__iHz9Q
04:30:47.072 [kafka-producer-network-thread | producer-1] [INFO ] org.apache.kafka.clients.Metadata.updateLatestMetadata:402 - [Producer clientId=producer-1] Resetting the last seen epoch of partition wallet.ledger.command.posting-2 to 0 since the associated topicId changed from null to E6o3j7sgQquc43g__iHz9Q
04:30:47.072 [kafka-producer-network-thread | producer-1] [INFO ] org.apache.kafka.clients.Metadata.updateLatestMetadata:402 - [Producer clientId=producer-1] Resetting the last seen epoch of partition wallet.ledger.command.posting-1 to 0 since the associated topicId changed from null to E6o3j7sgQquc43g__iHz9Q
04:30:47.073 [kafka-producer-network-thread | producer-1] [INFO ] org.apache.kafka.clients.Metadata.update:287 - [Producer clientId=producer-1] Cluster ID: vYz95nbET_yr61V8-_c8_g
04:30:47.074 [kafka-producer-network-thread | producer-1] [INFO ] o.a.k.c.p.i.TransactionManager.setProducerIdAndEpoch:554 - [Producer clientId=producer-1] ProducerId set to 6007 with epoch 0
04:30:47.262 [main] [INFO ] c.e.a.w.p.AtomicTransactionProcessorTest.testAtomicSuccess:56 - error {
  message: "success"
  detail: "success"
}
transaction_id: "4768246803-1"
status: TransactionStatusPb_Pending

04:30:47.273 [SpringApplicationShutdownHook] [INFO ] n.d.b.g.s.s.GrpcServerLifecycle.stopAndReleaseGrpcServer:160 - Completed gRPC server shutdown
04:30:47.284 [SpringApplicationShutdownHook] [INFO ] o.a.k.clients.producer.KafkaProducer.close:1249 - [Producer clientId=producer-1] Closing the Kafka producer with timeoutMillis = 30000 ms.
04:30:47.290 [SpringApplicationShutdownHook] [INFO ] o.a.kafka.common.metrics.Metrics.close:659 - Metrics scheduler closed
04:30:47.290 [SpringApplicationShutdownHook] [INFO ] o.a.kafka.common.metrics.Metrics.close:663 - Closing reporter org.apache.kafka.common.metrics.JmxReporter
04:30:47.290 [SpringApplicationShutdownHook] [INFO ] o.a.kafka.common.metrics.Metrics.close:669 - Metrics reporters closed
04:30:47.291 [SpringApplicationShutdownHook] [INFO ] o.a.kafka.common.utils.AppInfoParser.unregisterAppInfo:83 - App info kafka.producer for producer-1 unregistered
04:30:47.293 [SpringApplicationShutdownHook] [INFO ] com.zaxxer.hikari.HikariDataSource.close:350 - HikariPool-1 - Shutdown initiated...
04:30:47.303 [SpringApplicationShutdownHook] [INFO ] com.zaxxer.hikari.HikariDataSource.close:352 - HikariPool-1 - Shutdown completed.
04:34:19.455 [main] [INFO ] c.e.a.w.p.AtomicTransactionProcessorTest.logStarting:55 - Starting AtomicTransactionProcessorTest using Java 11.0.29 on Sunsunsun with PID 2500 (started by Sun in D:\TestProgram\Java\JavaEE\z-exchange\wallet-service)
04:34:19.456 [main] [INFO ] c.e.a.w.p.AtomicTransactionProcessorTest.logStartupProfileInfo:631 - No active profile set, falling back to 1 default profile: "default"
04:34:19.953 [main] [INFO ] o.s.d.r.c.RepositoryConfigurationDelegate.multipleStoresDetected:262 - Multiple Spring Data modules found, entering strict repository configuration mode
04:34:19.955 [main] [INFO ] o.s.d.r.c.RepositoryConfigurationDelegate.registerRepositoriesIn:132 - Bootstrapping Spring Data Redis repositories in DEFAULT mode.
04:34:19.973 [main] [INFO ] o.s.d.r.c.RepositoryConfigurationDelegate.registerRepositoriesIn:201 - Finished Spring Data repository scanning in 10 ms. Found 0 Redis repository interfaces.
04:34:20.384 [main] [INFO ] n.d.b.g.c.a.GrpcClientAutoConfiguration.shadedNettyGrpcChannelFactory:152 - Detected grpc-netty-shaded: Creating ShadedNettyChannelFactory + InProcessChannelFactory
04:34:21.959 [main] [INFO ] n.d.b.g.s.a.GrpcServerFactoryAutoConfiguration.shadedNettyGrpcServerFactory:74 - Detected grpc-netty-shaded: Creating ShadedNettyGrpcServerFactory
04:34:22.736 [main] [INFO ] n.d.b.g.s.s.AbstractGrpcServerFactory.configureServices:108 - Registered gRPC service: wallet.WalletService, bean: walletServiceImpl, class: com.exchange.app.wallet.service.WalletServiceImpl
04:34:22.737 [main] [INFO ] n.d.b.g.s.s.AbstractGrpcServerFactory.configureServices:108 - Registered gRPC service: grpc.health.v1.Health, bean: grpcHealthService, class: io.grpc.protobuf.services.HealthServiceImpl
04:34:22.737 [main] [INFO ] n.d.b.g.s.s.AbstractGrpcServerFactory.configureServices:108 - Registered gRPC service: grpc.reflection.v1alpha.ServerReflection, bean: protoReflectionService, class: io.grpc.protobuf.services.ProtoReflectionService
04:34:23.153 [main] [INFO ] n.d.b.g.s.s.GrpcServerLifecycle.createAndStartGrpcServer:116 - gRPC Server started, listening on address: *, port: 9090
04:34:23.162 [main] [INFO ] c.e.a.w.p.AtomicTransactionProcessorTest.logStarted:61 - Started AtomicTransactionProcessorTest in 4.009 seconds (JVM running for 4.697)
04:34:23.367 [main] [INFO ] com.zaxxer.hikari.HikariDataSource.getConnection:110 - HikariPool-1 - Starting...
04:34:23.497 [main] [INFO ] com.zaxxer.hikari.HikariDataSource.getConnection:123 - HikariPool-1 - Start completed.
04:34:23.749 [main] [INFO ] o.a.k.c.producer.ProducerConfig.logAll:376 - ProducerConfig values: 
	acks = -1
	batch.size = 16384
	bootstrap.servers = [192.168.52.100:9092]
	buffer.memory = 33554432
	client.dns.lookup = use_all_dns_ips
	client.id = producer-1
	compression.type = lz4
	connections.max.idle.ms = 540000
	delivery.timeout.ms = 120000
	enable.idempotence = true
	interceptor.classes = []
	key.serializer = class org.apache.kafka.common.serialization.StringSerializer
	linger.ms = 0
	max.block.ms = 60000
	max.in.flight.requests.per.connection = 5
	max.request.size = 1048576
	metadata.max.age.ms = 300000
	metadata.max.idle.ms = 300000
	metric.reporters = []
	metrics.num.samples = 2
	metrics.recording.level = INFO
	metrics.sample.window.ms = 30000
	partitioner.class = class org.apache.kafka.clients.producer.internals.DefaultPartitioner
	receive.buffer.bytes = 32768
	reconnect.backoff.max.ms = 1000
	reconnect.backoff.ms = 50
	request.timeout.ms = 30000
	retries = 5
	retry.backoff.ms = 100
	sasl.client.callback.handler.class = null
	sasl.jaas.config = null
	sasl.kerberos.kinit.cmd = /usr/bin/kinit
	sasl.kerberos.min.time.before.relogin = 60000
	sasl.kerberos.service.name = null
	sasl.kerberos.ticket.renew.jitter = 0.05
	sasl.kerberos.ticket.renew.window.factor = 0.8
	sasl.login.callback.handler.class = null
	sasl.login.class = null
	sasl.login.connect.timeout.ms = null
	sasl.login.read.timeout.ms = null
	sasl.login.refresh.buffer.seconds = 300
	sasl.login.refresh.min.period.seconds = 60
	sasl.login.refresh.window.factor = 0.8
	sasl.login.refresh.window.jitter = 0.05
	sasl.login.retry.backoff.max.ms = 10000
	sasl.login.retry.backoff.ms = 100
	sasl.mechanism = GSSAPI
	sasl.oauthbearer.clock.skew.seconds = 30
	sasl.oauthbearer.expected.audience = null
	sasl.oauthbearer.expected.issuer = null
	sasl.oauthbearer.jwks.endpoint.refresh.ms = 3600000
	sasl.oauthbearer.jwks.endpoint.retry.backoff.max.ms = 10000
	sasl.oauthbearer.jwks.endpoint.retry.backoff.ms = 100
	sasl.oauthbearer.jwks.endpoint.url = null
	sasl.oauthbearer.scope.claim.name = scope
	sasl.oauthbearer.sub.claim.name = sub
	sasl.oauthbearer.token.endpoint.url = null
	security.protocol = PLAINTEXT
	security.providers = null
	send.buffer.bytes = 131072
	socket.connection.setup.timeout.max.ms = 30000
	socket.connection.setup.timeout.ms = 10000
	ssl.cipher.suites = null
	ssl.enabled.protocols = [TLSv1.2, TLSv1.3]
	ssl.endpoint.identification.algorithm = https
	ssl.engine.factory.class = null
	ssl.key.password = null
	ssl.keymanager.algorithm = SunX509
	ssl.keystore.certificate.chain = null
	ssl.keystore.key = null
	ssl.keystore.location = null
	ssl.keystore.password = null
	ssl.keystore.type = JKS
	ssl.protocol = TLSv1.3
	ssl.provider = null
	ssl.secure.random.implementation = null
	ssl.trustmanager.algorithm = PKIX
	ssl.truststore.certificates = null
	ssl.truststore.location = null
	ssl.truststore.password = null
	ssl.truststore.type = JKS
	transaction.timeout.ms = 60000
	transactional.id = null
	value.serializer = class org.apache.kafka.common.serialization.ByteArraySerializer

04:34:23.762 [main] [INFO ] o.a.k.clients.producer.KafkaProducer.configureTransactionState:572 - [Producer clientId=producer-1] Instantiated an idempotent producer.
04:34:23.782 [main] [INFO ] o.a.kafka.common.utils.AppInfoParser.<init>:119 - Kafka version: 3.1.2
04:34:23.782 [main] [INFO ] o.a.kafka.common.utils.AppInfoParser.<init>:120 - Kafka commitId: f8c67dc3ae0a3265
04:34:23.782 [main] [INFO ] o.a.kafka.common.utils.AppInfoParser.<init>:121 - Kafka startTimeMs: 1769200463781
04:34:23.969 [kafka-producer-network-thread | producer-1] [INFO ] org.apache.kafka.clients.Metadata.updateLatestMetadata:402 - [Producer clientId=producer-1] Resetting the last seen epoch of partition wallet.ledger.command.posting-0 to 0 since the associated topicId changed from null to E6o3j7sgQquc43g__iHz9Q
04:34:23.970 [kafka-producer-network-thread | producer-1] [INFO ] org.apache.kafka.clients.Metadata.updateLatestMetadata:402 - [Producer clientId=producer-1] Resetting the last seen epoch of partition wallet.ledger.command.posting-2 to 0 since the associated topicId changed from null to E6o3j7sgQquc43g__iHz9Q
04:34:23.971 [kafka-producer-network-thread | producer-1] [INFO ] org.apache.kafka.clients.Metadata.updateLatestMetadata:402 - [Producer clientId=producer-1] Resetting the last seen epoch of partition wallet.ledger.command.posting-1 to 0 since the associated topicId changed from null to E6o3j7sgQquc43g__iHz9Q
04:34:23.972 [kafka-producer-network-thread | producer-1] [INFO ] org.apache.kafka.clients.Metadata.update:287 - [Producer clientId=producer-1] Cluster ID: vYz95nbET_yr61V8-_c8_g
04:34:23.973 [kafka-producer-network-thread | producer-1] [INFO ] o.a.k.c.p.i.TransactionManager.setProducerIdAndEpoch:554 - [Producer clientId=producer-1] ProducerId set to 6009 with epoch 0
04:34:24.229 [main] [INFO ] c.e.a.w.p.AtomicTransactionProcessorTest.testAtomicSuccess:56 - error {
  message: "success"
  detail: "success"
}
transaction_id: "4768463693-1"
status: TransactionStatusPb_Pending

04:34:24.240 [SpringApplicationShutdownHook] [INFO ] n.d.b.g.s.s.GrpcServerLifecycle.stopAndReleaseGrpcServer:160 - Completed gRPC server shutdown
04:34:24.253 [SpringApplicationShutdownHook] [INFO ] o.a.k.clients.producer.KafkaProducer.close:1249 - [Producer clientId=producer-1] Closing the Kafka producer with timeoutMillis = 30000 ms.
04:34:24.258 [SpringApplicationShutdownHook] [INFO ] o.a.kafka.common.metrics.Metrics.close:659 - Metrics scheduler closed
04:34:24.258 [SpringApplicationShutdownHook] [INFO ] o.a.kafka.common.metrics.Metrics.close:663 - Closing reporter org.apache.kafka.common.metrics.JmxReporter
04:34:24.258 [SpringApplicationShutdownHook] [INFO ] o.a.kafka.common.metrics.Metrics.close:669 - Metrics reporters closed
04:34:24.259 [SpringApplicationShutdownHook] [INFO ] o.a.kafka.common.utils.AppInfoParser.unregisterAppInfo:83 - App info kafka.producer for producer-1 unregistered
04:34:24.261 [SpringApplicationShutdownHook] [INFO ] com.zaxxer.hikari.HikariDataSource.close:350 - HikariPool-1 - Shutdown initiated...
04:34:24.270 [SpringApplicationShutdownHook] [INFO ] com.zaxxer.hikari.HikariDataSource.close:352 - HikariPool-1 - Shutdown completed.
04:36:55.723 [main] [INFO ] c.e.a.w.p.AtomicTransactionProcessorTest.logStarting:55 - Starting AtomicTransactionProcessorTest using Java 11.0.29 on Sunsunsun with PID 8484 (started by Sun in D:\TestProgram\Java\JavaEE\z-exchange\wallet-service)
04:36:55.724 [main] [INFO ] c.e.a.w.p.AtomicTransactionProcessorTest.logStartupProfileInfo:631 - No active profile set, falling back to 1 default profile: "default"
04:36:56.263 [main] [INFO ] o.s.d.r.c.RepositoryConfigurationDelegate.multipleStoresDetected:262 - Multiple Spring Data modules found, entering strict repository configuration mode
04:36:56.265 [main] [INFO ] o.s.d.r.c.RepositoryConfigurationDelegate.registerRepositoriesIn:132 - Bootstrapping Spring Data Redis repositories in DEFAULT mode.
04:36:56.283 [main] [INFO ] o.s.d.r.c.RepositoryConfigurationDelegate.registerRepositoriesIn:201 - Finished Spring Data repository scanning in 10 ms. Found 0 Redis repository interfaces.
04:36:56.674 [main] [INFO ] n.d.b.g.c.a.GrpcClientAutoConfiguration.shadedNettyGrpcChannelFactory:152 - Detected grpc-netty-shaded: Creating ShadedNettyChannelFactory + InProcessChannelFactory
04:36:58.119 [main] [INFO ] n.d.b.g.s.a.GrpcServerFactoryAutoConfiguration.shadedNettyGrpcServerFactory:74 - Detected grpc-netty-shaded: Creating ShadedNettyGrpcServerFactory
04:36:59.015 [main] [INFO ] n.d.b.g.s.s.AbstractGrpcServerFactory.configureServices:108 - Registered gRPC service: wallet.WalletService, bean: walletServiceImpl, class: com.exchange.app.wallet.service.WalletServiceImpl
04:36:59.016 [main] [INFO ] n.d.b.g.s.s.AbstractGrpcServerFactory.configureServices:108 - Registered gRPC service: grpc.health.v1.Health, bean: grpcHealthService, class: io.grpc.protobuf.services.HealthServiceImpl
04:36:59.016 [main] [INFO ] n.d.b.g.s.s.AbstractGrpcServerFactory.configureServices:108 - Registered gRPC service: grpc.reflection.v1alpha.ServerReflection, bean: protoReflectionService, class: io.grpc.protobuf.services.ProtoReflectionService
04:36:59.431 [main] [INFO ] n.d.b.g.s.s.GrpcServerLifecycle.createAndStartGrpcServer:116 - gRPC Server started, listening on address: *, port: 9090
04:36:59.438 [main] [INFO ] c.e.a.w.p.AtomicTransactionProcessorTest.logStarted:61 - Started AtomicTransactionProcessorTest in 4.003 seconds (JVM running for 4.681)
04:36:59.652 [main] [INFO ] com.zaxxer.hikari.HikariDataSource.getConnection:110 - HikariPool-1 - Starting...
04:36:59.759 [main] [INFO ] com.zaxxer.hikari.HikariDataSource.getConnection:123 - HikariPool-1 - Start completed.
04:37:00.009 [main] [INFO ] o.a.k.c.producer.ProducerConfig.logAll:376 - ProducerConfig values: 
	acks = -1
	batch.size = 16384
	bootstrap.servers = [192.168.52.100:9092]
	buffer.memory = 33554432
	client.dns.lookup = use_all_dns_ips
	client.id = producer-1
	compression.type = lz4
	connections.max.idle.ms = 540000
	delivery.timeout.ms = 120000
	enable.idempotence = true
	interceptor.classes = []
	key.serializer = class org.apache.kafka.common.serialization.StringSerializer
	linger.ms = 0
	max.block.ms = 60000
	max.in.flight.requests.per.connection = 5
	max.request.size = 1048576
	metadata.max.age.ms = 300000
	metadata.max.idle.ms = 300000
	metric.reporters = []
	metrics.num.samples = 2
	metrics.recording.level = INFO
	metrics.sample.window.ms = 30000
	partitioner.class = class org.apache.kafka.clients.producer.internals.DefaultPartitioner
	receive.buffer.bytes = 32768
	reconnect.backoff.max.ms = 1000
	reconnect.backoff.ms = 50
	request.timeout.ms = 30000
	retries = 5
	retry.backoff.ms = 100
	sasl.client.callback.handler.class = null
	sasl.jaas.config = null
	sasl.kerberos.kinit.cmd = /usr/bin/kinit
	sasl.kerberos.min.time.before.relogin = 60000
	sasl.kerberos.service.name = null
	sasl.kerberos.ticket.renew.jitter = 0.05
	sasl.kerberos.ticket.renew.window.factor = 0.8
	sasl.login.callback.handler.class = null
	sasl.login.class = null
	sasl.login.connect.timeout.ms = null
	sasl.login.read.timeout.ms = null
	sasl.login.refresh.buffer.seconds = 300
	sasl.login.refresh.min.period.seconds = 60
	sasl.login.refresh.window.factor = 0.8
	sasl.login.refresh.window.jitter = 0.05
	sasl.login.retry.backoff.max.ms = 10000
	sasl.login.retry.backoff.ms = 100
	sasl.mechanism = GSSAPI
	sasl.oauthbearer.clock.skew.seconds = 30
	sasl.oauthbearer.expected.audience = null
	sasl.oauthbearer.expected.issuer = null
	sasl.oauthbearer.jwks.endpoint.refresh.ms = 3600000
	sasl.oauthbearer.jwks.endpoint.retry.backoff.max.ms = 10000
	sasl.oauthbearer.jwks.endpoint.retry.backoff.ms = 100
	sasl.oauthbearer.jwks.endpoint.url = null
	sasl.oauthbearer.scope.claim.name = scope
	sasl.oauthbearer.sub.claim.name = sub
	sasl.oauthbearer.token.endpoint.url = null
	security.protocol = PLAINTEXT
	security.providers = null
	send.buffer.bytes = 131072
	socket.connection.setup.timeout.max.ms = 30000
	socket.connection.setup.timeout.ms = 10000
	ssl.cipher.suites = null
	ssl.enabled.protocols = [TLSv1.2, TLSv1.3]
	ssl.endpoint.identification.algorithm = https
	ssl.engine.factory.class = null
	ssl.key.password = null
	ssl.keymanager.algorithm = SunX509
	ssl.keystore.certificate.chain = null
	ssl.keystore.key = null
	ssl.keystore.location = null
	ssl.keystore.password = null
	ssl.keystore.type = JKS
	ssl.protocol = TLSv1.3
	ssl.provider = null
	ssl.secure.random.implementation = null
	ssl.trustmanager.algorithm = PKIX
	ssl.truststore.certificates = null
	ssl.truststore.location = null
	ssl.truststore.password = null
	ssl.truststore.type = JKS
	transaction.timeout.ms = 60000
	transactional.id = null
	value.serializer = class org.apache.kafka.common.serialization.ByteArraySerializer

04:37:00.023 [main] [INFO ] o.a.k.clients.producer.KafkaProducer.configureTransactionState:572 - [Producer clientId=producer-1] Instantiated an idempotent producer.
04:37:00.050 [main] [INFO ] o.a.kafka.common.utils.AppInfoParser.<init>:119 - Kafka version: 3.1.2
04:37:00.050 [main] [INFO ] o.a.kafka.common.utils.AppInfoParser.<init>:120 - Kafka commitId: f8c67dc3ae0a3265
04:37:00.050 [main] [INFO ] o.a.kafka.common.utils.AppInfoParser.<init>:121 - Kafka startTimeMs: 1769200620048
04:37:00.218 [kafka-producer-network-thread | producer-1] [INFO ] org.apache.kafka.clients.Metadata.updateLatestMetadata:402 - [Producer clientId=producer-1] Resetting the last seen epoch of partition wallet.ledger.command.posting-0 to 0 since the associated topicId changed from null to E6o3j7sgQquc43g__iHz9Q
04:37:00.218 [kafka-producer-network-thread | producer-1] [INFO ] org.apache.kafka.clients.Metadata.updateLatestMetadata:402 - [Producer clientId=producer-1] Resetting the last seen epoch of partition wallet.ledger.command.posting-2 to 0 since the associated topicId changed from null to E6o3j7sgQquc43g__iHz9Q
04:37:00.219 [kafka-producer-network-thread | producer-1] [INFO ] org.apache.kafka.clients.Metadata.updateLatestMetadata:402 - [Producer clientId=producer-1] Resetting the last seen epoch of partition wallet.ledger.command.posting-1 to 0 since the associated topicId changed from null to E6o3j7sgQquc43g__iHz9Q
04:37:00.220 [kafka-producer-network-thread | producer-1] [INFO ] org.apache.kafka.clients.Metadata.update:287 - [Producer clientId=producer-1] Cluster ID: vYz95nbET_yr61V8-_c8_g
04:37:00.220 [kafka-producer-network-thread | producer-1] [INFO ] o.a.k.c.p.i.TransactionManager.setProducerIdAndEpoch:554 - [Producer clientId=producer-1] ProducerId set to 6011 with epoch 0
04:37:00.391 [main] [INFO ] c.e.a.w.p.AtomicTransactionProcessorTest.testAtomicSuccess:56 - error {
  message: "success"
  detail: "success"
}
transaction_id: "4768619920-1"
status: TransactionStatusPb_Pending

04:37:00.401 [SpringApplicationShutdownHook] [INFO ] n.d.b.g.s.s.GrpcServerLifecycle.stopAndReleaseGrpcServer:160 - Completed gRPC server shutdown
04:37:00.414 [SpringApplicationShutdownHook] [INFO ] o.a.k.clients.producer.KafkaProducer.close:1249 - [Producer clientId=producer-1] Closing the Kafka producer with timeoutMillis = 30000 ms.
04:37:00.421 [SpringApplicationShutdownHook] [INFO ] o.a.kafka.common.metrics.Metrics.close:659 - Metrics scheduler closed
04:37:00.422 [SpringApplicationShutdownHook] [INFO ] o.a.kafka.common.metrics.Metrics.close:663 - Closing reporter org.apache.kafka.common.metrics.JmxReporter
04:37:00.422 [SpringApplicationShutdownHook] [INFO ] o.a.kafka.common.metrics.Metrics.close:669 - Metrics reporters closed
04:37:00.422 [SpringApplicationShutdownHook] [INFO ] o.a.kafka.common.utils.AppInfoParser.unregisterAppInfo:83 - App info kafka.producer for producer-1 unregistered
04:37:00.423 [SpringApplicationShutdownHook] [INFO ] com.zaxxer.hikari.HikariDataSource.close:350 - HikariPool-1 - Shutdown initiated...
04:37:00.438 [SpringApplicationShutdownHook] [INFO ] com.zaxxer.hikari.HikariDataSource.close:352 - HikariPool-1 - Shutdown completed.
04:38:19.355 [main] [INFO ] c.e.a.w.p.AtomicTransactionProcessorTest.logStarting:55 - Starting AtomicTransactionProcessorTest using Java 11.0.29 on Sunsunsun with PID 20384 (started by Sun in D:\TestProgram\Java\JavaEE\z-exchange\wallet-service)
04:38:19.356 [main] [INFO ] c.e.a.w.p.AtomicTransactionProcessorTest.logStartupProfileInfo:631 - No active profile set, falling back to 1 default profile: "default"
04:38:19.907 [main] [INFO ] o.s.d.r.c.RepositoryConfigurationDelegate.multipleStoresDetected:262 - Multiple Spring Data modules found, entering strict repository configuration mode
04:38:19.909 [main] [INFO ] o.s.d.r.c.RepositoryConfigurationDelegate.registerRepositoriesIn:132 - Bootstrapping Spring Data Redis repositories in DEFAULT mode.
04:38:19.926 [main] [INFO ] o.s.d.r.c.RepositoryConfigurationDelegate.registerRepositoriesIn:201 - Finished Spring Data repository scanning in 10 ms. Found 0 Redis repository interfaces.
04:38:20.319 [main] [INFO ] n.d.b.g.c.a.GrpcClientAutoConfiguration.shadedNettyGrpcChannelFactory:152 - Detected grpc-netty-shaded: Creating ShadedNettyChannelFactory + InProcessChannelFactory
04:38:21.815 [main] [INFO ] n.d.b.g.s.a.GrpcServerFactoryAutoConfiguration.shadedNettyGrpcServerFactory:74 - Detected grpc-netty-shaded: Creating ShadedNettyGrpcServerFactory
04:38:22.730 [main] [INFO ] n.d.b.g.s.s.AbstractGrpcServerFactory.configureServices:108 - Registered gRPC service: wallet.WalletService, bean: walletServiceImpl, class: com.exchange.app.wallet.service.WalletServiceImpl
04:38:22.731 [main] [INFO ] n.d.b.g.s.s.AbstractGrpcServerFactory.configureServices:108 - Registered gRPC service: grpc.health.v1.Health, bean: grpcHealthService, class: io.grpc.protobuf.services.HealthServiceImpl
04:38:22.732 [main] [INFO ] n.d.b.g.s.s.AbstractGrpcServerFactory.configureServices:108 - Registered gRPC service: grpc.reflection.v1alpha.ServerReflection, bean: protoReflectionService, class: io.grpc.protobuf.services.ProtoReflectionService
04:38:23.163 [main] [INFO ] n.d.b.g.s.s.GrpcServerLifecycle.createAndStartGrpcServer:116 - gRPC Server started, listening on address: *, port: 9090
04:38:23.172 [main] [INFO ] c.e.a.w.p.AtomicTransactionProcessorTest.logStarted:61 - Started AtomicTransactionProcessorTest in 4.155 seconds (JVM running for 4.885)
04:38:23.364 [main] [INFO ] com.zaxxer.hikari.HikariDataSource.getConnection:110 - HikariPool-1 - Starting...
04:38:23.498 [main] [INFO ] com.zaxxer.hikari.HikariDataSource.getConnection:123 - HikariPool-1 - Start completed.
04:38:23.733 [main] [INFO ] o.a.k.c.producer.ProducerConfig.logAll:376 - ProducerConfig values: 
	acks = -1
	batch.size = 16384
	bootstrap.servers = [192.168.52.100:9092]
	buffer.memory = 33554432
	client.dns.lookup = use_all_dns_ips
	client.id = producer-1
	compression.type = lz4
	connections.max.idle.ms = 540000
	delivery.timeout.ms = 120000
	enable.idempotence = true
	interceptor.classes = []
	key.serializer = class org.apache.kafka.common.serialization.StringSerializer
	linger.ms = 0
	max.block.ms = 60000
	max.in.flight.requests.per.connection = 5
	max.request.size = 1048576
	metadata.max.age.ms = 300000
	metadata.max.idle.ms = 300000
	metric.reporters = []
	metrics.num.samples = 2
	metrics.recording.level = INFO
	metrics.sample.window.ms = 30000
	partitioner.class = class org.apache.kafka.clients.producer.internals.DefaultPartitioner
	receive.buffer.bytes = 32768
	reconnect.backoff.max.ms = 1000
	reconnect.backoff.ms = 50
	request.timeout.ms = 30000
	retries = 5
	retry.backoff.ms = 100
	sasl.client.callback.handler.class = null
	sasl.jaas.config = null
	sasl.kerberos.kinit.cmd = /usr/bin/kinit
	sasl.kerberos.min.time.before.relogin = 60000
	sasl.kerberos.service.name = null
	sasl.kerberos.ticket.renew.jitter = 0.05
	sasl.kerberos.ticket.renew.window.factor = 0.8
	sasl.login.callback.handler.class = null
	sasl.login.class = null
	sasl.login.connect.timeout.ms = null
	sasl.login.read.timeout.ms = null
	sasl.login.refresh.buffer.seconds = 300
	sasl.login.refresh.min.period.seconds = 60
	sasl.login.refresh.window.factor = 0.8
	sasl.login.refresh.window.jitter = 0.05
	sasl.login.retry.backoff.max.ms = 10000
	sasl.login.retry.backoff.ms = 100
	sasl.mechanism = GSSAPI
	sasl.oauthbearer.clock.skew.seconds = 30
	sasl.oauthbearer.expected.audience = null
	sasl.oauthbearer.expected.issuer = null
	sasl.oauthbearer.jwks.endpoint.refresh.ms = 3600000
	sasl.oauthbearer.jwks.endpoint.retry.backoff.max.ms = 10000
	sasl.oauthbearer.jwks.endpoint.retry.backoff.ms = 100
	sasl.oauthbearer.jwks.endpoint.url = null
	sasl.oauthbearer.scope.claim.name = scope
	sasl.oauthbearer.sub.claim.name = sub
	sasl.oauthbearer.token.endpoint.url = null
	security.protocol = PLAINTEXT
	security.providers = null
	send.buffer.bytes = 131072
	socket.connection.setup.timeout.max.ms = 30000
	socket.connection.setup.timeout.ms = 10000
	ssl.cipher.suites = null
	ssl.enabled.protocols = [TLSv1.2, TLSv1.3]
	ssl.endpoint.identification.algorithm = https
	ssl.engine.factory.class = null
	ssl.key.password = null
	ssl.keymanager.algorithm = SunX509
	ssl.keystore.certificate.chain = null
	ssl.keystore.key = null
	ssl.keystore.location = null
	ssl.keystore.password = null
	ssl.keystore.type = JKS
	ssl.protocol = TLSv1.3
	ssl.provider = null
	ssl.secure.random.implementation = null
	ssl.trustmanager.algorithm = PKIX
	ssl.truststore.certificates = null
	ssl.truststore.location = null
	ssl.truststore.password = null
	ssl.truststore.type = JKS
	transaction.timeout.ms = 60000
	transactional.id = null
	value.serializer = class org.apache.kafka.common.serialization.ByteArraySerializer

04:38:23.747 [main] [INFO ] o.a.k.clients.producer.KafkaProducer.configureTransactionState:572 - [Producer clientId=producer-1] Instantiated an idempotent producer.
04:38:23.772 [main] [INFO ] o.a.kafka.common.utils.AppInfoParser.<init>:119 - Kafka version: 3.1.2
04:38:23.773 [main] [INFO ] o.a.kafka.common.utils.AppInfoParser.<init>:120 - Kafka commitId: f8c67dc3ae0a3265
04:38:23.773 [main] [INFO ] o.a.kafka.common.utils.AppInfoParser.<init>:121 - Kafka startTimeMs: 1769200703771
04:38:23.933 [kafka-producer-network-thread | producer-1] [INFO ] org.apache.kafka.clients.Metadata.updateLatestMetadata:402 - [Producer clientId=producer-1] Resetting the last seen epoch of partition wallet.ledger.command.posting-0 to 0 since the associated topicId changed from null to E6o3j7sgQquc43g__iHz9Q
04:38:23.934 [kafka-producer-network-thread | producer-1] [INFO ] org.apache.kafka.clients.Metadata.updateLatestMetadata:402 - [Producer clientId=producer-1] Resetting the last seen epoch of partition wallet.ledger.command.posting-2 to 0 since the associated topicId changed from null to E6o3j7sgQquc43g__iHz9Q
04:38:23.934 [kafka-producer-network-thread | producer-1] [INFO ] org.apache.kafka.clients.Metadata.updateLatestMetadata:402 - [Producer clientId=producer-1] Resetting the last seen epoch of partition wallet.ledger.command.posting-1 to 0 since the associated topicId changed from null to E6o3j7sgQquc43g__iHz9Q
04:38:23.934 [kafka-producer-network-thread | producer-1] [INFO ] org.apache.kafka.clients.Metadata.update:287 - [Producer clientId=producer-1] Cluster ID: vYz95nbET_yr61V8-_c8_g
04:38:23.936 [kafka-producer-network-thread | producer-1] [INFO ] o.a.k.c.p.i.TransactionManager.setProducerIdAndEpoch:554 - [Producer clientId=producer-1] ProducerId set to 6012 with epoch 0
04:38:24.176 [main] [INFO ] c.e.a.w.p.AtomicTransactionProcessorTest.testAtomicSuccess:56 - error {
  message: "success"
  detail: "success"
}
transaction_id: "4768703678-1"
status: TransactionStatusPb_Pending

04:38:24.188 [SpringApplicationShutdownHook] [INFO ] n.d.b.g.s.s.GrpcServerLifecycle.stopAndReleaseGrpcServer:160 - Completed gRPC server shutdown
04:38:24.198 [SpringApplicationShutdownHook] [INFO ] o.a.k.clients.producer.KafkaProducer.close:1249 - [Producer clientId=producer-1] Closing the Kafka producer with timeoutMillis = 30000 ms.
04:38:24.203 [SpringApplicationShutdownHook] [INFO ] o.a.kafka.common.metrics.Metrics.close:659 - Metrics scheduler closed
04:38:24.204 [SpringApplicationShutdownHook] [INFO ] o.a.kafka.common.metrics.Metrics.close:663 - Closing reporter org.apache.kafka.common.metrics.JmxReporter
04:38:24.204 [SpringApplicationShutdownHook] [INFO ] o.a.kafka.common.metrics.Metrics.close:669 - Metrics reporters closed
04:38:24.204 [SpringApplicationShutdownHook] [INFO ] o.a.kafka.common.utils.AppInfoParser.unregisterAppInfo:83 - App info kafka.producer for producer-1 unregistered
04:38:24.206 [SpringApplicationShutdownHook] [INFO ] com.zaxxer.hikari.HikariDataSource.close:350 - HikariPool-1 - Shutdown initiated...
04:38:24.214 [SpringApplicationShutdownHook] [INFO ] com.zaxxer.hikari.HikariDataSource.close:352 - HikariPool-1 - Shutdown completed.
04:38:57.268 [main] [INFO ] c.e.a.w.p.AtomicTransactionProcessorTest.logStarting:55 - Starting AtomicTransactionProcessorTest using Java 11.0.29 on Sunsunsun with PID 7872 (started by Sun in D:\TestProgram\Java\JavaEE\z-exchange\wallet-service)
04:38:57.269 [main] [INFO ] c.e.a.w.p.AtomicTransactionProcessorTest.logStartupProfileInfo:631 - No active profile set, falling back to 1 default profile: "default"
04:38:57.787 [main] [INFO ] o.s.d.r.c.RepositoryConfigurationDelegate.multipleStoresDetected:262 - Multiple Spring Data modules found, entering strict repository configuration mode
04:38:57.788 [main] [INFO ] o.s.d.r.c.RepositoryConfigurationDelegate.registerRepositoriesIn:132 - Bootstrapping Spring Data Redis repositories in DEFAULT mode.
04:38:57.806 [main] [INFO ] o.s.d.r.c.RepositoryConfigurationDelegate.registerRepositoriesIn:201 - Finished Spring Data repository scanning in 10 ms. Found 0 Redis repository interfaces.
04:38:58.172 [main] [INFO ] n.d.b.g.c.a.GrpcClientAutoConfiguration.shadedNettyGrpcChannelFactory:152 - Detected grpc-netty-shaded: Creating ShadedNettyChannelFactory + InProcessChannelFactory
04:38:59.660 [main] [INFO ] n.d.b.g.s.a.GrpcServerFactoryAutoConfiguration.shadedNettyGrpcServerFactory:74 - Detected grpc-netty-shaded: Creating ShadedNettyGrpcServerFactory
04:39:00.471 [main] [INFO ] n.d.b.g.s.s.AbstractGrpcServerFactory.configureServices:108 - Registered gRPC service: wallet.WalletService, bean: walletServiceImpl, class: com.exchange.app.wallet.service.WalletServiceImpl
04:39:00.471 [main] [INFO ] n.d.b.g.s.s.AbstractGrpcServerFactory.configureServices:108 - Registered gRPC service: grpc.health.v1.Health, bean: grpcHealthService, class: io.grpc.protobuf.services.HealthServiceImpl
04:39:00.472 [main] [INFO ] n.d.b.g.s.s.AbstractGrpcServerFactory.configureServices:108 - Registered gRPC service: grpc.reflection.v1alpha.ServerReflection, bean: protoReflectionService, class: io.grpc.protobuf.services.ProtoReflectionService
04:39:00.903 [main] [INFO ] n.d.b.g.s.s.GrpcServerLifecycle.createAndStartGrpcServer:116 - gRPC Server started, listening on address: *, port: 9090
04:39:00.910 [main] [INFO ] c.e.a.w.p.AtomicTransactionProcessorTest.logStarted:61 - Started AtomicTransactionProcessorTest in 4.001 seconds (JVM running for 4.786)
04:39:01.125 [main] [INFO ] com.zaxxer.hikari.HikariDataSource.getConnection:110 - HikariPool-1 - Starting...
04:39:01.222 [main] [INFO ] com.zaxxer.hikari.HikariDataSource.getConnection:123 - HikariPool-1 - Start completed.
04:39:01.466 [main] [INFO ] o.a.k.c.producer.ProducerConfig.logAll:376 - ProducerConfig values: 
	acks = -1
	batch.size = 16384
	bootstrap.servers = [192.168.52.100:9092]
	buffer.memory = 33554432
	client.dns.lookup = use_all_dns_ips
	client.id = producer-1
	compression.type = lz4
	connections.max.idle.ms = 540000
	delivery.timeout.ms = 120000
	enable.idempotence = true
	interceptor.classes = []
	key.serializer = class org.apache.kafka.common.serialization.StringSerializer
	linger.ms = 0
	max.block.ms = 60000
	max.in.flight.requests.per.connection = 5
	max.request.size = 1048576
	metadata.max.age.ms = 300000
	metadata.max.idle.ms = 300000
	metric.reporters = []
	metrics.num.samples = 2
	metrics.recording.level = INFO
	metrics.sample.window.ms = 30000
	partitioner.class = class org.apache.kafka.clients.producer.internals.DefaultPartitioner
	receive.buffer.bytes = 32768
	reconnect.backoff.max.ms = 1000
	reconnect.backoff.ms = 50
	request.timeout.ms = 30000
	retries = 5
	retry.backoff.ms = 100
	sasl.client.callback.handler.class = null
	sasl.jaas.config = null
	sasl.kerberos.kinit.cmd = /usr/bin/kinit
	sasl.kerberos.min.time.before.relogin = 60000
	sasl.kerberos.service.name = null
	sasl.kerberos.ticket.renew.jitter = 0.05
	sasl.kerberos.ticket.renew.window.factor = 0.8
	sasl.login.callback.handler.class = null
	sasl.login.class = null
	sasl.login.connect.timeout.ms = null
	sasl.login.read.timeout.ms = null
	sasl.login.refresh.buffer.seconds = 300
	sasl.login.refresh.min.period.seconds = 60
	sasl.login.refresh.window.factor = 0.8
	sasl.login.refresh.window.jitter = 0.05
	sasl.login.retry.backoff.max.ms = 10000
	sasl.login.retry.backoff.ms = 100
	sasl.mechanism = GSSAPI
	sasl.oauthbearer.clock.skew.seconds = 30
	sasl.oauthbearer.expected.audience = null
	sasl.oauthbearer.expected.issuer = null
	sasl.oauthbearer.jwks.endpoint.refresh.ms = 3600000
	sasl.oauthbearer.jwks.endpoint.retry.backoff.max.ms = 10000
	sasl.oauthbearer.jwks.endpoint.retry.backoff.ms = 100
	sasl.oauthbearer.jwks.endpoint.url = null
	sasl.oauthbearer.scope.claim.name = scope
	sasl.oauthbearer.sub.claim.name = sub
	sasl.oauthbearer.token.endpoint.url = null
	security.protocol = PLAINTEXT
	security.providers = null
	send.buffer.bytes = 131072
	socket.connection.setup.timeout.max.ms = 30000
	socket.connection.setup.timeout.ms = 10000
	ssl.cipher.suites = null
	ssl.enabled.protocols = [TLSv1.2, TLSv1.3]
	ssl.endpoint.identification.algorithm = https
	ssl.engine.factory.class = null
	ssl.key.password = null
	ssl.keymanager.algorithm = SunX509
	ssl.keystore.certificate.chain = null
	ssl.keystore.key = null
	ssl.keystore.location = null
	ssl.keystore.password = null
	ssl.keystore.type = JKS
	ssl.protocol = TLSv1.3
	ssl.provider = null
	ssl.secure.random.implementation = null
	ssl.trustmanager.algorithm = PKIX
	ssl.truststore.certificates = null
	ssl.truststore.location = null
	ssl.truststore.password = null
	ssl.truststore.type = JKS
	transaction.timeout.ms = 60000
	transactional.id = null
	value.serializer = class org.apache.kafka.common.serialization.ByteArraySerializer

04:39:01.478 [main] [INFO ] o.a.k.clients.producer.KafkaProducer.configureTransactionState:572 - [Producer clientId=producer-1] Instantiated an idempotent producer.
04:39:01.500 [main] [INFO ] o.a.kafka.common.utils.AppInfoParser.<init>:119 - Kafka version: 3.1.2
04:39:01.500 [main] [INFO ] o.a.kafka.common.utils.AppInfoParser.<init>:120 - Kafka commitId: f8c67dc3ae0a3265
04:39:01.500 [main] [INFO ] o.a.kafka.common.utils.AppInfoParser.<init>:121 - Kafka startTimeMs: 1769200741499
04:39:01.660 [kafka-producer-network-thread | producer-1] [INFO ] org.apache.kafka.clients.Metadata.updateLatestMetadata:402 - [Producer clientId=producer-1] Resetting the last seen epoch of partition wallet.ledger.command.posting-0 to 0 since the associated topicId changed from null to E6o3j7sgQquc43g__iHz9Q
04:39:01.661 [kafka-producer-network-thread | producer-1] [INFO ] org.apache.kafka.clients.Metadata.updateLatestMetadata:402 - [Producer clientId=producer-1] Resetting the last seen epoch of partition wallet.ledger.command.posting-2 to 0 since the associated topicId changed from null to E6o3j7sgQquc43g__iHz9Q
04:39:01.661 [kafka-producer-network-thread | producer-1] [INFO ] org.apache.kafka.clients.Metadata.updateLatestMetadata:402 - [Producer clientId=producer-1] Resetting the last seen epoch of partition wallet.ledger.command.posting-1 to 0 since the associated topicId changed from null to E6o3j7sgQquc43g__iHz9Q
04:39:01.662 [kafka-producer-network-thread | producer-1] [INFO ] org.apache.kafka.clients.Metadata.update:287 - [Producer clientId=producer-1] Cluster ID: vYz95nbET_yr61V8-_c8_g
04:39:01.663 [kafka-producer-network-thread | producer-1] [INFO ] o.a.k.c.p.i.TransactionManager.setProducerIdAndEpoch:554 - [Producer clientId=producer-1] ProducerId set to 6014 with epoch 0
04:39:01.904 [main] [INFO ] c.e.a.w.p.AtomicTransactionProcessorTest.testAtomicSuccess:56 - error {
  message: "success"
  detail: "success"
}
transaction_id: "4768741406-1"
status: TransactionStatusPb_Pending

04:39:01.920 [SpringApplicationShutdownHook] [INFO ] n.d.b.g.s.s.GrpcServerLifecycle.stopAndReleaseGrpcServer:160 - Completed gRPC server shutdown
04:39:01.949 [SpringApplicationShutdownHook] [INFO ] o.a.k.clients.producer.KafkaProducer.close:1249 - [Producer clientId=producer-1] Closing the Kafka producer with timeoutMillis = 30000 ms.
04:39:01.953 [SpringApplicationShutdownHook] [INFO ] o.a.kafka.common.metrics.Metrics.close:659 - Metrics scheduler closed
04:39:01.953 [SpringApplicationShutdownHook] [INFO ] o.a.kafka.common.metrics.Metrics.close:663 - Closing reporter org.apache.kafka.common.metrics.JmxReporter
04:39:01.954 [SpringApplicationShutdownHook] [INFO ] o.a.kafka.common.metrics.Metrics.close:669 - Metrics reporters closed
04:39:01.955 [SpringApplicationShutdownHook] [INFO ] o.a.kafka.common.utils.AppInfoParser.unregisterAppInfo:83 - App info kafka.producer for producer-1 unregistered
04:39:01.958 [SpringApplicationShutdownHook] [INFO ] com.zaxxer.hikari.HikariDataSource.close:350 - HikariPool-1 - Shutdown initiated...
04:39:01.966 [SpringApplicationShutdownHook] [INFO ] com.zaxxer.hikari.HikariDataSource.close:352 - HikariPool-1 - Shutdown completed.
04:41:14.607 [main] [INFO ] c.e.a.w.p.AtomicTransactionProcessorTest.logStarting:55 - Starting AtomicTransactionProcessorTest using Java 11.0.29 on Sunsunsun with PID 24628 (started by Sun in D:\TestProgram\Java\JavaEE\z-exchange\wallet-service)
04:41:14.608 [main] [INFO ] c.e.a.w.p.AtomicTransactionProcessorTest.logStartupProfileInfo:631 - No active profile set, falling back to 1 default profile: "default"
04:41:15.147 [main] [INFO ] o.s.d.r.c.RepositoryConfigurationDelegate.multipleStoresDetected:262 - Multiple Spring Data modules found, entering strict repository configuration mode
04:41:15.150 [main] [INFO ] o.s.d.r.c.RepositoryConfigurationDelegate.registerRepositoriesIn:132 - Bootstrapping Spring Data Redis repositories in DEFAULT mode.
04:41:15.168 [main] [INFO ] o.s.d.r.c.RepositoryConfigurationDelegate.registerRepositoriesIn:201 - Finished Spring Data repository scanning in 10 ms. Found 0 Redis repository interfaces.
04:41:15.572 [main] [INFO ] n.d.b.g.c.a.GrpcClientAutoConfiguration.shadedNettyGrpcChannelFactory:152 - Detected grpc-netty-shaded: Creating ShadedNettyChannelFactory + InProcessChannelFactory
04:41:17.136 [main] [INFO ] n.d.b.g.s.a.GrpcServerFactoryAutoConfiguration.shadedNettyGrpcServerFactory:74 - Detected grpc-netty-shaded: Creating ShadedNettyGrpcServerFactory
04:41:17.945 [main] [INFO ] n.d.b.g.s.s.AbstractGrpcServerFactory.configureServices:108 - Registered gRPC service: wallet.WalletService, bean: walletServiceImpl, class: com.exchange.app.wallet.service.WalletServiceImpl
04:41:17.945 [main] [INFO ] n.d.b.g.s.s.AbstractGrpcServerFactory.configureServices:108 - Registered gRPC service: grpc.health.v1.Health, bean: grpcHealthService, class: io.grpc.protobuf.services.HealthServiceImpl
04:41:17.946 [main] [INFO ] n.d.b.g.s.s.AbstractGrpcServerFactory.configureServices:108 - Registered gRPC service: grpc.reflection.v1alpha.ServerReflection, bean: protoReflectionService, class: io.grpc.protobuf.services.ProtoReflectionService
04:41:18.403 [main] [INFO ] n.d.b.g.s.s.GrpcServerLifecycle.createAndStartGrpcServer:116 - gRPC Server started, listening on address: *, port: 9090
04:41:18.411 [main] [INFO ] c.e.a.w.p.AtomicTransactionProcessorTest.logStarted:61 - Started AtomicTransactionProcessorTest in 4.157 seconds (JVM running for 4.905)
04:41:18.629 [main] [INFO ] com.zaxxer.hikari.HikariDataSource.getConnection:110 - HikariPool-1 - Starting...
04:41:18.764 [main] [INFO ] com.zaxxer.hikari.HikariDataSource.getConnection:123 - HikariPool-1 - Start completed.
04:41:18.987 [main] [INFO ] o.a.k.c.producer.ProducerConfig.logAll:376 - ProducerConfig values: 
	acks = -1
	batch.size = 16384
	bootstrap.servers = [192.168.52.100:9092]
	buffer.memory = 33554432
	client.dns.lookup = use_all_dns_ips
	client.id = producer-1
	compression.type = lz4
	connections.max.idle.ms = 540000
	delivery.timeout.ms = 120000
	enable.idempotence = true
	interceptor.classes = []
	key.serializer = class org.apache.kafka.common.serialization.StringSerializer
	linger.ms = 0
	max.block.ms = 60000
	max.in.flight.requests.per.connection = 5
	max.request.size = 1048576
	metadata.max.age.ms = 300000
	metadata.max.idle.ms = 300000
	metric.reporters = []
	metrics.num.samples = 2
	metrics.recording.level = INFO
	metrics.sample.window.ms = 30000
	partitioner.class = class org.apache.kafka.clients.producer.internals.DefaultPartitioner
	receive.buffer.bytes = 32768
	reconnect.backoff.max.ms = 1000
	reconnect.backoff.ms = 50
	request.timeout.ms = 30000
	retries = 5
	retry.backoff.ms = 100
	sasl.client.callback.handler.class = null
	sasl.jaas.config = null
	sasl.kerberos.kinit.cmd = /usr/bin/kinit
	sasl.kerberos.min.time.before.relogin = 60000
	sasl.kerberos.service.name = null
	sasl.kerberos.ticket.renew.jitter = 0.05
	sasl.kerberos.ticket.renew.window.factor = 0.8
	sasl.login.callback.handler.class = null
	sasl.login.class = null
	sasl.login.connect.timeout.ms = null
	sasl.login.read.timeout.ms = null
	sasl.login.refresh.buffer.seconds = 300
	sasl.login.refresh.min.period.seconds = 60
	sasl.login.refresh.window.factor = 0.8
	sasl.login.refresh.window.jitter = 0.05
	sasl.login.retry.backoff.max.ms = 10000
	sasl.login.retry.backoff.ms = 100
	sasl.mechanism = GSSAPI
	sasl.oauthbearer.clock.skew.seconds = 30
	sasl.oauthbearer.expected.audience = null
	sasl.oauthbearer.expected.issuer = null
	sasl.oauthbearer.jwks.endpoint.refresh.ms = 3600000
	sasl.oauthbearer.jwks.endpoint.retry.backoff.max.ms = 10000
	sasl.oauthbearer.jwks.endpoint.retry.backoff.ms = 100
	sasl.oauthbearer.jwks.endpoint.url = null
	sasl.oauthbearer.scope.claim.name = scope
	sasl.oauthbearer.sub.claim.name = sub
	sasl.oauthbearer.token.endpoint.url = null
	security.protocol = PLAINTEXT
	security.providers = null
	send.buffer.bytes = 131072
	socket.connection.setup.timeout.max.ms = 30000
	socket.connection.setup.timeout.ms = 10000
	ssl.cipher.suites = null
	ssl.enabled.protocols = [TLSv1.2, TLSv1.3]
	ssl.endpoint.identification.algorithm = https
	ssl.engine.factory.class = null
	ssl.key.password = null
	ssl.keymanager.algorithm = SunX509
	ssl.keystore.certificate.chain = null
	ssl.keystore.key = null
	ssl.keystore.location = null
	ssl.keystore.password = null
	ssl.keystore.type = JKS
	ssl.protocol = TLSv1.3
	ssl.provider = null
	ssl.secure.random.implementation = null
	ssl.trustmanager.algorithm = PKIX
	ssl.truststore.certificates = null
	ssl.truststore.location = null
	ssl.truststore.password = null
	ssl.truststore.type = JKS
	transaction.timeout.ms = 60000
	transactional.id = null
	value.serializer = class org.apache.kafka.common.serialization.ByteArraySerializer

04:41:19.001 [main] [INFO ] o.a.k.clients.producer.KafkaProducer.configureTransactionState:572 - [Producer clientId=producer-1] Instantiated an idempotent producer.
04:41:19.026 [main] [INFO ] o.a.kafka.common.utils.AppInfoParser.<init>:119 - Kafka version: 3.1.2
04:41:19.026 [main] [INFO ] o.a.kafka.common.utils.AppInfoParser.<init>:120 - Kafka commitId: f8c67dc3ae0a3265
04:41:19.026 [main] [INFO ] o.a.kafka.common.utils.AppInfoParser.<init>:121 - Kafka startTimeMs: 1769200879025
04:41:19.193 [kafka-producer-network-thread | producer-1] [INFO ] org.apache.kafka.clients.Metadata.updateLatestMetadata:402 - [Producer clientId=producer-1] Resetting the last seen epoch of partition wallet.ledger.command.posting-0 to 0 since the associated topicId changed from null to E6o3j7sgQquc43g__iHz9Q
04:41:19.195 [kafka-producer-network-thread | producer-1] [INFO ] org.apache.kafka.clients.Metadata.updateLatestMetadata:402 - [Producer clientId=producer-1] Resetting the last seen epoch of partition wallet.ledger.command.posting-2 to 0 since the associated topicId changed from null to E6o3j7sgQquc43g__iHz9Q
04:41:19.195 [kafka-producer-network-thread | producer-1] [INFO ] org.apache.kafka.clients.Metadata.updateLatestMetadata:402 - [Producer clientId=producer-1] Resetting the last seen epoch of partition wallet.ledger.command.posting-1 to 0 since the associated topicId changed from null to E6o3j7sgQquc43g__iHz9Q
04:41:19.196 [kafka-producer-network-thread | producer-1] [INFO ] org.apache.kafka.clients.Metadata.update:287 - [Producer clientId=producer-1] Cluster ID: vYz95nbET_yr61V8-_c8_g
04:41:19.197 [kafka-producer-network-thread | producer-1] [INFO ] o.a.k.c.p.i.TransactionManager.setProducerIdAndEpoch:554 - [Producer clientId=producer-1] ProducerId set to 6015 with epoch 0
04:41:19.515 [main] [INFO ] c.e.a.w.p.AtomicTransactionProcessorTest.testAtomicSuccess:56 - error {
  message: "success"
  detail: "success"
}
transaction_id: "4768878923-1"
status: TransactionStatusPb_Pending

04:41:19.526 [SpringApplicationShutdownHook] [INFO ] n.d.b.g.s.s.GrpcServerLifecycle.stopAndReleaseGrpcServer:160 - Completed gRPC server shutdown
04:41:19.563 [SpringApplicationShutdownHook] [INFO ] o.a.k.clients.producer.KafkaProducer.close:1249 - [Producer clientId=producer-1] Closing the Kafka producer with timeoutMillis = 30000 ms.
04:41:19.570 [SpringApplicationShutdownHook] [INFO ] o.a.kafka.common.metrics.Metrics.close:659 - Metrics scheduler closed
04:41:19.570 [SpringApplicationShutdownHook] [INFO ] o.a.kafka.common.metrics.Metrics.close:663 - Closing reporter org.apache.kafka.common.metrics.JmxReporter
04:41:19.570 [SpringApplicationShutdownHook] [INFO ] o.a.kafka.common.metrics.Metrics.close:669 - Metrics reporters closed
04:41:19.570 [SpringApplicationShutdownHook] [INFO ] o.a.kafka.common.utils.AppInfoParser.unregisterAppInfo:83 - App info kafka.producer for producer-1 unregistered
04:41:19.575 [SpringApplicationShutdownHook] [INFO ] com.zaxxer.hikari.HikariDataSource.close:350 - HikariPool-1 - Shutdown initiated...
04:41:19.583 [SpringApplicationShutdownHook] [INFO ] com.zaxxer.hikari.HikariDataSource.close:352 - HikariPool-1 - Shutdown completed.
